year,oil_gas_extraction,mining_except_oil_gas,support_mining,utilities,construction,wood_products,nonmetallic_mineral,primary_metals,fabricated_metal,machinery,computer_electronic,electrical_equipment,motor_vehicles,other_transport_equipment,furniture,misc_manufacturing,food_beverage_tobacco,textiles,apparel_leather,paper,printing,petroleum_coal,chemicals,plastics_rubber,wholesale,retail,air_transport,rail_transport,water_transport,truck_transport,transit_ground,pipeline,other_transport_support,warehousing,information,credit_intermediation,securities,insurance,funds_trusts,real_estate,rental_leasing,legal,computer_systems,misc_professional,management_companies,admin_support,waste_remediation,education,ambulatory_health,hospitals_nursing,social_assistance,performing_arts_museums,amusement_recreation,accommodation,food_services,other_services
1997,174570,121494,29595,425403,1396453,113564,139056,251111,361048,379833,143167,151256,483965,225644,89971,143423,861201,113342,106335,235257,117690,437629,755821,240599,1022646,1093187,213895,68726,38540,256057,43986,43027,151819,32017,671184,651561,303904,471102,99112,1975999,204422,325637,106236,797735,333497,451412,70182,205337,562121,624662,105002,107083,106599,192787,536349,602676
1998,170041,123819,29851,446715,1487785,120014,146443,260450,373361,388473,169513,156448,508551,265398,95901,149577,881007,111721,95665,235674,119000,432031,762630,249248,1078409,1144440,217042,67838,37361,269245,47544,44501,171069,34387,745983,712147,366147,496023,112441,2034716,239566,342334,133746,842683,358710,501698,77752,214270,577230,648533,109348,113740,105142,197979,555128,642126
1999,166026,120529,24579,534223,1547448,123765,149057,258137,375758,382261,203955,160355,570006,257026,98035,146918,857846,113009,91767,238585,120359,443491,773978,262228,1148549,1213349,215341,68806,35626,279837,47236,44956,185262,36509,843864,809984,460921,512296,126407,2104185,258024,355064,160132,876507,371208,533146,82421,220823,589487,659307,117776,115310,108900,206509,570138,653950
2000,172691,122223,30771,588092,1611198,122471,150038,245775,389231,405014,256321,169711,543384,224439,103521,162993,869998,110709,90523,231739,122026,441487,772843,265839,1204270,1246483,203569,68802,35065,287103,45495,41747,194374,39014,931147,856035,596531,544581,146067,2204168,274174,356107,177417,934021,376423,563053,81472,231450,612295,672609,126847,120092,109149,225493,598318,667851
2001,179238,121042,44245,641393,1621833,115052,144187,225114,363250,361143,245050,150122,519927,245228,98479,149029,864480,99622,70488,220107,119200,445178,754756,250570,1200245,1231874,166181,68423,33478,280414,45483,39638,194942,41053,957368,852353,531651,556755,131579,2272285,273581,364187,173113,950583,380591,545774,79440,245878,646374,694161,138728,126754,108349,208721,604720,669467
2002,168063,115376,37436,488177,1601746,119013,144098,229598,353973,335171,219516,138075,547749,235382,100925,157850,853624,99019,61270,221338,117592,460555,797779,255561,1253481,1309002,153820,68090,31099,281875,45329,38156,199107,44307,968847,891052,482201,568834,113194,2348518,259635,369008,172071,954250,378737,531511,77505,256573,685836,732947,144319,135817,105319,211386,621037,673047
2003,168327,115993,43440,463451,1655965,118241,145273,221400,348125,337581,237666,134627,561669,224758,99543,162144,864613,94831,53714,214826,111779,436115,795337,254379,1304499,1379648,164952,68722,33248,282073,43820,37743,201907,49875,971174,882345,507173,602121,104138,2444608,275060,395551,174975,962641,396836,553685,80544,262186,718768,757224,149578,141056,111595,213664,638851,672948
2004,162333,119962,59033,450735,1723407,121660,148978,242835,346850,350631,258581,136005,575261,223319,101691,162140,865319,94954,46634,215158,111568,474278,833084,257083,1379384,1451439,177188,73047,38348,300394,49608,37285,211892,54337,1009191,888767,538666,643304,116014,2619206,280733,391568,182448,1003867,409175,581036,85053,265017,751474,776185,150559,141058,119258,225125,656968,678491
2005,161230,126953,79171,478675,1767874,130872,153958,243384,363032,379163,276123,138116,592824,251640,105427,176032,896791,95899,47586,214649,110464,501438,848080,259660,1450920,1472623,180031,75013,40321,315451,52881,35569,217368,57870,1066587,923731,572690,688482,122271,2831244,295530,390628,198500,1053045,433814,621683,89919,266969,774122,807245,154402,142012,121938,232237,668364,668085
2006,162455,134420,105948,461446,1727573,132362,158408,239956,383404,398039,305473,138444,595182,253187,104936,180985,903577,86334,45873,212175,108049,496756,865133,258007,1505143,1501879,183573,77965,44740,324098,57663,35105,228859,66309,1118622,917870,647299,715499,131285,2849882,300227,391213,208773,1085180,442827,644308,96190,281003,793253,831498,158500,149554,131130,236521,683284,677173
2007,164537,129615,111480,485209,1634978,122547,158532,247826,399409,413590,340659,142626,576545,305505,101964,180904,908304,76532,34433,214354,109435,510452,925405,252812,1560782,1494694,189724,78450,50666,325207,60232,35488,233264,70831,1158508,907756,685405,774218,148727,2868486,301570,387928,233055,1137901,466146,676075,96779,300935,806217,850343,165346,156447,137979,232464,683742,671048
2008,174377,128003,122321,523219,1512985,105738,138313,250090,387171,404844,348078,136959,466749,303535,88354,187157,897791,64905,30279,204481,103119,489251,835651,227733,1578774,1402421,185170,79419,50541,310829,57545,40746,219364,75878,1192769,903429,626337,801590,152676,2829694,313349,378500,253496,1171739,456729,676601,96108,315445,830935,882186,174652,157370,135079,230531,666901,665412
2009,189574,114331,84727,464238,1312457,82731,106811,184847,303351,318546,302220,109942,372963,275563,66651,176176,905026,52700,27208,184725,87565,488470,740763,193443,1309614,1312235,171122,66864,49089,264722,54505,35992,195190,77136,1172544,1046280,643514,711379,137641,2774474,267939,361935,254381,1107167,416619,621579,88585,328403,843192,917096,182205,156740,128781,214261,638623,615486
2010,196889,112722,93906,514941,1214844,85316,110197,227494,318054,354901,321293,113715,468678,273680,63946,172296,900365,55242,25797,187502,87112,477360,796386,209204,1526770,1408977,179504,77535,49870,282841,52408,38077,198582,88145,1229657,953839,625667,719130,141272,2874820,283819,357458,283933,1124841,434707,655056,95051,344318,857700,939049,189684,155613,128836,217826,651392,618640
2011,216593,119585,106229,495312,1184532,86581,110864,244344,339613,401111,330643,119847,529864,278338,62734,170747,885744,54003,26995,187941,86192,490576,784521,211872,1672513,1422977,199473,81886,50825,295926,54505,40858,201776,99019,1285977,948825,588016,779194,144929,2907971,295840,358977,307645,1169418,455376,691287,93375,350609,877078,962676,187321,157267,129997,228342,676867,619548
2012,240306,114382,131209,491230,1217843,92490,114256,243488,351539,430044,329746,122531,538069,307676,70201,162784,893359,52762,20324,191273,84870,494332,796174,222455,1764280,1454486,191279,81847,52941,306515,55519,41754,203919,112856,1337818,1006217,601271,844943,139560,2981201,305723,359001,331884,1197818,484188,719981,92279,344868,902996,998241,189258,163217,130975,240032,696283,635880
2013,255993,110587,130936,496014,1277884,96376,118343,252092,357131,416014,331961,123507,573296,316320,71162,172599,910582,54189,19945,191920,84713,513308,825797,225753,1834543,1521992,198242,82838,53586,313509,59488,42075,207696,115907,1394385,1025079,594592,875371,161303,3081085,322852,348204,346698,1205687,493946,741169,94395,347396,899329,1010442,190935,167758,134517,247543,709478,634321
2014,279017,114735,166234,502092,1349508,97313,122969,252056,364469,422929,333041,127220,611605,329293,72062,166998,907609,54973,19162,190467,83571,498039,812892,230658,1921361,1586727,206232,87720,56140,336107,66265,44804,218060,116549,1476449,1045867,583210,935904,163660,3131126,342126,345100,375379,1262322,525095,801697,99802,350137,927102,1017440,198120,176799,137693,260037,737258,664470
2015,266983,110729,135804,497896,1466846,103562,125236,238471,356473,388325,337661,127752,637486,330448,76494,168845,940444,52842,18482,189305,83000,494240,804940,235945,1956421,1679278,217307,84136,53489,342599,69301,47171,227914,116024,1562604,1043677,572432,976774,177950,3211283,338841,347817,390350,1293400,542466,839158,101595,354488,977717,1059437,205293,182930,141960,269950,776744,677074
2016,249321,102496,74611,490168,1559946,106600,128010,225778,348506,361563,346512,124857,632559,304847,77083,159424,964596,51806,18673,186311,86615,521880,809824,235943,1965951,1766656,224321,78309,53138,345224,69106,46247,233951,121427,1678188,1043265,554464,981646,160730,3276993,346042,346608,427009,1328583,541431,889707,108052,358466,1025811,1081288,214597,186745,146628,275147,795188,695979
2017,253994,101852,106929,474119,1577966,108455,127320,222887,346279,378267,354303,124254,597171,335565,76282,158849,953120,49704,15711,185299,83928,538793,782650,237762,2053877,1846943,236301,79569,54977,367154,78301,48072,238706,123834,1763303,1057917,549317,1043139,157361,3298665,348724,354713,476031,1373298,568623,939580,115616,357469,1072340,1090058,224460,198999,153499,282916,817531,708881
2018,299083,102428,134822,496398,1601320,113508,127121,232126,357287,381724,369364,122887,628439,347726,74958,165038,952853,49247,16879,182518,82382,550889,786501,244983,2115534,1914597,246913,82073,56400,377992,94242,54177,247600,125211,1887052,1032580,550943,1065952,141392,3361801,372598,349424,531003,1439903,601484,1004458,118243,361026,1098065,1109315,230828,208891,157304,287069,840822,724405
2019,328053,100887,134790,492851,1613811,109300,128114,222702,353474,372576,371416,123144,636358,318461,70794,161049,960395,47669,17265,183505,78195,550776,786539,240828,2095919,1934459,256196,78132,56169,375959,107656,55874,247569,130196,1968534,1014298,569579,1096943,136247,3450765,391118,348792,552495,1534333,636976,1051756,119263,366082,1137324,1139613,236379,217484,162008,288017,862533,736489
2020,302940,92073,78593,481127,1641183,116060,124138,201796,323502,330433,368867,118312,563407,270742,65874,149529,971176,43853,17167,177349,70875,430238,760167,226653,1988559,1927598,134079,67939,38694,380657,73211,51757,269590,132856,2033344,1052699,584260,1111608,139804,3459650,390298,336374,586144,1545923,651215,978110,115572,329781,1068683,1100877,233599,157927,125255,183702,706233,672728
2021,332063,96361,85529,490916,1668152,119667,127635,210915,326088,350034,381437,122187,632082,263438,66033,163161,962357,45278,18352,177145,71524,463395,771712,237539,2202829,2082061,202055,73219,37016,402174,85266,52840,287056,143956,2273534,1062942,616351,1164023,147079,3726254,480526,356870,667175,1721406,654325,1055586,122477,337813,1164996,1151615,245539,194116,159870,232043,866560,714769
2022,361750,98786,98948,507294,1611174,120151,131415,220589,325978,349380,388258,126621,641558,276070,65584,155431,969978,40268,16281,169660,70722,462941,741944,226179,2257283,2078196,254262,76630,50878,398432,113675,51973,289681,141719,2429169,982950,645518,1236334,143311,3821558,511054,359813,747287,1853305,676802,1160585,124559,358626,1237146,1185395,253255,243631,175861,276667,938281,764687
2023,391223,99171,112271,502200,1675094,123145,126459,214882,314878,340773,394921,133820,688756,312231,62559,149491,948484,38793,18603,161879,66318,461893,785724,214376,2146336,2153398,271271,72692,53323,393982,137472,51638,282274,135521,2516793,989681,715749,1257055,140833,3864835,505726,356632,776798,1888894,693581,1135006,123470,374557,1332549,1219873,262184,249108,183843,300499,978029,771406
2024,402341,94052,104965,514034,1762253,124609,122212,218861,311620,325604,387696,135393,675649,315744,61930,147821,947458,38285,19823,163165,64785,456456,838787,215211,2140844,2286121,287096,71396,57029,396699,169567,52093,265301,135015,2636896,973356,741843,1302522,157701,3918797,512063,359260,807790,1947603,698441,1103770,125935,394991,1426140,1280823,267792,258674,189082,297903,989889,782926
2025,414610,95403,107930,524227,1730475,122887,120236,213193,305791,322556,397525,136534,669048,368464,60952,145299,933981,37932,21548,158673,63476,447585,859540,215162,2181305,2291635,289669,70072,58330,394355,188903,54109,261126,137523,2826105,964463,775292,1334347,176626,4011519,525964,367727,883499,2007726,700540,1097541,124217,402426,1499324,1329943,275307,265363,190837,296661,1009053,766312
