quarter,oil_gas_extraction,mining_except_oil_gas,support_mining,utilities,construction,wood_products,nonmetallic_mineral,primary_metals,fabricated_metal,machinery,computer_electronic,electrical_equipment,motor_vehicles,other_transport_equipment,furniture,misc_manufacturing,food_beverage_tobacco,textiles,apparel_leather,paper,printing,petroleum_coal,chemicals,plastics_rubber,wholesale,retail,air_transport,rail_transport,water_transport,truck_transport,transit_ground,pipeline,other_transport_support,warehousing,information,credit_intermediation,securities,insurance,funds_trusts,real_estate,rental_leasing,legal,computer_systems,misc_professional,management_companies,admin_support,waste_remediation,education,ambulatory_health,hospitals_nursing,social_assistance,performing_arts_museums,amusement_recreation,accommodation,food_services,other_services
2005Q1,123100,200533.333333,207533.333333,554566.666667,6739666.66667,549733.333333,487566.666667,468000,1507800,1154833.33333,1313400,438966.666667,1775333.33333,663875.333333,568566.666667,644900,1639844.66667,401000,301431.333333,488100,647433.333333,108833.333333,874733.333333,797366.666667,5616733.33333,14941533.3333,504266.666667,191433.333333,55766.6666667,1352466.66667,408266.666667,37800,577633.333333,578900,3051333.33333,2859666.66667,780309.666667,2332066.66667,829333.333333,1417466.66667,661433.333333,1149967.33333,1170532,4658654,1770566.66667,7373700,328600,2882100,5062666.66667,7104333.33333,2477033.33333,450000,1219133.33333,1732866.66667,8791100,5350333.33333
2005Q2,125166.666667,214966.666667,220266.666667,554200,7354000,559566.666667,510600,467233.333333,1521700,1166900,1316066.66667,435433.333333,1787366.66667,672683.333333,567266.666667,647200,1654082,400600,301130.333333,485766.666667,649200,113766.666667,876433.333333,803166.666667,5706433.33333,15156200,507800,193700,61033.3333333,1395966.66667,404300,37700,590033.333333,586633.333333,3068333.33333,2879366.66667,787390.666667,2331033.33333,828033.333333,1452500,677400,1169128,1186281.66667,4653245.66667,1797300,7838100,335933.333333,2826966.66667,5124900,7152233.33333,2528600,511933.333333,1473733.33333,1837100,9221700,5423333.33333
2005Q3,126933.333333,218966.666667,227866.666667,556366.666667,7667000,567866.666667,514700,463933.333333,1526300,1166200,1318966.66667,430966.666667,1751600,670970.666667,565466.666667,649100,1706465.66667,391200,295629.333333,484666.666667,645733.333333,115133.333333,872266.666667,803500,5740633.33333,15269033.3333,502133.333333,193266.666667,63066.6666667,1422000,356233.333333,38133.3333333,604233.333333,604900,3066666.66667,2903233.33333,802778,2336033.33333,834800,1490200,684833.333333,1178553.66667,1202878.33333,4672588,1810566.66667,8049733.33333,347066.666667,2612200,5171166.66667,7205066.66667,2512633.33333,535633.333333,1586966.66667,1927266.66667,9300666.66667,5428666.66667
2005Q4,127500,216766.666667,239133.333333,550700,7584666.66667,566933.333333,508333.333333,465000,1532200,1174133.33333,1311366.66667,428766.666667,1774733.33333,679635.333333,563966.666667,647766.666667,1678045.66667,383300,288582.333333,478300,642900,110733.333333,865066.666667,805133.333333,5759100,15643933.3333,488866.666667,192133.333333,62366.6666667,1421333.33333,416600,37666.6666667,594566.666667,625133.333333,3057000,2916500,804676.333333,2356366.66667,844766.666667,1483100,667133.333333,1175491.33333,1227843.66667,4776544.66667,1808433.33333,8086633.33333,338833.333333,3021933.33333,5216133.33333,7219100,2587533.33333,490400,1301433.33333,1777233.33333,9104233.33333,5377000
2006Q1,129033.333333,209466.666667,244566.666667,547033.333333,7245666.66667,563666.666667,496100,464333.333333,1533800,1173966.66667,1301433.33333,431766.666667,1770100,685398.333333,561600,642100,1637854,375466.666667,278547.333333,474700,634366.666667,107666.666667,863933.333333,799366.666667,5753866.66667,15121533.3333,482966.666667,189100,60300,1392566.66667,417100,38166.6666667,595000,624833.333333,3041000,2929266.66667,803072,2372200,853600,1473833.33333,656033.333333,1160861.33333,1243360.66667,4897032.66667,1823500,7648300,338366.666667,2963133.33333,5240933.33333,7217666.66667,2619200,466266.666667,1241866.66667,1748433.33333,9026866.66667,5381333.33333
2006Q2,133933.333333,223000,261400,549100,7760333.33333,570766.666667,514833.333333,466733.333333,1551400,1183766.66667,1310666.66667,435000,1790733.33333,688900.666667,567266.666667,642833.333333,1647936.66667,367133.333333,279458.333333,471766.666667,636066.666667,113466.666667,865633.333333,797000,5845800,15218966.6667,486333.333333,192166.666667,62900,1431866.66667,416966.666667,38566.6666667,610100,631833.333333,3046666.66667,2951400,814573,2380300,862666.666667,1505466.66667,679366.666667,1175716.66667,1267913.33333,4911094,1850733.33333,8089400,349566.666667,2894666.66667,5294933.33333,7264066.66667,2658200,541033.333333,1475133.33333,1831600,9440900,5464333.33333
2006Q3,137000,226966.666667,272966.666667,550733.333333,8003333.33333,567033.333333,518333.333333,465166.666667,1564233.33333,1188033.33333,1307633.33333,434200,1758233.33333,694304.666667,558233.333333,642066.666667,1698347,357100,274321,470266.666667,632900,117633.333333,869933.333333,785500,5876633.33333,15265766.6667,490300,193300,64833.3333333,1462733.33333,367233.333333,39100,617433.333333,647500,3033666.66667,2951833.33333,831503.666667,2384100,873933.333333,1519400,687166.666667,1179278,1283832.33333,4930956,1870266.66667,8255166.66667,354200,2665066.66667,5333800,7315633.33333,2623533.33333,562333.333333,1586766.66667,1940533.33333,9535400,5465666.66667
2006Q4,137933.333333,221500,280833.333333,547000,7755333.33333,540833.333333,509233.333333,459700,1562966.66667,1186866.66667,1294000,429700,1756700,699107,545900,647766.666667,1677024,347100,269078,465200,634166.666667,114200,864133.333333,760166.666667,5891400,15693033.3333,488300,194966.666667,62900,1457533.33333,424600,39066.6666667,612166.666667,665700,3030000,2951700,838047,2379633.33333,885300,1497133.33333,671500,1178029,1307156.33333,5036167.66667,1870033.33333,8227533.33333,350466.666667,3080833.33333,5396333.33333,7343700,2704633.33333,519466.666667,1321233.33333,1807966.66667,9392633.33333,5441333.33333
2007Q1,140766.666667,211433.333333,282833.333333,546633.333333,7273666.66667,521700,492066.666667,459600,1556500,1185733.33333,1281066.66667,427933.333333,1727366.66667,706064.333333,535033.333333,642333.333333,1637653.33333,337433.333333,252033,462466.666667,626133.333333,111066.666667,861533.333333,760033.333333,5869500,15240466.6667,483733.333333,197100,61366.6666667,1424166.66667,427100,39866.6666667,608800,656566.666667,3019000,2944300,837141.333333,2373266.66667,888133.333333,1475366.66667,660200,1162992.33333,1329206,5085625.66667,1873900,7781233.33333,346933.333333,2989866.66667,5416466.66667,7355400,2739566.66667,490633.333333,1276733.33333,1781000,9278066.66667,5429000
2007Q2,144366.666667,226433.333333,291766.666667,554133.333333,7725666.66667,523700,507533.333333,458500,1563133.33333,1188833.33333,1268833.33333,429300,1726600,712871.666667,536800,642233.333333,1652292,331533.333333,251743.333333,459300,623933.333333,116333.333333,861866.666667,761333.333333,5956733.33333,15398500,489800,198500,64866.6666667,1446400,425000,39700,622966.666667,660300,3044333.33333,2912100,849911.666667,2387333.33333,894766.666667,1505466.66667,673433.333333,1177281.66667,1355401.66667,5066773.33333,1903933.33333,8139733.33333,355666.666667,2930066.66667,5481233.33333,7417933.33333,2797733.33333,554133.333333,1506033.33333,1873766.66667,9699866.66667,5529666.66667
2007Q3,148400,231300,300000,557100,7909000,522733.333333,508300,454100,1565766.66667,1188133.33333,1262666.66667,430766.666667,1697466.66667,716872.333333,528433.333333,639133.333333,1709408.33333,322033.333333,247047.333333,457366.666667,619733.333333,116766.666667,864666.666667,756400,5981633.33333,15461533.3333,496233.333333,198500,69233.3333333,1454266.66667,384433.333333,39933.3333333,632333.333333,671800,3033000,2875033.33333,868064.333333,2401833.33333,905300,1523800,680733.333333,1180935.33333,1378413.66667,5064004.33333,1930866.66667,8211700,360500,2715600,5531200,7483966.66667,2769600,563866.666667,1610433.33333,1968900,9781533.33333,5530333.33333
2007Q4,151166.666667,224200,302500,555200,7611000,500133.333333,494100,450900,1565766.66667,1185866.66667,1251166.66667,429433.333333,1696166.66667,722937,517333.333333,643000,1688443.66667,318433.333333,240805,453800,618433.333333,113900,855433.333333,750866.666667,5986033.33333,15858966.6667,497233.333333,196300,66566.6666667,1433700,441233.333333,40233.3333333,630433.333333,690533.333333,3030666.66667,2820266.66667,870214.333333,2404000,910100,1497000,660500,1176102.66667,1405437.66667,5158073.33333,1947700,8133766.66667,356800,3129833.33333,5589800,7510966.66667,2843933.33333,532533.333333,1342300,1844000,9602300,5488000
2008Q1,154200,213400,309733.333333,554333.333333,7027666.66667,477800,468266.666667,451000,1550900,1189200,1245166.66667,425766.666667,1667133.33333,731022.666667,500766.666667,634033.333333,1649932,310533.333333,234954.333333,449666.666667,606533.333333,112366.666667,852666.666667,743600,5909900,15290066.6667,501100,194366.666667,63700,1386333.33333,439233.333333,40400,619533.333333,675033.333333,3010333.33333,2794433.33333,867564.333333,2401066.66667,914433.333333,1466866.66667,647566.666667,1157451.66667,1422528.66667,5259941.33333,1944300,7585833.33333,351533.333333,3065666.66667,5601800,7530800,2867566.66667,499266.666667,1298666.66667,1809433.33333,9403266.66667,5481666.66667
2008Q2,157500,227500,319500,558300,7303000,469966.666667,474766.666667,448300,1539300,1194566.66667,1241200,428133.333333,1645566.66667,735134,490433.333333,629166.666667,1658995.66667,304066.666667,236256,449466.666667,600900,118533.333333,854266.666667,742600,5919100,15260100,498433.333333,195733.333333,67533.3333333,1403266.66667,443000,41433.3333333,635033.333333,677400,3013000,2772900,869647,2408800,921766.666667,1494466.66667,654300,1170619.66667,1442629.66667,5212151.66667,1958166.66667,7831333.33333,357866.666667,3025833.33333,5662433.33333,7591433.33333,2904266.66667,564966.666667,1510333.33333,1896400,9747133.33333,5564000
2008Q3,164666.666667,234766.666667,334266.666667,560966.666667,7396000,458700,470200,441200,1529866.66667,1193866.66667,1237266.66667,426533.333333,1587033.33333,731623.333333,475133.333333,627033.333333,1699843,294500,232695.333333,445333.333333,591233.333333,121466.666667,847366.666667,732500,5880833.33333,15187900,488500,195766.666667,70766.6666667,1403100,394466.666667,42566.6666667,641533.333333,677666.666667,2974666.66667,2748800,875284.333333,2410300,919566.666667,1506966.66667,657266.666667,1167525.66667,1454065.33333,5169853,1967333.33333,7804666.66667,361366.666667,2849300,5705766.66667,7645166.66667,2868633.33333,568400,1600433.33333,1968933.33333,9778433.33333,5551000
2008Q4,165433.333333,227766.666667,330100,561800,6921666.66667,424133.333333,446800,427333.333333,1489900,1172666.66667,1216400,416600,1532366.66667,714155,445466.666667,625333.333333,1672314,284533.333333,222117,435300,577533.333333,117400,834200,698833.333333,5789700,15266166.6667,474733.333333,195600,66266.6666667,1364866.66667,445033.333333,42500,627666.666667,677366.666667,2937000,2703833.33333,860905,2400100,909133.333333,1471733.33333,619366.666667,1157974.33333,1459809.33333,5193446.66667,1957333.33333,7498266.66667,356166.666667,3217933.33333,5744133.33333,7678066.66667,2952900,516433.333333,1321866.66667,1800133.33333,9461300,5464666.66667
2009Q1,163233.333333,209266.666667,306433.333333,561866.666667,6034666.66667,372233.333333,399666.666667,392400,1389000,1102033.33333,1175366.66667,395500,1410966.66667,708896.333333,407966.666667,595933.333333,1609736,262800,205703.333333,417533.333333,546733.333333,111600,817233.333333,649233.333333,5605800,14473866.6667,466566.666667,191900,63100,1277033.33333,441533.333333,41966.6666667,594766.666667,651233.333333,2862333.33333,2660266.66667,832355,2378000,883866.666667,1419733.33333,585266.666667,1130182.66667,1427446,5124771.66667,1941100,6731600,345433.333333,3161833.33333,5739866.66667,7678466.66667,2968366.66667,488700,1264233.33333,1713200,9190766.66667,5357666.66667
2009Q2,160466.666667,212266.666667,274333.333333,561166.666667,6116666.66667,362033.333333,400333.333333,358833.333333,1312133.33333,1029600,1131700,373733.333333,1341533.33333,684980.333333,388966.666667,588166.666667,1621664.33333,250200,200096,407500,526366.666667,117000,806900,625966.666667,5544000,14439900,461566.666667,185133.333333,63566.6666667,1265833.33333,442100,42133.3333333,587833.333333,639100,2817666.66667,2615500,813463.666667,2373866.66667,860966.666667,1416233.33333,581000,1132732.66667,1409936.33333,4932618,1921900,6839766.66667,350200,3087166.66667,5794433.33333,7705033.33333,3001500,546533.333333,1453333.33333,1771666.66667,9551300,5400333.33333
2009Q3,159100,210366.666667,261366.666667,560033.333333,6132333.33333,358133.333333,397733.333333,349333.333333,1278766.66667,999266.666667,1104766.66667,366866.666667,1318533.33333,667712,375633.333333,578300,1670454,244066.666667,192980,404233.333333,511366.666667,118966.666667,797333.333333,612966.666667,5491733.33333,14410533.3333,463566.666667,182066.666667,64466.6666667,1275466.66667,387633.333333,42866.6666667,585666.666667,637866.666667,2775000,2594633.33333,806622.666667,2365200,851733.333333,1429000,580333.333333,1125911,1401195.33333,4822637,1921666.66667,6893166.66667,357333.333333,2864166.66667,5837200,7751933.33333,2970566.66667,561033.333333,1560000,1856300,9578000,5396000
2009Q4,156500,200666.666667,258666.666667,557000,5782000,348233.333333,379466.666667,347833.333333,1266333.33333,983666.666667,1088533.33333,358200,1320533.33333,659566,364466.666667,575066.666667,1642966,243166.666667,189462,398633.333333,502733.333333,113733.333333,794933.333333,611466.666667,5442100,14628300,459600,179200,62633.3333333,1255900,441833.333333,43600,577633.333333,638633.333333,2760000,2574233.33333,802912.666667,2365400,851866.666667,1415700,548600,1120667,1413509.33333,4877431,1910233.33333,6962533.33333,353966.666667,3248233.33333,5890566.66667,7774266.66667,3047233.33333,508733.333333,1279333.33333,1710866.66667,9275333.33333,5313333.33333
2010Q1,155800,190600,265266.666667,553533.333333,5166000,333400,356200,350000,1249966.66667,974466.666667,1078866.66667,353633.333333,1316266.66667,651908.666667,354800,564166.666667,1591769.33333,236766.666667,183936.333333,394633.333333,490100,108700,787566.666667,611700,5337333.33333,14167066.6667,460933.333333,177600,59700,1205566.66667,438600,43100,562266.666667,624933.333333,2716333.33333,2566066.66667,792646.666667,2351233.33333,846400,1383300,531133.333333,1104337,1409956,4910710,1904800,6624500,343100,3192266.66667,5901233.33333,7757366.66667,3047633.33333,478333.333333,1225100,1663666.66667,9050200,5272666.66667
2010Q2,158100,204200,281833.333333,554066.666667,5559000,347900,376300,360333.333333,1270300,990166.666667,1077933.33333,357566.666667,1333500,650669,360600,565000,1611391.33333,239633.333333,187990,396066.666667,489533.333333,115566.666667,787000,626533.333333,5385333.33333,14321966.6667,460933.333333,180900,62566.6666667,1240166.66667,439733.333333,42033.3333333,580333.333333,632466.666667,2713666.66667,2561466.66667,797224.333333,2344066.66667,850500,1400266.66667,545700,1115780.33333,1434117.33333,4880009.33333,1927066.66667,7062833.33333,356133.333333,3148100,5954166.66667,7786866.66667,3059200,556333.333333,1450933.33333,1770933.33333,9479666.66667,5354333.33333
2010Q3,159833.333333,212366.666667,302433.333333,552333.333333,5771666.66667,348866.666667,380500,367700,1298833.33333,1003100,1082700,362766.666667,1337333.33333,650135.333333,360900,565700,1659608,238500,186765.333333,395266.666667,486966.666667,117033.333333,787033.333333,631666.666667,5404366.66667,14381266.6667,458066.666667,185566.666667,64066.6666667,1277966.66667,403433.333333,42166.6666667,593533.333333,639800,2703000,2570533.33333,805090,2334766.66667,853433.333333,1405633.33333,549166.666667,1117787.66667,1457636.66667,4858340,1947500,7221700,368500,2942800,5994800,7821133.33333,3002166.66667,585566.666667,1565033.33333,1880433.33333,9563033.33333,5361333.33333
2010Q4,161133.333333,210466.666667,316533.333333,551033.333333,5576666.66667,338333.333333,370500,371100,1307500,1016533.33333,1081500,364066.666667,1345200,647719.333333,352566.666667,572500,1639337.66667,237233.333333,184089.666667,392733.333333,483700,114266.666667,784533.333333,629233.333333,5419000,14747400,453100,188066.666667,62866.6666667,1279400,462933.333333,41966.6666667,584500,655000,2695666.66667,2581733.33333,806942,2332466.66667,851333.333333,1393400,526566.666667,1121029,1483810.33333,4938138,1955566.66667,7338300,361366.666667,3337233.33333,6051166.66667,7840733.33333,3063533.33333,515400,1276400,1723266.66667,9410266.66667,5333333.33333
2011Q1,163533.333333,201200,315666.666667,550700,5084333.33333,333033.333333,350600,376666.666667,1313600,1031700,1083433.33333,363700,1359433.33333,654142.333333,348566.666667,570433.333333,1604924.66667,235733.333333,179069.333333,389266.666667,473266.666667,106800,780300,629866.666667,5383266.66667,14317600,452100,188966.666667,61166.6666667,1252933.33333,453400,42400,583366.666667,641966.666667,2661000,2573000,804353.666667,2322066.66667,853733.333333,1372533.33333,511933.333333,1104659,1497830.33333,5006048,1955400,6986233.33333,354500,3287100,6049466.66667,7834800,3033700,485133.333333,1225900,1697166.66667,9249000,5281333.33333
2011Q2,170500,220300,339666.666667,553900,5549333.33333,339866.666667,371900,387366.666667,1342433.33333,1050233.33333,1087133.33333,365266.666667,1374966.66667,659277,354766.666667,573166.666667,1620827,240466.666667,181655.333333,388000,472700,113100,783566.666667,634600,5474766.66667,14543000,457033.333333,193033.333333,61633.3333333,1297900,457400,42900,602200,647733.333333,2684333.33333,2572166.66667,811102.333333,2328766.66667,858433.333333,1406666.66667,527466.666667,1114675,1526003,4986973.33333,1987233.33333,7389600,364066.666667,3233533.33333,6110700,7878733.33333,3049766.66667,545700,1464100,1812766.66667,9749200,5375666.66667
2011Q3,175233.333333,228000,363633.333333,554166.666667,5823333.33333,339733.333333,376533.333333,392066.666667,1364133.33333,1065033.33333,1091400,368766.666667,1381133.33333,666681.666667,359566.666667,576100,1676515.33333,239400,181149.666667,388100,472700,114000,787333.333333,639366.666667,5506400,14639966.6667,461333.333333,194866.666667,62033.3333333,1327000,411533.333333,42966.6666667,608933.333333,663500,2664333.33333,2571233.33333,824880.666667,2340100,865066.666667,1417800,539500,1117091,1557031.33333,4995297,2017033.33333,7506500,373700,3036666.66667,6163333.33333,7918133.33333,3003600,560966.666667,1581133.33333,1924833.33333,9827533.33333,5404000
2011Q4,178900,224166.666667,376066.666667,551366.666667,5675666.66667,335700,367533.333333,397000,1369033.33333,1076266.66667,1084333.33333,366733.333333,1410566.66667,669481,349300,574933.333333,1651227.33333,235200,179680.666667,384200,468100,113400,783100,636766.666667,5534200,15018800,457000,194766.666667,60466.6666667,1326066.66667,465266.666667,43200,606933.333333,678300,2685000,2573433.33333,820609.666667,2354733.33333,863200,1406200,527300,1117946.33333,1581667,5085044.66667,2039466.66667,7605800,368633.333333,3441100,6221233.33333,7927233.33333,3083466.66667,516000,1297466.66667,1767166.66667,9706633.33333,5380333.33333
2012Q1,181566.666667,214500,386266.666667,551166.666667,5256333.33333,330866.666667,354800,399266.666667,1385633.33333,1088400,1077666.66667,368933.333333,1431833.33333,674762.333333,346566.666667,574700,1613395,233100,177432.333333,379600,462133.333333,109200,781000,636233.333333,5515700,14566300,458066.666667,193766.666667,61633.3333333,1306133.33333,464266.666667,43633.3333333,601433.333333,668433.333333,2664000,2579000,811023.666667,2357600,860000,1387533.33333,516966.666667,1106613.66667,1580897,5143593.33333,2054100,7275633.33333,363600,3400666.66667,6223033.33333,7935133.33333,3121133.33333,496300,1270433.33333,1729733.33333,9595533.33333,5366000
2012Q2,186900,223533.333333,392600,554600,5654666.66667,339100,368166.666667,404066.666667,1411433.33333,1102466.66667,1075900,372666.666667,1456366.66667,675663.333333,352666.666667,580133.333333,1637102.66667,236533.333333,179134.333333,380400,464733.333333,112800,781933.333333,644333.333333,5603300,14708333.3333,462266.666667,196200,63000,1343433.33333,449033.333333,43533.3333333,619766.666667,680366.666667,2682666.66667,2587066.66667,811719,2371500,859666.666667,1422433.33333,539800,1120778.33333,1609634.33333,5132720.33333,2083000,7676166.66667,372800,3345733.33333,6287233.33333,7963566.66667,3147100,557500,1495566.66667,1841666.66667,10076533.3333,5448000
2012Q3,190600,223066.666667,395333.333333,553933.333333,5901333.33333,342400,371100,404766.666667,1423333.33333,1103433.33333,1068800,375400,1473400,684141.333333,355433.333333,583466.666667,1690329,235600,177523.333333,380266.666667,462133.333333,113433.333333,786000,651733.333333,5627666.66667,14740833.3333,462833.333333,194966.666667,66300,1377500,408700,43666.6666667,625133.333333,697766.666667,2680666.66667,2608266.66667,816288.666667,2371033.33333,859966.666667,1440900,549766.666667,1125767,1636914,5124834.66667,2111766.66667,7798966.66667,378333.333333,3131833.33333,6322000,7991400,3112933.33333,569800,1614966.66667,1936600,10178533.3333,5468000
2012Q4,190500,213266.666667,390533.333333,551133.333333,5770000,344066.666667,367200,399700,1418700,1099566.66667,1055866.66667,375666.666667,1482966.66667,685815.666667,351100,582233.333333,1663645.66667,234800,176894.333333,378933.333333,457866.666667,112800,784266.666667,648266.666667,5634066.66667,15188300,453533.333333,195266.666667,64766.6666667,1372233.33333,467800,43366.6666667,628433.333333,720900,2677333.33333,2628666.66667,813033.666667,2372900,857500,1429033.33333,534233.333333,1132401.66667,1662108.66667,5213451.33333,2128666.66667,7848800,372733.333333,3485966.66667,6393666.66667,8010366.66667,3204700,530300,1339466.66667,1792433.33333,10047833.3333,5438000
2013Q1,192766.666667,206166.666667,395133.333333,549366.666667,5413333.33333,342066.666667,358066.666667,396966.666667,1415900,1102000,1048166.66667,373033.333333,1497566.66667,689930.333333,352466.666667,577366.666667,1630474.66667,231300,172273.333333,378500,452533.333333,109166.666667,789466.666667,649666.666667,5599133.33333,14700433.3333,445966.666667,195266.666667,63166.6666667,1343300,465766.666667,43366.6666667,623600,701000,2676333.33333,2632833.33333,854296,2363966.66667,857300,1419666.66667,524500,1122488,1666575.33333,5276200.33333,2138866.66667,7506100,367800,3398400,6403966.66667,7989300,3218566.66667,512200,1301633.33333,1764466.66667,9932833.33333,5404666.66667
2013Q2,193200,212100,401933.333333,554233.333333,5863333.33333,351000,375033.333333,396766.666667,1431466.66667,1104100,1046000,373433.333333,1509733.33333,687627.666667,359566.666667,579600,1650480,231100,173423.666667,379166.666667,451666.666667,111066.666667,794300,659766.666667,5660266.66667,14881100,447900,196666.666667,65633.3333333,1381900,464866.666667,44100,634433.333333,702966.666667,2704333.33333,2639466.66667,859997.666667,2373433.33333,863533.333333,1458466.66667,547400,1135859,1689379.66667,5270308.66667,2170200,7936133.33333,378133.333333,3349733.33333,6458666.66667,8012766.66667,3255966.66667,581666.666667,1542300,1883400,10463966.6667,5497666.66667
2013Q3,194666.666667,212666.666667,417033.333333,553566.666667,6133000,358833.333333,382033.333333,393700,1438300,1105500,1045600,374200,1502300,687015,363700,581400,1703740.66667,231533.333333,173345.666667,378766.666667,450933.333333,112200,795200,664033.333333,5690266.66667,15045800,443966.666667,195200,67133.3333333,1405866.66667,408933.333333,44866.6666667,648900,718633.333333,2713666.66667,2639666.66667,872458.333333,2397433.33333,869000,1485566.66667,555066.666667,1136301.66667,1713671,5265209,2196900,8093966.66667,385833.333333,3146966.66667,6492000,8024633.33333,3205200,583333.333333,1657300,1979966.66667,10598000,5524666.66667
2013Q4,193400,207200,417633.333333,550233.333333,6012333.33333,360700,378266.666667,393900,1443433.33333,1106500,1034433.33333,375733.333333,1525666.66667,683190.666667,363900,583533.333333,1682257.33333,232233.333333,173028.333333,375600,452666.666667,109033.333333,792000,663233.333333,5691700,15520366.6667,439433.333333,195066.666667,65366.6666667,1399300,482733.333333,45466.6666667,646266.666667,741433.333333,2729333.33333,2616433.33333,873018,2420800,870166.666667,1471166.66667,538833.333333,1134665.33333,1733514,5345227,2208966.66667,8140000,378000,3522766.66667,6551466.66667,8033100,3278733.33333,560866.666667,1379533.33333,1831900,10442066.6667,5504666.66667
2014Q1,193666.666667,199766.666667,418500,548000,5655666.66667,359800,364866.666667,395433.333333,1436333.33333,1111933.33333,1024033.33333,375633.333333,1534066.66667,682455.333333,362800,578933.333333,1655440,228800,169522.333333,373233.333333,451666.666667,106800,795833.333333,667200,5669900,14996733.3333,438533.333333,194466.666667,64900,1366800,480566.666667,46366.6666667,646900,725233.333333,2705000,2588100,865705.333333,2432266.66667,871933.333333,1453566.66667,531233.333333,1113566.33333,1742122.66667,5398173.33333,2219200,7775433.33333,373700,3460766.66667,6538233.33333,7995000,3298533.33333,539933.333333,1343433.33333,1796433.33333,10288066.6667,5490666.66667
2014Q2,196100,209166.666667,428933.333333,551233.333333,6149666.66667,371566.666667,385600,397733.333333,1452433.33333,1126033.33333,1021566.66667,376600,1556000,682591.333333,369200,581966.666667,1682947,230800,169689.333333,374866.666667,454966.666667,111800,801333.333333,673933.333333,5748166.66667,15193633.3333,443733.333333,198233.333333,67800,1413266.66667,475866.666667,46933.3333333,669066.666667,740100,2720000,2575966.66667,874904.666667,2451266.66667,877666.666667,1487633.33333,562266.666667,1120581.33333,1772158.66667,5411462.66667,2249100,8173966.66667,386566.666667,3413333.33333,6599033.33333,8029200,3337966.66667,615833.333333,1584300,1914133.33333,10816066.6667,5595333.33333
2014Q3,199966.666667,212766.666667,445000,554200,6454666.66667,378633.333333,393966.666667,399733.333333,1459866.66667,1133600,1026266.66667,379400,1567400,683325.666667,375033.333333,581900,1733119.66667,233933.333333,167600.666667,373166.666667,454400,114866.666667,807066.666667,676000,5769466.66667,15305766.6667,446800,201633.333333,69633.3333333,1445366.66667,440033.333333,47266.6666667,677533.333333,763666.666667,2739333.33333,2584500,890506.666667,2477366.66667,889366.666667,1509666.66667,578166.666667,1120884.33333,1803662,5431176,2261733.33333,8340600,395900,3208833.33333,6650733.33333,8058733.33333,3330733.33333,619966.666667,1698400,2009333.33333,10912133.3333,5604000
2014Q4,200933.333333,206833.333333,442033.333333,552466.666667,6343333.33333,376400,391900,401800,1467966.66667,1137533.33333,1024700,379633.333333,1578700,680853.333333,374133.333333,584700,1708792.66667,234533.333333,166124,372066.666667,454000,112933.333333,807633.333333,680133.333333,5770433.33333,15757400,447866.666667,204566.666667,67033.3333333,1445466.66667,498266.666667,47533.3333333,676666.666667,790166.666667,2739000,2580066.66667,891938.333333,2502366.66667,892600,1497366.66667,563000,1123070.33333,1833552.33333,5521568.33333,2265733.33333,8421900,388100,3583600,6738133.33333,8097000,3415300,585033.333333,1425433.33333,1858266.66667,10776966.6667,5577666.66667
2015Q1,196900,196866.666667,417166.666667,552700,5988666.66667,372900,379333.333333,400633.333333,1463733.33333,1135666.66667,1023600,381433.333333,1587233.33333,692328,373033.333333,581500,1687862,231166.666667,164740.666667,370766.666667,448500,106933.333333,805100,680966.666667,5742166.66667,15274433.3333,447933.333333,207833.333333,65133.3333333,1417800,494566.666667,47800,670866.666667,787800,2720666.66667,2575466.66667,887081.666667,2514933.33333,895400,1483266.66667,551200,1107494.33333,1861988.66667,5561742.33333,2266933.33333,8028466.66667,384666.666667,3514833.33333,6747500,8105466.66667,3452766.66667,548966.666667,1380533.33333,1833600,10639233.3333,5554666.66667
2015Q2,193333.333333,201966.666667,376300,555900,6474666.66667,379366.666667,400366.666667,396266.666667,1468200,1127300,1027166.66667,383700,1602100,690409,379900,591533.333333,1715331.33333,233800,165582.666667,372400,450033.333333,113400,807933.333333,689500,5794300,15465866.6667,456500,208633.333333,66800,1451700,492066.666667,49566.6666667,696466.666667,810200,2748333.33333,2582700,897297.666667,2528800,901500,1514133.33333,572766.666667,1120180.33333,1894288,5559597,2286333.33333,8441166.66667,397700,3463866.66667,6831300,8153666.66667,3523666.66667,628666.666667,1636733.33333,1935766.66667,11159066.6667,5648000
2015Q3,194433.333333,200700,353866.666667,559133.333333,6725333.33333,386900,407133.333333,391900,1457566.66667,1117366.66667,1031333.33333,386100,1611366.66667,692912.666667,385266.666667,592700,1776173.33333,232866.666667,163661.666667,374200,448966.666667,116900,809300,693500,5799200,15543133.3333,464133.333333,203033.333333,67266.6666667,1478800,450800,50500,713166.666667,847400,2763000,2599200,912803.666667,2547100,914066.666667,1539000,590966.666667,1121205.66667,1926735.33333,5583755.33333,2306966.66667,8573033.33333,404466.666667,3251100,6881733.33333,8220400,3493366.66667,639100,1755600,2033233.33333,11293133.3333,5654333.33333
2015Q4,189033.333333,191433.333333,329200,556233.333333,6655666.66667,390900,405266.666667,387200,1441633.33333,1102966.66667,1020700,383533.333333,1618833.33333,687267.333333,385633.333333,593900,1754159,232800,162354,373233.333333,453400,114233.333333,806700,693433.333333,5786066.66667,15952066.6667,465666.666667,195433.333333,64133.3333333,1462400,502533.333333,50733.3333333,703666.666667,891700,2767000,2597333.33333,913752,2562433.33333,920400,1531966.66667,570200,1124582,1949027.33333,5675368.66667,2309966.66667,8664333.33333,399166.666667,3657900,6961533.33333,8267466.66667,3590633.33333,596500,1479633.33333,1889566.66667,11191733.3333,5629666.66667
2016Q1,184100,179033.333333,285766.666667,554433.333333,6303333.33333,385500,392466.666667,382100,1430033.33333,1091466.66667,1021933.33333,384266.666667,1622333.33333,688235,387233.333333,588633.333333,1742349.33333,230800,160610.333333,371666.666667,448733.333333,108433.333333,808533.333333,695866.666667,5743733.33333,15509633.3333,467466.666667,184066.666667,63033.3333333,1425766.66667,498866.666667,50333.3333333,691733.333333,889000,2754666.66667,2605600,908178,2561100,917933.333333,1517633.33333,560333.333333,1110477.66667,1943425.66667,5718172.33333,2307133.33333,8215633.33333,391600,3588466.66667,6964800,8265400,3610600,563200,1439266.66667,1860700,11063100,5612333.33333
2016Q2,173466.666667,181466.666667,258766.666667,555433.333333,6761666.66667,393000,409800,376033.333333,1426433.33333,1077533.33333,1022900,383300,1630366.66667,680222.666667,389033.333333,590166.666667,1774114.66667,231433.333333,159980.666667,372400,449100,112833.333333,811666.666667,704500,5792833.33333,15694833.3333,478433.333333,182533.333333,66933.3333333,1445766.66667,499333.333333,50000,708600,911100,2784333.33333,2622233.33333,913470,2580133.33333,924600,1549966.66667,588833.333333,1124133.66667,1967248.33333,5710166.33333,2325100,8595466.66667,404000,3568600,7048566.66667,8313400,3648833.33333,647633.333333,1699900,1969400,11564966.6667,5709000
2016Q3,165233.333333,181833.333333,258133.333333,558800,6985666.66667,396000,413200,371166.666667,1417566.66667,1072900,1019400,382700,1635500,678285.333333,391833.333333,592233.333333,1834658,230333.333333,156818,371233.333333,446666.666667,115133.333333,815133.333333,706833.333333,5804900,15775133.3333,483566.666667,184000,68200,1461566.66667,457300,49600,727133.333333,941600,2814000,2640233.33333,925943,2604033.33333,935533.333333,1582133.33333,604033.333333,1129614.66667,1993374.33333,5733169.33333,2351266.66667,8709833.33333,411500,3355966.66667,7109466.66667,8365166.66667,3638733.33333,671266.666667,1830033.33333,2081266.66667,11661966.6667,5733000
2016Q4,156233.333333,180833.333333,262133.333333,556766.666667,6861333.33333,396266.666667,409033.333333,368566.666667,1411933.33333,1064233.33333,1010400,381000,1632833.33333,671518.333333,391066.666667,592533.333333,1815557.33333,230133.333333,154822,367966.666667,445933.333333,113433.333333,812433.333333,702433.333333,5806133.33333,16129366.6667,480700,183933.333333,64133.3333333,1459166.66667,505233.333333,49200,721933.333333,984633.333333,2824333.33333,2645233.33333,921129.333333,2625566.66667,930233.333333,1577433.33333,574966.666667,1133063.33333,2005076.33333,5793850.33333,2357133.33333,8787500,408866.666667,3764933.33333,7197300,8390100,3723033.33333,613833.333333,1540933.33333,1929933.33333,11502166.6667,5708333.33333
2017Q1,146400,177433.333333,271100,554066.666667,6540000,393300,398500,368266.666667,1411666.66667,1067800,1003000,382566.666667,1633500,676919.333333,393900,589100,1807377,228200,150910,368433.333333,441266.666667,109633.333333,814600,708400,5770200,15649966.6667,483400,182866.666667,62466.6666667,1424700,505000,49033.3333333,714333.333333,976200,2797000,2654600,911756.333333,2638033.33333,927733.333333,1566533.33333,563800,1119876.66667,2010329.66667,5782292,2364800,8343166.66667,404633.333333,3706100,7193666.66667,8378466.66667,3752766.66667,585866.666667,1487000,1903300,11334066.6667,5686000
2017Q2,143666.666667,187033.333333,291200,555200,6995666.66667,397400,412566.666667,370566.666667,1421333.33333,1075466.66667,1004933.33333,384333.333333,1639800,675020,395733.333333,593366.666667,1839636.33333,228400,149516,367633.333333,440733.333333,115300,822800,714566.666667,5818666.66667,15706900,491766.666667,183466.666667,65833.3333333,1455166.66667,503333.333333,48633.3333333,736333.333333,997033.333333,2807000,2662366.66667,918462.666667,2653766.66667,934200,1598566.66667,586633.333333,1133657.33333,2038079,5791405.33333,2388400,8747733.33333,414000,3658566.66667,7264333.33333,8402133.33333,3816366.66667,692100,1749966.66667,2023900,11844166.6667,5792666.66667
2017Q3,143766.666667,190566.666667,307433.333333,557100,7220333.33333,398800,416400,372466.666667,1429666.66667,1084666.66667,1008133.33333,388233.333333,1639866.66667,675419.333333,395433.333333,595766.666667,1894255,229366.666667,146632,365500,440666.666667,117933.333333,827300,720866.666667,5831766.66667,15720033.3333,495566.666667,181400,67100,1474666.66667,458300,48500,750200,1034600,2821333.33333,2675600,932239.666667,2670066.66667,947833.333333,1625900,601400,1136083.66667,2059517.66667,5811249,2413333.33333,8873400,420933.333333,3458766.66667,7328200,8440766.66667,3788500,705500,1878233.33333,2118233.33333,11938166.6667,5809333.33333
2017Q4,141633.333333,188200,315733.333333,555133.333333,7119666.66667,398666.666667,411866.666667,373766.666667,1437966.66667,1088266.66667,1011100,390133.333333,1659766.66667,675222.666667,394400,599600,1871831.33333,229066.666667,145404.666667,363366.666667,438266.666667,115333.333333,830600,723566.666667,5832866.66667,16079933.3333,495200,179833.333333,64700,1473366.66667,512800,48833.3333333,742233.333333,1101333.33333,2829000,2663433.33333,933682.333333,2676500,943333.333333,1630933.33333,582966.666667,1141369.66667,2076687,5885174.66667,2418633.33333,8940733.33333,421066.666667,3850133.33333,7402933.33333,8455800,3854500,654133.333333,1580066.66667,1966166.66667,11743533.3333,5791666.66667
2018Q1,140533.333333,183066.666667,322600,553133.333333,6834000,399266.666667,402700,376166.666667,1445333.33333,1100700,1010833.33333,391566.666667,1680033.33333,686721,393166.666667,600133.333333,1846986.33333,228133.333333,141993.333333,363633.333333,432266.666667,111166.666667,828666.666667,725266.666667,5794066.66667,15577500,494200,178433.333333,61933.3333333,1453600,505300,48566.6666667,738066.666667,1099200,2797666.66667,2659300,929002,2675433.33333,945233.333333,1622800,568800,1128752,2083896.66667,5971301.33333,2424700,8491400,421400,3773800,7395400,8445600,3898000,611666.666667,1529500,1929700,11543533.3333,5757666.66667
2018Q2,142966.666667,192400,339533.333333,555833.333333,7320666.66667,407433.333333,418900,378433.333333,1467133.33333,1116800,1017600,397766.666667,1694933.33333,693598.666667,393533.333333,607466.666667,1870379,227966.666667,141598.333333,365766.666667,431966.666667,115666.666667,833266.666667,731266.666667,5827633.33333,15691966.6667,499300,181200,65866.6666667,1486300,501900,49300,759000,1117866.66667,2837666.66667,2670833.33333,937950,2698566.66667,949600,1655866.66667,591733.333333,1141173.66667,2109083,5984850,2463833.33333,8887633.33333,437033.333333,3710266.66667,7459900,8465233.33333,3945766.66667,705166.666667,1779333.33333,2050733.33333,12014966.6667,5866333.33333
2018Q3,143833.333333,196400,354933.333333,552766.666667,7558333.33333,409800,422766.666667,380733.333333,1482200,1125033.33333,1023933.33333,403600,1705666.66667,702916,393566.666667,610400,1920211.33333,228533.333333,140600.666667,366733.333333,433066.666667,119100,838500,731166.666667,5865966.66667,15668533.3333,499400,183033.333333,67533.3333333,1519333.33333,458833.333333,50300,777066.666667,1140933.33333,2853333.33333,2681800,951844.333333,2723600,959766.666667,1686600,609233.333333,1144132,2137133.33333,6024357.66667,2486200,8993933.33333,444566.666667,3511133.33333,7490566.66667,8502566.66667,3947766.66667,707133.333333,1915100,2159533.33333,12082733.3333,5866333.33333
2018Q4,141900,193600,359600,551733.333333,7440666.66667,407600,421633.333333,385266.666667,1483800,1125166.66667,1024266.66667,405266.666667,1728433.33333,710862.333333,390700,614733.333333,1902072.66667,226466.666667,139536.333333,365766.666667,431800,114933.333333,840766.666667,733600,5875566.66667,15972933.3333,494800,184100,65100,1525400,512700,50566.6666667,781566.666667,1197066.66667,2867666.66667,2671300,951637,2753266.66667,959633.333333,1686200,592000,1151411.66667,2161370.66667,6116612,2492200,9058966.66667,442266.666667,3864300,7563566.66667,8534433.33333,4041666.66667,679466.666667,1602533.33333,1998833.33333,11871600,5834000
2019Q1,142100,187666.666667,353400,548700,7100333.33333,403866.666667,410533.333333,389433.333333,1488366.66667,1130800,1030433.33333,403600,1737633.33333,724272.666667,388666.666667,612433.333333,1881073,222766.666667,137788.333333,365366.666667,425233.333333,111533.333333,845133.333333,732066.666667,5849233.33333,15434400,497400,181333.333333,63533.3333333,1504666.66667,508466.666667,50500,772966.666667,1172600,2822333.33333,2659433.33333,937700.666667,2763866.66667,953033.333333,1676233.33333,583800,1137285,2156977.66667,6144882,2494566.66667,8535800,439966.666667,3791933.33333,7587033.33333,8515733.33333,4065433.33333,630000,1576533.33333,1976866.66667,11706433.3333,5802000
2019Q2,144233.333333,193666.666667,349633.333333,549800,7539666.66667,408066.666667,421866.666667,389366.666667,1491966.66667,1130733.33333,1034266.66667,402700,1736000,731728.333333,388166.666667,618666.666667,1907467.66667,222966.666667,136965,366000,424933.333333,116066.666667,850100,734000,5894100,15473366.6667,503766.666667,177766.666667,66766.6666667,1532066.66667,507500,51566.6666667,790233.333333,1195366.66667,2851666.66667,2661333.33333,946378.333333,2786933.33333,959400,1711566.66667,607933.333333,1149440,2176859.33333,6166271,2515066.66667,8898966.66667,450000,3730333.33333,7668800,8541866.66667,4140133.33333,726966.666667,1802833.33333,2102133.33333,12177666.6667,5920666.66667
2019Q3,145066.666667,192333.333333,344433.333333,550933.333333,7739333.33333,411333.333333,423733.333333,387833.333333,1487133.33333,1127566.66667,1043900,404066.666667,1727600,738836.333333,387833.333333,619933.333333,1956119,221700,134913,365500,426466.666667,116766.666667,853833.333333,731766.666667,5904433.33333,15480333.3333,508700,172833.333333,68833.3333333,1547000,450600,51933.3333333,800100,1239800,2882666.66667,2675466.66667,959723.333333,2820133.33333,970866.666667,1740066.66667,619600,1156591.66667,2205369,6205855.66667,2530200,8988333.33333,458433.333333,3542133.33333,7733933.33333,8587466.66667,4150700,725200,1938633.33333,2195033.33333,12251766.6667,5938333.33333
2019Q4,143000,188033.333333,328866.666667,547966.666667,7593666.66667,411433.333333,419866.666667,382466.666667,1474933.33333,1117100,1041433.33333,400766.666667,1715833.33333,739290.666667,385333.333333,619700,1938763.66667,219700,133892.666667,364333.333333,423733.333333,112666.666667,854800,728700,5906666.66667,15849966.6667,509633.333333,165366.666667,67233.3333333,1531400,509000,51900,793900,1307066.66667,2899333.33333,2678766.66667,955060,2838366.66667,965833.333333,1742966.66667,600600,1166251,2223917,6279547.33333,2528966.66667,9047233.33333,457066.666667,3901233.33333,7827766.66667,8613833.33333,4251666.66667,683900,1663433.33333,2055600,12129866.6667,5901666.66667
2020Q1,135766.666667,181166.666667,309600,546000,7272666.66667,406500,406266.666667,379800,1458133.33333,1110700,1040066.66667,397133.333333,1725766.66667,741775.333333,383366.666667,617466.666667,1916706,215933.333333,130987.666667,362533.333333,415866.666667,109533.333333,851900,728933.333333,5857300,15321633.3333,513566.666667,158733.333333,65033.3333333,1494866.66667,501833.333333,51700,784233.333333,1320300,2883666.66667,2685000,945363,2845900,959900,1724266.66667,587800,1154940,2214797.66667,6315758,2514033.33333,8518466.66667,449766.666667,3825000,7815366.66667,8590933.33333,4269933.33333,633033.333333,1620633.33333,2001000,11796900,5847666.66667
2020Q2,129333.333333,174200,247566.666667,541533.333333,6953666.66667,383433.333333,386533.333333,344866.666667,1363033.33333,1032066.66667,1022200,377133.333333,1425033.33333,690857,331800,546333.333333,1793827.33333,184133.333333,95414.6666667,352933.333333,354200,105600,835333.333333,682400,5515733.33333,13692900,410766.666667,149166.666667,59900,1431266.66667,310533.333333,51400,684533.333333,1294700,2621000,2665233.33333,938098,2835233.33333,959133.333333,1650833.33333,487233.333333,1109567.33333,2184788.33333,5956401.33333,2421166.66667,7398266.66667,438733.333333,3307033.33333,6920766.66667,8277366.66667,3691066.66667,410500,953133.333333,1190500,7880200,4809666.66667
2020Q3,127633.333333,176900,219666.666667,542333.333333,7417666.66667,393200,401700,343666.666667,1361033.33333,1037266.66667,1018333.33333,380000,1599266.66667,690137.666667,356633.333333,586600,1887927,194733.333333,110608.333333,352866.666667,363600,107633.333333,845800,704233.333333,5558533.33333,14830633.3333,423766.666667,146833.333333,58700,1469466.66667,292166.666667,50833.3333333,705033.333333,1421766.66667,2661666.66667,2688500,950559.666667,2829966.66667,969633.333333,1696266.66667,505433.333333,1123866.33333,2192702.66667,6042307.66667,2429500,7994066.66667,447633.333333,3241433.33333,7524266.66667,8258666.66667,3847700,423533.333333,1385533.33333,1390433.33333,9980766.66667,5327000
2020Q4,126533.333333,172866.666667,210633.333333,541766.666667,7383000,400933.333333,402766.666667,345800,1361966.66667,1039900,1011433.33333,383233.333333,1613600,682925.666667,364833.333333,593133.333333,1899196.33333,198133.333333,113810.666667,350866.666667,367700,107500,848733.333333,712033.333333,5599100,15391833.3333,416800,146733.333333,56433.3333333,1489666.66667,376466.666667,50433.3333333,716866.666667,1584633.33333,2715666.66667,2713933.33333,949991.333333,2832433.33333,971000,1714166.66667,493533.333333,1137358.66667,2221713.33333,6180426,2443166.66667,8417200,451733.333333,3540233.33333,7732433.33333,8278700,3977966.66667,430466.666667,1236033.33333,1302266.66667,9956633.33333,5331333.33333
2021Q1,112966.666667,169433.333333,209700,541133.333333,7055000,403300,388800,344800,1361233.33333,1039933.33333,1008333.33333,384966.666667,1636533.33333,681803.666667,368100,593433.333333,1885908,197966.666667,113613.333333,350700,361833.333333,103133.333333,860733.333333,717266.666667,5593600,15039100,440200,145600,54666.6666667,1473133.33333,368366.666667,49166.6666667,712266.666667,1599366.66667,2741666.66667,2727833.33333,947094,2807366.66667,970033.333333,1693066.66667,481466.666667,1132012.33333,2237255,6269629.33333,2430966.66667,8201933.33333,445100,3541766.66667,7737233.33333,8187466.66667,3985300,404100,1166833.33333,1233200,9701066.66667,5267666.66667
2021Q2,112133.333333,175766.666667,222766.666667,544366.666667,7449666.66667,405066.666667,405433.333333,349033.333333,1376700,1051100,1014366.66667,392033.333333,1610633.33333,678856.666667,370700,606466.666667,1905010,199900,113903.666667,346733.333333,365133.333333,105400,869433.333333,719366.666667,5680266.66667,15141233.3333,455033.333333,147133.333333,57733.3333333,1502100,381666.666667,49866.6666667,733700,1624266.66667,2813666.66667,2724266.66667,959188.666667,2802566.66667,983433.333333,1736300,504600,1152043.66667,2279804.33333,6383593.66667,2445966.66667,8482533.33333,452233.333333,3542066.66667,7831800,8148933.33333,4073633.33333,508066.666667,1495566.66667,1446233.33333,10639466.6667,5423333.33333
2021Q3,112100,180133.333333,231766.666667,546766.666667,7635000,413066.666667,411400,352900,1389066.66667,1066533.33333,1020866.66667,395533.333333,1648600,682647.666667,376700,610033.333333,1960860.33333,201866.666667,115732.333333,348533.333333,369500,106600,874033.333333,729600,5755066.66667,15212233.3333,467066.666667,146333.333333,59500,1535900,349466.666667,50500,762133.333333,1710666.66667,2904666.66667,2725300,981390.666667,2825600,1004400,1779066.66667,529766.666667,1158284.66667,2322187.66667,6467660,2468700,8709333.33333,461233.333333,3440333.33333,7876433.33333,8125500,4064733.33333,580933.333333,1689966.66667,1669766.66667,11173766.6667,5554333.33333
2021Q4,111566.666667,178533.333333,239666.666667,547333.333333,7602666.66667,417333.333333,410000,355400,1400633.33333,1067833.33333,1024733.33333,395800,1686300,685191.666667,380000,618166.666667,1966923,204366.666667,119209,352733.333333,378233.333333,105400,879033.333333,737333.333333,5810033.33333,15620666.6667,475566.666667,145733.333333,58200,1549733.33333,410066.666667,51300,788600,1867766.66667,2965333.33333,2718766.66667,992700.666667,2863866.66667,1023466.66667,1797266.66667,527300,1173590.33333,2379186.66667,6645659.66667,2489833.33333,9046966.66667,469633.333333,3821966.66667,7985200,8094333.33333,4149933.33333,605500,1469066.66667,1603633.33333,11216566.6667,5583000
2022Q1,111133.333333,175000,243066.666667,549666.666667,7354333.33333,424100,405800,359366.666667,1411600,1086266.66667,1026766.66667,398133.333333,1681900,695161.333333,380933.333333,620900,1954874.66667,203733.333333,118462.666667,359100,374100,100700,890200,745133.333333,5848933.33333,15355133.3333,480966.666667,144800,59200,1537733.33333,411900,50533.3333333,796700,1914433.33333,2974333.33333,2723666.66667,994462.666667,2878133.33333,1019166.66667,1773466.66667,526666.666667,1160256.66667,2413322.33333,6726101.66667,2507400,8791866.66667,461333.333333,3780233.33333,7989066.66667,8053133.33333,4155300,570966.666667,1446033.33333,1614600,11221266.6667,5574666.66667
2022Q2,119400,183666.666667,254966.666667,555333.333333,7787666.66667,430833.333333,418966.666667,361133.333333,1429000,1104966.66667,1040366.66667,406000,1705666.66667,703430.666667,382133.333333,627200,1998203.66667,203966.666667,120494.333333,364400,380066.666667,107933.333333,899400,756266.666667,5973266.66667,15391466.6667,500666.666667,146866.666667,64400,1573366.66667,413800,51333.3333333,814233.333333,1911566.66667,3060000,2714633.33333,1014929.66667,2910500,1041666.66667,1812766.66667,562600,1176484.33333,2458675.66667,6844149,2530300,9067566.66667,473733.333333,3740033.33333,8070566.66667,8110333.33333,4246900,691833.333333,1691700,1792100,11796400,5701666.66667
2022Q3,118266.666667,187133.333333,268633.333333,563666.666667,7998666.66667,429800,423066.666667,366066.666667,1439933.33333,1114000,1054366.66667,410066.666667,1725500,716202.333333,377966.666667,632533.333333,2058982.66667,200633.333333,119448,363800,379866.666667,108366.666667,906700,759300,6031566.66667,15468200,518066.666667,147833.333333,69266.6666667,1600733.33333,381633.333333,50900,835400,1886000,3106666.66667,2701633.33333,1045181,2928800,1070633.33333,1838266.66667,588033.333333,1181855.66667,2502522,6965792,2568033.33333,9163100,488133.333333,3601533.33333,8159866.66667,8226566.66667,4286866.66667,720466.666667,1840000,1900800,12021433.3333,5752666.66667
2022Q4,116433.333333,186300,277966.666667,567666.666667,7909333.33333,425300,422500,370633.333333,1445800,1119166.66667,1058066.66667,411033.333333,1758433.33333,725048.666667,373000,632000,2046585.66667,196133.333333,118180,364366.666667,379900,106833.333333,906966.666667,754533.333333,6059900,15740800,524966.666667,150000,65800,1595666.66667,436100,50933.3333333,846466.666667,1918333.33333,3112000,2688600,1049799.33333,2954400,1081433.33333,1854433.33333,577966.666667,1184912,2509057.66667,7038793,2583966.66667,9207166.66667,490666.666667,3906400,8299366.66667,8316066.66667,4400066.66667,678766.666667,1619033.33333,1791266.66667,11909366.6667,5746666.66667
2023Q1,115433.333333,182200,282433.333333,567466.666667,7643000,420633.333333,414466.666667,371200,1445133.33333,1126833.33333,1056500,414100,1759233.33333,735106,364266.666667,628500,2033671.33333,194366.666667,116122.666667,362033.333333,373666.666667,103633.333333,900133.333333,743266.666667,6053266.66667,15437333.3333,534366.666667,151566.666667,65000,1556233.33333,440200,51533.3333333,842200,1846366.66667,3028000,2667533.33333,1052016,2944400,1081200,1826333.33333,575133.333333,1167209,2477264.66667,7056270,2588833.33333,8754733.33333,486466.666667,3846666.66667,8313666.66667,8347366.66667,4463666.66667,643700,1586033.33333,1785066.66667,11801100,5726666.66667
2023Q2,116966.666667,188800,289733.333333,574733.333333,8026333.33333,419166.666667,419566.666667,373966.666667,1448966.66667,1132866.66667,1058633.33333,415766.666667,1775633.33333,742433,360566.666667,626766.666667,2060419,190833.333333,115156.333333,358400,370666.666667,109966.666667,903500,741233.333333,6102300,15488066.6667,547133.333333,153833.333333,70100,1571566.66667,434000,52100,844300,1807300,3035666.66667,2658766.66667,1063002.33333,2962933.33333,1096066.66667,1848066.66667,604100,1181055.33333,2465606.66667,7093256.66667,2606400,8980600,498200,3827066.66667,8385400,8419500,4558200,768400,1834533.33333,1907633.33333,12290233.3333,5848000
2023Q3,119533.333333,191366.666667,289300,578100,8227666.66667,418833.333333,424533.333333,377600,1447866.66667,1134933.33333,1055933.33333,419533.333333,1782566.66667,762509.666667,355366.666667,627066.666667,2102387,188566.666667,114306.333333,356133.333333,365266.666667,110433.333333,899966.666667,738300,6129333.33333,15494500,555100,155033.333333,71366.6666667,1560800,408433.333333,52766.6666667,855500,1806933.33333,2996000,2648700,1080463.33333,2980466.66667,1111166.66667,1863233.33333,628100,1184419.33333,2455142.33333,7100177.66667,2622466.66667,8941733.33333,504833.333333,3686033.33333,8481400,8559866.66667,4614100,781466.666667,1956666.66667,2009200,12377666.6667,5902333.33333
2023Q4,120566.666667,189300,282966.666667,583033.333333,8137000,417000,424833.333333,374266.666667,1446566.66667,1127333.33333,1041700,419633.333333,1790333.33333,766531.666667,352066.666667,622766.666667,2083101.66667,186300,112767.666667,358100,363366.666667,108733.333333,893866.666667,731066.666667,6144366.66667,15784433.3333,559033.333333,156100,67866.6666667,1545766.66667,467600,52933.3333333,854333.333333,1866700,2969333.33333,2615633.33333,1075442.66667,2989533.33333,1114900,1869900,608166.666667,1192769.33333,2443322.66667,7130172.66667,2616900,8906300,501266.666667,4028400,8617566.66667,8667833.33333,4731866.66667,752266.666667,1696300,1874766.66667,12161533.3333,5891000
2024Q1,121366.666667,186900,274066.666667,586466.666667,7850000,414966.666667,411133.333333,371700,1447666.66667,1121400,1032233.33333,417400,1791766.66667,775227,347333.333333,618933.333333,2062923.33333,184866.666667,108459.333333,355800,359100,107700,893733.333333,727466.666667,6092266.66667,15400900,559133.333333,157966.666667,66300,1506100,473166.666667,54366.6666667,849566.666667,1839400,2934333.33333,2597866.66667,1068594.66667,2974933.33333,1100366.66667,1840133.33333,587833.333333,1181085,2434153.66667,7137928,2608133.33333,8466133.33333,498866.666667,4004966.66667,8631666.66667,8729766.66667,4779966.66667,701333.333333,1678000,1842266.66667,11931133.3333,5871000
2024Q2,121533.333333,193133.333333,270600,591166.666667,8232000,417766.666667,419866.666667,373166.666667,1445533.33333,1119600,1028700,419933.333333,1801433.33333,775428.333333,345366.666667,617566.666667,2094128.33333,186366.666667,108389.333333,352366.666667,357733.333333,111866.666667,897666.666667,727566.666667,6122833.33333,15462933.3333,564300,157933.333333,71733.3333333,1515666.66667,477533.333333,54533.3333333,863633.333333,1836633.33333,2935333.33333,2589233.33333,1076187,2989400,1107900,1853666.66667,595500,1193158.66667,2427277.66667,7138544,2611333.33333,8719733.33333,511000,3961166.66667,8735366.66667,8804366.66667,4856866.66667,781133.333333,1935600,1956466.66667,12369733.3333,5984666.66667
2024Q3,121766.666667,193666.666667,271800,595733.333333,8424666.66667,416433.333333,421333.333333,369400,1440166.66667,1109233.33333,1028533.33333,420966.666667,1793233.33333,777678.666667,341800,614133.333333,2136472.33333,182800,106972,354866.666667,353066.666667,112166.666667,900033.333333,719233.333333,6119200,15423966.6667,564833.333333,156300,72600,1520966.66667,437833.333333,54366.6666667,874100,1860666.66667,2921333.33333,2587433.33333,1094708,3011600,1124300,1873733.33333,605433.333333,1201315.33333,2438579,7149091,2624733.33333,8717066.66667,517266.666667,3806866.66667,8826866.66667,8880266.66667,4882733.33333,789400,2049766.66667,2030766.66667,12398566.6667,5997666.66667
2024Q4,120666.666667,189966.666667,270900,596666.666667,8314666.66667,409733.333333,421133.333333,364300,1433700,1098800,1014800,423733.333333,1764500,761042,339100,614933.333333,2109755.66667,180333.333333,106374.666667,355233.333333,351466.666667,109000,895466.666667,710233.333333,6106600,15682333.3333,560333.333333,156200,68266.6666667,1505633.33333,503000,53133.3333333,867966.666667,1916566.66667,2899666.66667,2581666.66667,1090294,3021233.33333,1125966.66667,1871166.66667,593033.333333,1210914.66667,2431525,7182461,2617300,8700633.33333,519433.333333,4158366.66667,8978900,8949566.66667,4983400,762200,1766566.66667,1896833.33333,12193000,5956333.33333
2025Q1,118600,185300,269866.666667,597300,7984666.66667,406533.333333,409333.333333,363466.666667,1433666.66667,1093866.66667,1002866.66667,427400,1744433.33333,772092,336166.666667,611933.333333,2083776.66667,177333.333333,103398.666667,354833.333333,346366.666667,108500,897000,706900,6045900,15333733.3333,564233.333333,155833.333333,66600,1469100,500400,55500,853233.333333,1874866.66667,2856333.33333,2583100,1088130.33333,3020566.66667,1119533.33333,1840333.33333,583833.333333,1202416.33333,2406962,7139840.33333,2606733.33333,8281166.66667,514166.666667,4118166.66667,8977700,8970833.33333,5021733.33333,717166.666667,1737466.66667,1854333.33333,11940366.6667,5924333.33333
2025Q2,118200,190633.333333,269633.333333,601400,8320333.33333,407666.666667,419033.333333,365166.666667,1437533.33333,1093200,999700,428666.666667,1746800,766510.333333,340200,615366.666667,2104074.66667,175966.666667,102779,354233.333333,345600,110300,900166.666667,706900,6070333.33333,15385833.3333,573300,155766.666667,71400,1485966.66667,497900,56333.3333333,868100,1853433.33333,2866333.33333,2585700,1098166,3012066.66667,1132433.33333,1857033.33333,606433.333333,1218839.33333,2388496.33333,7136191.33333,2623933.33333,8566966.66667,521700,4056233.33333,8956233.33333,9033033.33333,5198266.66667,802500,1984833.33333,1965966.66667,12381900,6020666.66667
2025Q3,116900,191366.666667,265500,602966.666667,8443000,404933.333333,421666.666667,364900,1437066.66667,1084833.33333,999966.666667,429200,1744366.66667,769281.666667,340266.666667,613400,2123974,173400,101553,355666.666667,342333.333333,111466.666667,903633.333333,702633.333333,6061033.33333,15397733.3333,573766.666667,154033.333333,73900,1495900,452533.333333,56700,875533.333333,1857600,2871000,2587533.33333,1116288.33333,3013566.66667,1153666.66667,1866133.33333,614400,1226987,2389316.33333,7118371.33333,2637133.33333,8556700,525666.666667,3863900,9029766.66667,9126566.66667,5226300,820066.666667,2094266.66667,2034533.33333,12433566.6667,6039666.66667
2025Q4,116600,188266.666667,263033.333333,603966.666667,8319333.33333,396066.666667,417800,362366.666667,1438400,1083333.33333,989933.333333,431100,1738566.66667,775131.333333,334500,611066.666667,2100838.33333,174566.666667,102246.666667,355400,341266.666667,109300,901500,699533.333333,6061633.33333,15647200,569500,152433.333333,69600,1477266.66667,512333.333333,56666.6666667,861500,1876933.33333,2854000,2581400,1113336.33333,3006966.66667,1160000,1867833.33333,591166.666667,1237641.33333,2387422.66667,7151337.33333,2627500,8565766.66667,521066.666667,4155866.66667,9150033.33333,9173433.33333,5292166.66667,783333.333333,1786166.66667,1889033.33333,12310733.3333,6003666.66667
