family,reference_period,release_date,source_url
BEA_QUARTERLY_71,2005Q1,2018-11-01,https://www.bea.gov/news/
BEA_QUARTERLY_71,2005Q2,2018-11-01,https://www.bea.gov/news/
BEA_QUARTERLY_71,2005Q3,2018-11-01,https://www.bea.gov/news/
BEA_QUARTERLY_71,2005Q4,2018-11-01,https://www.bea.gov/news/
BEA_QUARTERLY_71,2006Q1,2018-11-01,https://www.bea.gov/news/
BEA_QUARTERLY_71,2006Q2,2018-11-01,https://www.bea.gov/news/
BEA_QUARTERLY_71,2006Q3,2018-11-01,https://www.bea.gov/news/
BEA_QUARTERLY_71,2006Q4,2018-11-01,https://www.bea.gov/news/
BEA_QUARTERLY_71,2007Q1,2018-11-01,https://www.bea.gov/news/
BEA_QUARTERLY_71,2007Q2,2018-11-01,https://www.bea.gov/news/
BEA_QUARTERLY_71,2007Q3,2018-11-01,https://www.bea.gov/news/
BEA_QUARTERLY_71,2007Q4,2018-11-01,https://www.bea.gov/news/
BEA_QUARTERLY_71,2008Q1,2018-11-01,https://www.bea.gov/news/
BEA_QUARTERLY_71,2008Q2,2018-11-01,https://www.bea.gov/news/
BEA_QUARTERLY_71,2008Q3,2018-11-01,https://www.bea.gov/news/
BEA_QUARTERLY_71,2008Q4,2018-11-01,https://www.bea.gov/news/
BEA_QUARTERLY_71,2009Q1,2018-11-01,https://www.bea.gov/news/
BEA_QUARTERLY_71,2009Q2,2018-11-01,https://www.bea.gov/news/
BEA_QUARTERLY_71,2009Q3,2018-11-01,https://www.bea.gov/news/
BEA_QUARTERLY_71,2009Q4,2018-11-01,https://www.bea.gov/news/
BEA_QUARTERLY_71,2010Q1,2018-11-01,https://www.bea.gov/news/
BEA_QUARTERLY_71,2010Q2,2018-11-01,https://www.bea.gov/news/
BEA_QUARTERLY_71,2010Q3,2018-11-01,https://www.bea.gov/news/
BEA_QUARTERLY_71,2010Q4,2018-11-01,https://www.bea.gov/news/
BEA_QUARTERLY_71,2011Q1,2018-11-01,https://www.bea.gov/news/
BEA_QUARTERLY_71,2011Q2,2018-11-01,https://www.bea.gov/news/
BEA_QUARTERLY_71,2011Q3,2018-11-01,https://www.bea.gov/news/
BEA_QUARTERLY_71,2011Q4,2018-11-01,https://www.bea.gov/news/
BEA_QUARTERLY_71,2012Q1,2015-11-05,https://www.bea.gov/news/
BEA_QUARTERLY_71,2012Q2,2015-11-05,https://www.bea.gov/news/
BEA_QUARTERLY_71,2012Q3,2015-11-05,https://www.bea.gov/news/
BEA_QUARTERLY_71,2012Q4,2015-11-05,https://www.bea.gov/news/
BEA_QUARTERLY_71,2013Q1,2015-11-05,https://www.bea.gov/news/
BEA_QUARTERLY_71,2013Q2,2015-11-05,https://www.bea.gov/news/
BEA_QUARTERLY_71,2013Q3,2015-11-05,https://www.bea.gov/news/
BEA_QUARTERLY_71,2013Q4,2015-11-05,https://www.bea.gov/news/
BEA_QUARTERLY_71,2014Q1,2015-11-05,https://www.bea.gov/news/
BEA_QUARTERLY_71,2014Q2,2015-11-05,https://www.bea.gov/news/
BEA_QUARTERLY_71,2014Q3,2015-11-05,https://www.bea.gov/news/
BEA_QUARTERLY_71,2014Q4,2015-11-05,https://www.bea.gov/news/
BEA_QUARTERLY_71,2015Q1,2015-11-05,https://www.bea.gov/news/
BEA_QUARTERLY_71,2015Q2,2015-11-05,https://www.bea.gov/news/
BEA_QUARTERLY_71,2015Q3,2016-01-21,https://www.bea.gov/news/
BEA_QUARTERLY_71,2015Q4,2016-04-21,https://www.bea.gov/news/
BEA_QUARTERLY_71,2016Q1,2016-07-21,https://www.bea.gov/news/
BEA_QUARTERLY_71,2016Q2,2016-11-03,https://www.bea.gov/news/
BEA_QUARTERLY_71,2016Q3,2017-01-19,https://www.bea.gov/news/
BEA_QUARTERLY_71,2016Q4,2017-04-21,https://www.bea.gov/news/
BEA_QUARTERLY_71,2017Q1,2017-07-21,https://www.bea.gov/news/
BEA_QUARTERLY_71,2017Q2,2017-11-02,https://www.bea.gov/news/
BEA_QUARTERLY_71,2017Q3,2018-01-19,https://www.bea.gov/news/
BEA_QUARTERLY_71,2017Q4,2018-04-19,https://www.bea.gov/news/
BEA_QUARTERLY_71,2018Q1,2018-07-20,https://www.bea.gov/news/
BEA_QUARTERLY_71,2018Q2,2018-11-01,https://www.bea.gov/news/
BEA_QUARTERLY_71,2018Q3,2019-02-21,https://www.bea.gov/news/
BEA_QUARTERLY_71,2018Q4,2019-04-19,https://www.bea.gov/news/
BEA_QUARTERLY_71,2019Q1,2019-07-19,https://www.bea.gov/news/
BEA_QUARTERLY_71,2019Q2,2019-10-29,https://www.bea.gov/news/
BEA_QUARTERLY_71,2019Q3,2020-01-09,https://www.bea.gov/news/
BEA_QUARTERLY_71,2019Q4,2020-04-06,https://www.bea.gov/news/
BEA_QUARTERLY_71,2020Q1,2020-07-06,https://www.bea.gov/news/
BEA_QUARTERLY_71,2020Q2,2020-09-30,https://www.bea.gov/news/
BEA_QUARTERLY_71,2020Q3,2020-12-22,https://www.bea.gov/news/
BEA_QUARTERLY_71,2020Q4,2021-03-25,https://www.bea.gov/news/
BEA_QUARTERLY_71,2021Q1,2021-06-24,https://www.bea.gov/news/
BEA_QUARTERLY_71,2021Q2,2021-09-30,https://www.bea.gov/news/
BEA_QUARTERLY_71,2021Q3,2021-12-22,https://www.bea.gov/news/
BEA_QUARTERLY_71,2021Q4,2022-03-30,https://www.bea.gov/news/
BEA_QUARTERLY_71,2022Q1,2022-06-29,https://www.bea.gov/news/
BEA_QUARTERLY_71,2022Q2,2022-09-29,https://www.bea.gov/news/
BEA_QUARTERLY_71,2022Q3,2022-12-22,https://www.bea.gov/news/
BEA_QUARTERLY_71,2022Q4,2023-03-30,https://www.bea.gov/news/
BEA_QUARTERLY_71,2023Q1,2023-06-29,https://www.bea.gov/news/
BEA_QUARTERLY_71,2023Q2,2023-12-05,https://www.bea.gov/news/
BEA_QUARTERLY_71,2023Q3,2023-12-21,https://www.bea.gov/news/
BEA_QUARTERLY_71,2023Q4,2024-03-28,https://www.bea.gov/news/
BEA_QUARTERLY_71,2024Q1,2024-06-27,https://www.bea.gov/news/
BEA_QUARTERLY_71,2024Q2,2024-09-26,https://www.bea.gov/news/
BEA_QUARTERLY_71,2024Q3,2024-12-19,https://www.bea.gov/news/
BEA_QUARTERLY_71,2024Q4,2025-03-27,https://www.bea.gov/news/
BEA_QUARTERLY_71,2025Q1,2025-06-26,https://www.bea.gov/news/
BEA_QUARTERLY_71,2025Q2,2025-09-25,https://www.bea.gov/news/
BEA_QUARTERLY_71,2025Q3,2026-01-22,https://www.bea.gov/news/
BEA_ANNUAL_INDUSTRY,2002,2003-04-17,https://www.bea.gov/news/archive
BEA_ANNUAL_INDUSTRY,2003,2004-06-17,https://www.bea.gov/news/archive
BEA_ANNUAL_INDUSTRY,2004,2005-04-20,https://www.bea.gov/news/archive
BEA_ANNUAL_INDUSTRY,2006,2008-01-29,https://www.bea.gov/news/archive
BEA_ANNUAL_INDUSTRY,2007,2008-12-15,https://www.bea.gov/news/archive
BEA_ANNUAL_INDUSTRY,2008,2009-04-28,https://www.bea.gov/news/archive
BEA_ANNUAL_INDUSTRY,2009,2010-05-25,https://www.bea.gov/news/archive
BEA_ANNUAL_INDUSTRY,2010,2011-04-26,https://www.bea.gov/news/archive
BEA_ANNUAL_INDUSTRY,2011,2012-04-26,https://www.bea.gov/news/archive
BEA_ANNUAL_INDUSTRY,2012,2013-04-25,https://www.bea.gov/news/archive
BEA_ANNUAL_INDUSTRY,2013,2014-04-25,https://www.bea.gov/news/archive
BEA_ANNUAL_INDUSTRY,2014,2015-04-23,https://www.bea.gov/news/archive
BEA_ANNUAL_INDUSTRY,2015,2016-11-03,https://www.bea.gov/news/archive
BEA_ANNUAL_INDUSTRY,2016,2017-11-02,https://www.bea.gov/news/archive
BEA_ANNUAL_INDUSTRY,2017,2018-11-01,https://www.bea.gov/news/archive
BEA_ANNUAL_INDUSTRY,2018,2019-10-29,https://www.bea.gov/news/archive
BEA_ANNUAL_INDUSTRY,2019,2020-09-30,https://www.bea.gov/news/archive
BEA_ANNUAL_INDUSTRY,2020,2021-09-30,https://www.bea.gov/news/archive
BEA_ANNUAL_INDUSTRY,2021,2022-09-29,https://www.bea.gov/news/archive
BEA_ANNUAL_INDUSTRY,2022,2023-12-05,https://www.bea.gov/news/archive
BEA_ANNUAL_INDUSTRY,2023,2024-09-26,https://www.bea.gov/news/archive
BEA_ANNUAL_INDUSTRY,2024,2025-09-25,https://www.bea.gov/news/archive
QCEW_QUARTERLY,2003Q1,2003-10-31,https://www.bls.gov/bls/news-release/cewqtr.htm
QCEW_QUARTERLY,2003Q2,2004-01-07,https://www.bls.gov/bls/news-release/cewqtr.htm
QCEW_QUARTERLY,2003Q3,2004-04-06,https://www.bls.gov/bls/news-release/cewqtr.htm
QCEW_QUARTERLY,2003Q4,2004-07-08,https://www.bls.gov/bls/news-release/cewqtr.htm
QCEW_QUARTERLY,2004Q1,2004-10-26,https://www.bls.gov/bls/news-release/cewqtr.htm
QCEW_QUARTERLY,2004Q2,2005-01-11,https://www.bls.gov/bls/news-release/cewqtr.htm
QCEW_QUARTERLY,2004Q3,2005-04-14,https://www.bls.gov/bls/news-release/cewqtr.htm
QCEW_QUARTERLY,2004Q4,2005-07-19,https://www.bls.gov/bls/news-release/cewqtr.htm
QCEW_QUARTERLY,2005Q1,2005-10-20,https://www.bls.gov/bls/news-release/cewqtr.htm
QCEW_QUARTERLY,2005Q2,2006-01-11,https://www.bls.gov/bls/news-release/cewqtr.htm
QCEW_QUARTERLY,2005Q3,2006-04-12,https://www.bls.gov/bls/news-release/cewqtr.htm
QCEW_QUARTERLY,2005Q4,2006-07-26,https://www.bls.gov/bls/news-release/cewqtr.htm
QCEW_QUARTERLY,2006Q1,2006-10-26,https://www.bls.gov/bls/news-release/cewqtr.htm
QCEW_QUARTERLY,2006Q2,2007-01-11,https://www.bls.gov/bls/news-release/cewqtr.htm
QCEW_QUARTERLY,2006Q3,2007-04-11,https://www.bls.gov/bls/news-release/cewqtr.htm
QCEW_QUARTERLY,2006Q4,2007-07-25,https://www.bls.gov/bls/news-release/cewqtr.htm
QCEW_QUARTERLY,2007Q1,2007-10-18,https://www.bls.gov/bls/news-release/cewqtr.htm
QCEW_QUARTERLY,2007Q2,2008-01-17,https://www.bls.gov/bls/news-release/cewqtr.htm
QCEW_QUARTERLY,2007Q3,2008-04-09,https://www.bls.gov/bls/news-release/cewqtr.htm
QCEW_QUARTERLY,2007Q4,2008-07-24,https://www.bls.gov/bls/news-release/cewqtr.htm
QCEW_QUARTERLY,2008Q1,2008-10-17,https://www.bls.gov/bls/news-release/cewqtr.htm
QCEW_QUARTERLY,2008Q2,2009-01-13,https://www.bls.gov/bls/news-release/cewqtr.htm
QCEW_QUARTERLY,2008Q3,2009-04-08,https://www.bls.gov/bls/news-release/cewqtr.htm
QCEW_QUARTERLY,2008Q4,2009-07-21,https://www.bls.gov/bls/news-release/cewqtr.htm
QCEW_QUARTERLY,2009Q1,2009-10-16,https://www.bls.gov/bls/news-release/cewqtr.htm
QCEW_QUARTERLY,2009Q2,2010-01-13,https://www.bls.gov/bls/news-release/cewqtr.htm
QCEW_QUARTERLY,2009Q3,2010-04-01,https://www.bls.gov/bls/news-release/cewqtr.htm
QCEW_QUARTERLY,2009Q4,2010-07-07,https://www.bls.gov/bls/news-release/cewqtr.htm
QCEW_QUARTERLY,2010Q1,2010-10-19,https://www.bls.gov/bls/news-release/cewqtr.htm
QCEW_QUARTERLY,2010Q2,2011-01-11,https://www.bls.gov/bls/news-release/cewqtr.htm
QCEW_QUARTERLY,2010Q3,2011-03-29,https://www.bls.gov/bls/news-release/cewqtr.htm
QCEW_QUARTERLY,2010Q4,2011-06-30,https://www.bls.gov/bls/news-release/cewqtr.htm
QCEW_QUARTERLY,2011Q1,2011-09-29,https://www.bls.gov/bls/news-release/cewqtr.htm
QCEW_QUARTERLY,2011Q2,2012-01-10,https://www.bls.gov/bls/news-release/cewqtr.htm
QCEW_QUARTERLY,2011Q3,2012-03-28,https://www.bls.gov/bls/news-release/cewqtr.htm
QCEW_QUARTERLY,2011Q4,2012-06-28,https://www.bls.gov/bls/news-release/cewqtr.htm
QCEW_QUARTERLY,2012Q1,2012-09-27,https://www.bls.gov/bls/news-release/cewqtr.htm
QCEW_QUARTERLY,2012Q2,2013-01-08,https://www.bls.gov/bls/news-release/cewqtr.htm
QCEW_QUARTERLY,2012Q3,2013-03-28,https://www.bls.gov/bls/news-release/cewqtr.htm
QCEW_QUARTERLY,2012Q4,2013-06-27,https://www.bls.gov/bls/news-release/cewqtr.htm
QCEW_QUARTERLY,2013Q1,2013-09-26,https://www.bls.gov/bls/news-release/cewqtr.htm
QCEW_QUARTERLY,2013Q2,2013-12-18,https://www.bls.gov/bls/news-release/cewqtr.htm
QCEW_QUARTERLY,2013Q3,2014-03-19,https://www.bls.gov/bls/news-release/cewqtr.htm
QCEW_QUARTERLY,2013Q4,2014-06-19,https://www.bls.gov/bls/news-release/cewqtr.htm
QCEW_QUARTERLY,2014Q1,2014-09-18,https://www.bls.gov/bls/news-release/cewqtr.htm
QCEW_QUARTERLY,2014Q2,2014-12-18,https://www.bls.gov/bls/news-release/cewqtr.htm
QCEW_QUARTERLY,2014Q3,2015-03-19,https://www.bls.gov/bls/news-release/cewqtr.htm
QCEW_QUARTERLY,2014Q4,2015-06-17,https://www.bls.gov/bls/news-release/cewqtr.htm
QCEW_QUARTERLY,2015Q1,2015-09-17,https://www.bls.gov/bls/news-release/cewqtr.htm
QCEW_QUARTERLY,2015Q2,2015-12-17,https://www.bls.gov/bls/news-release/cewqtr.htm
QCEW_QUARTERLY,2015Q3,2016-03-09,https://www.bls.gov/bls/news-release/cewqtr.htm
QCEW_QUARTERLY,2015Q4,2016-06-08,https://www.bls.gov/bls/news-release/cewqtr.htm
QCEW_QUARTERLY,2016Q1,2016-09-07,https://www.bls.gov/bls/news-release/cewqtr.htm
QCEW_QUARTERLY,2016Q2,2016-12-07,https://www.bls.gov/bls/news-release/cewqtr.htm
QCEW_QUARTERLY,2016Q3,2017-03-07,https://www.bls.gov/bls/news-release/cewqtr.htm
QCEW_QUARTERLY,2016Q4,2017-06-07,https://www.bls.gov/bls/news-release/cewqtr.htm
QCEW_QUARTERLY,2017Q1,2017-09-06,https://www.bls.gov/bls/news-release/cewqtr.htm
QCEW_QUARTERLY,2017Q2,2017-12-05,https://www.bls.gov/bls/news-release/cewqtr.htm
QCEW_QUARTERLY,2017Q3,2018-03-08,https://www.bls.gov/bls/news-release/cewqtr.htm
QCEW_QUARTERLY,2017Q4,2018-06-07,https://www.bls.gov/bls/news-release/cewqtr.htm
QCEW_QUARTERLY,2018Q1,2018-09-05,https://www.bls.gov/bls/news-release/cewqtr.htm
QCEW_QUARTERLY,2018Q2,2018-12-10,https://www.bls.gov/bls/news-release/cewqtr.htm
QCEW_QUARTERLY,2018Q3,2019-03-06,https://www.bls.gov/bls/news-release/cewqtr.htm
QCEW_QUARTERLY,2018Q4,2019-06-05,https://www.bls.gov/bls/news-release/cewqtr.htm
QCEW_QUARTERLY,2019Q1,2019-09-04,https://www.bls.gov/bls/news-release/cewqtr.htm
QCEW_QUARTERLY,2019Q2,2019-12-04,https://www.bls.gov/bls/news-release/cewqtr.htm
QCEW_QUARTERLY,2019Q3,2020-03-04,https://www.bls.gov/bls/news-release/cewqtr.htm
QCEW_QUARTERLY,2019Q4,2020-06-03,https://www.bls.gov/bls/news-release/cewqtr.htm
QCEW_QUARTERLY,2020Q1,2020-09-02,https://www.bls.gov/bls/news-release/cewqtr.htm
QCEW_QUARTERLY,2020Q2,2020-12-02,https://www.bls.gov/bls/news-release/cewqtr.htm
QCEW_QUARTERLY,2020Q3,2021-03-09,https://www.bls.gov/bls/news-release/cewqtr.htm
QCEW_QUARTERLY,2020Q4,2021-06-02,https://www.bls.gov/bls/news-release/cewqtr.htm
QCEW_QUARTERLY,2021Q1,2021-09-01,https://www.bls.gov/bls/news-release/cewqtr.htm
QCEW_QUARTERLY,2021Q2,2021-12-01,https://www.bls.gov/bls/news-release/cewqtr.htm
QCEW_QUARTERLY,2021Q3,2022-03-09,https://www.bls.gov/bls/news-release/cewqtr.htm
QCEW_QUARTERLY,2021Q4,2022-06-08,https://www.bls.gov/bls/news-release/cewqtr.htm
QCEW_QUARTERLY,2022Q1,2022-09-07,https://www.bls.gov/bls/news-release/cewqtr.htm
QCEW_QUARTERLY,2022Q2,2022-12-06,https://www.bls.gov/bls/news-release/cewqtr.htm
QCEW_QUARTERLY,2022Q3,2023-03-08,https://www.bls.gov/bls/news-release/cewqtr.htm
QCEW_QUARTERLY,2022Q4,2023-06-07,https://www.bls.gov/bls/news-release/cewqtr.htm
QCEW_QUARTERLY,2023Q1,2023-09-06,https://www.bls.gov/bls/news-release/cewqtr.htm
QCEW_QUARTERLY,2023Q2,2023-12-07,https://www.bls.gov/bls/news-release/cewqtr.htm
QCEW_QUARTERLY,2023Q3,2024-03-06,https://www.bls.gov/bls/news-release/cewqtr.htm
QCEW_QUARTERLY,2023Q4,2024-06-05,https://www.bls.gov/bls/news-release/cewqtr.htm
QCEW_QUARTERLY,2024Q1,2024-09-04,https://www.bls.gov/bls/news-release/cewqtr.htm
QCEW_QUARTERLY,2024Q2,2024-12-05,https://www.bls.gov/bls/news-release/cewqtr.htm
QCEW_QUARTERLY,2024Q3,2025-03-05,https://www.bls.gov/bls/news-release/cewqtr.htm
QCEW_QUARTERLY,2024Q4,2025-06-04,https://www.bls.gov/bls/news-release/cewqtr.htm
QCEW_QUARTERLY,2025Q1,2025-09-09,https://www.bls.gov/bls/news-release/cewqtr.htm
QCEW_QUARTERLY,2025Q2,2025-12-19,https://www.bls.gov/bls/news-release/cewqtr.htm
QCEW_QUARTERLY,2025Q3,2026-03-10,https://www.bls.gov/bls/news-release/cewqtr.htm
QCEW_QUARTERLY,2025Q4,2026-06-02,https://www.bls.gov/bls/news-release/cewqtr.htm
QCEW_QUARTERLY,2026Q1,2026-08-28,https://www.bls.gov/bls/news-release/cewqtr.htm
QCEW_QUARTERLY,2026Q2,2026-12-02,https://www.bls.gov/bls/news-release/cewqtr.htm
CES_QUARTERLY,2003Q1,2003-04-04,https://www.bls.gov/schedule/
CES_QUARTERLY,2003Q2,2003-07-03,https://www.bls.gov/schedule/
CES_QUARTERLY,2003Q3,2003-10-03,https://www.bls.gov/schedule/
CES_QUARTERLY,2003Q4,2004-01-09,https://www.bls.gov/schedule/
CES_QUARTERLY,2004Q1,2004-04-02,https://www.bls.gov/schedule/
CES_QUARTERLY,2004Q2,2004-07-02,https://www.bls.gov/schedule/
CES_QUARTERLY,2004Q3,2004-10-08,https://www.bls.gov/schedule/
CES_QUARTERLY,2004Q4,2005-01-07,https://www.bls.gov/schedule/
CES_QUARTERLY,2005Q1,2005-04-01,https://www.bls.gov/schedule/
CES_QUARTERLY,2005Q2,2005-07-08,https://www.bls.gov/schedule/
CES_QUARTERLY,2005Q3,2005-10-07,https://www.bls.gov/schedule/
CES_QUARTERLY,2005Q4,2006-01-06,https://www.bls.gov/schedule/
CES_QUARTERLY,2006Q1,2006-04-07,https://www.bls.gov/schedule/
CES_QUARTERLY,2006Q2,2006-07-07,https://www.bls.gov/schedule/
CES_QUARTERLY,2006Q3,2006-10-06,https://www.bls.gov/schedule/
CES_QUARTERLY,2006Q4,2007-01-05,https://www.bls.gov/schedule/
CES_QUARTERLY,2007Q1,2007-04-06,https://www.bls.gov/schedule/
CES_QUARTERLY,2007Q2,2007-07-06,https://www.bls.gov/schedule/
CES_QUARTERLY,2007Q3,2008-03-20,https://www.bls.gov/schedule/
CES_QUARTERLY,2007Q4,2008-01-04,https://www.bls.gov/schedule/
CES_QUARTERLY,2008Q1,2008-04-04,https://www.bls.gov/schedule/
CES_QUARTERLY,2008Q2,2008-07-03,https://www.bls.gov/schedule/
CES_QUARTERLY,2008Q3,2008-10-03,https://www.bls.gov/schedule/
CES_QUARTERLY,2008Q4,2009-01-09,https://www.bls.gov/schedule/
CES_QUARTERLY,2009Q1,2009-04-03,https://www.bls.gov/schedule/
CES_QUARTERLY,2009Q2,2009-07-02,https://www.bls.gov/schedule/
CES_QUARTERLY,2009Q3,2009-10-02,https://www.bls.gov/schedule/
CES_QUARTERLY,2009Q4,2010-01-08,https://www.bls.gov/schedule/
CES_QUARTERLY,2010Q1,2010-04-02,https://www.bls.gov/schedule/
CES_QUARTERLY,2010Q2,2010-07-02,https://www.bls.gov/schedule/
CES_QUARTERLY,2010Q3,2010-10-08,https://www.bls.gov/schedule/
CES_QUARTERLY,2010Q4,2011-01-07,https://www.bls.gov/schedule/
CES_QUARTERLY,2011Q1,2011-04-01,https://www.bls.gov/schedule/
CES_QUARTERLY,2011Q2,2011-07-08,https://www.bls.gov/schedule/
CES_QUARTERLY,2011Q3,2011-10-07,https://www.bls.gov/schedule/
CES_QUARTERLY,2011Q4,2012-01-06,https://www.bls.gov/schedule/
CES_QUARTERLY,2012Q1,2012-04-06,https://www.bls.gov/schedule/
CES_QUARTERLY,2012Q2,2012-07-06,https://www.bls.gov/schedule/
CES_QUARTERLY,2012Q3,2012-10-05,https://www.bls.gov/schedule/
CES_QUARTERLY,2012Q4,2013-01-04,https://www.bls.gov/schedule/
CES_QUARTERLY,2013Q1,2013-04-05,https://www.bls.gov/schedule/
CES_QUARTERLY,2013Q2,2013-07-05,https://www.bls.gov/schedule/
CES_QUARTERLY,2013Q3,2013-10-22,https://www.bls.gov/schedule/
CES_QUARTERLY,2013Q4,2014-01-10,https://www.bls.gov/schedule/
CES_QUARTERLY,2014Q1,2014-04-04,https://www.bls.gov/schedule/
CES_QUARTERLY,2014Q2,2014-07-03,https://www.bls.gov/schedule/
CES_QUARTERLY,2014Q3,2014-10-03,https://www.bls.gov/schedule/
CES_QUARTERLY,2014Q4,2015-01-09,https://www.bls.gov/schedule/
CES_QUARTERLY,2015Q1,2015-04-03,https://www.bls.gov/schedule/
CES_QUARTERLY,2015Q2,2015-07-02,https://www.bls.gov/schedule/
CES_QUARTERLY,2015Q3,2015-10-02,https://www.bls.gov/schedule/
CES_QUARTERLY,2015Q4,2016-01-08,https://www.bls.gov/schedule/
CES_QUARTERLY,2016Q1,2016-04-01,https://www.bls.gov/schedule/
CES_QUARTERLY,2016Q2,2016-07-08,https://www.bls.gov/schedule/
CES_QUARTERLY,2016Q3,2016-10-07,https://www.bls.gov/schedule/
CES_QUARTERLY,2016Q4,2017-01-06,https://www.bls.gov/schedule/
CES_QUARTERLY,2017Q1,2017-04-07,https://www.bls.gov/schedule/
CES_QUARTERLY,2017Q2,2017-07-07,https://www.bls.gov/schedule/
CES_QUARTERLY,2017Q3,2017-10-06,https://www.bls.gov/schedule/
CES_QUARTERLY,2017Q4,2018-01-05,https://www.bls.gov/schedule/
CES_QUARTERLY,2018Q1,2018-04-06,https://www.bls.gov/schedule/
CES_QUARTERLY,2018Q2,2018-07-06,https://www.bls.gov/schedule/
CES_QUARTERLY,2018Q3,2018-10-05,https://www.bls.gov/schedule/
CES_QUARTERLY,2018Q4,2019-01-04,https://www.bls.gov/schedule/
CES_QUARTERLY,2019Q1,2019-04-05,https://www.bls.gov/schedule/
CES_QUARTERLY,2019Q2,2019-07-05,https://www.bls.gov/schedule/
CES_QUARTERLY,2019Q3,2019-10-04,https://www.bls.gov/schedule/
CES_QUARTERLY,2019Q4,2020-01-10,https://www.bls.gov/schedule/
CES_QUARTERLY,2020Q1,2020-04-03,https://www.bls.gov/schedule/
CES_QUARTERLY,2020Q2,2020-07-02,https://www.bls.gov/schedule/
CES_QUARTERLY,2020Q3,2020-10-02,https://www.bls.gov/schedule/
CES_QUARTERLY,2020Q4,2021-01-08,https://www.bls.gov/schedule/
CES_QUARTERLY,2021Q1,2021-04-02,https://www.bls.gov/schedule/
CES_QUARTERLY,2021Q2,2021-07-02,https://www.bls.gov/schedule/
CES_QUARTERLY,2021Q3,2021-10-08,https://www.bls.gov/schedule/
CES_QUARTERLY,2021Q4,2022-01-07,https://www.bls.gov/schedule/
CES_QUARTERLY,2022Q1,2022-04-01,https://www.bls.gov/schedule/
CES_QUARTERLY,2022Q2,2022-07-08,https://www.bls.gov/schedule/
CES_QUARTERLY,2022Q3,2022-10-07,https://www.bls.gov/schedule/
CES_QUARTERLY,2022Q4,2023-01-06,https://www.bls.gov/schedule/
CES_QUARTERLY,2023Q1,2023-04-07,https://www.bls.gov/schedule/
CES_QUARTERLY,2023Q2,2023-07-07,https://www.bls.gov/schedule/
CES_QUARTERLY,2023Q3,2023-10-06,https://www.bls.gov/schedule/
CES_QUARTERLY,2023Q4,2024-01-05,https://www.bls.gov/schedule/
CES_QUARTERLY,2024Q1,2024-04-05,https://www.bls.gov/schedule/
CES_QUARTERLY,2024Q2,2024-07-05,https://www.bls.gov/schedule/
CES_QUARTERLY,2024Q3,2024-10-04,https://www.bls.gov/schedule/
CES_QUARTERLY,2024Q4,2025-01-10,https://www.bls.gov/schedule/
CES_MONTHLY,2002-12,2003-01-10,https://www.bls.gov/schedule/
CES_MONTHLY,2003-01,2003-02-07,https://www.bls.gov/schedule/
CES_MONTHLY,2003-02,2003-03-07,https://www.bls.gov/schedule/
CES_MONTHLY,2003-03,2003-04-04,https://www.bls.gov/schedule/
CES_MONTHLY,2003-04,2003-05-02,https://www.bls.gov/schedule/
CES_MONTHLY,2003-05,2003-06-06,https://www.bls.gov/schedule/
CES_MONTHLY,2003-06,2003-07-03,https://www.bls.gov/schedule/
CES_MONTHLY,2003-07,2003-08-01,https://www.bls.gov/schedule/
CES_MONTHLY,2003-08,2003-09-05,https://www.bls.gov/schedule/
CES_MONTHLY,2003-09,2003-10-03,https://www.bls.gov/schedule/
CES_MONTHLY,2003-10,2003-11-07,https://www.bls.gov/schedule/
CES_MONTHLY,2003-11,2003-12-05,https://www.bls.gov/schedule/
CES_MONTHLY,2003-12,2004-01-09,https://www.bls.gov/schedule/
CES_MONTHLY,2004-01,2004-02-06,https://www.bls.gov/schedule/
CES_MONTHLY,2004-02,2004-03-05,https://www.bls.gov/schedule/
CES_MONTHLY,2004-03,2004-04-02,https://www.bls.gov/schedule/
CES_MONTHLY,2004-04,2004-05-07,https://www.bls.gov/schedule/
CES_MONTHLY,2004-05,2004-06-04,https://www.bls.gov/schedule/
CES_MONTHLY,2004-06,2004-07-02,https://www.bls.gov/schedule/
CES_MONTHLY,2004-07,2004-08-06,https://www.bls.gov/schedule/
CES_MONTHLY,2004-08,2004-09-03,https://www.bls.gov/schedule/
CES_MONTHLY,2004-09,2004-10-08,https://www.bls.gov/schedule/
CES_MONTHLY,2004-10,2004-11-05,https://www.bls.gov/schedule/
CES_MONTHLY,2004-11,2004-12-03,https://www.bls.gov/schedule/
CES_MONTHLY,2004-12,2005-01-07,https://www.bls.gov/schedule/
CES_MONTHLY,2005-01,2005-02-04,https://www.bls.gov/schedule/
CES_MONTHLY,2005-02,2005-03-04,https://www.bls.gov/schedule/
CES_MONTHLY,2005-03,2005-04-01,https://www.bls.gov/schedule/
CES_MONTHLY,2005-04,2005-05-06,https://www.bls.gov/schedule/
CES_MONTHLY,2005-05,2005-06-03,https://www.bls.gov/schedule/
CES_MONTHLY,2005-06,2005-07-08,https://www.bls.gov/schedule/
CES_MONTHLY,2005-07,2005-08-05,https://www.bls.gov/schedule/
CES_MONTHLY,2005-08,2005-09-02,https://www.bls.gov/schedule/
CES_MONTHLY,2005-09,2005-10-07,https://www.bls.gov/schedule/
CES_MONTHLY,2005-10,2005-11-04,https://www.bls.gov/schedule/
CES_MONTHLY,2005-11,2005-12-02,https://www.bls.gov/schedule/
CES_MONTHLY,2005-12,2006-01-06,https://www.bls.gov/schedule/
CES_MONTHLY,2006-01,2006-02-03,https://www.bls.gov/schedule/
CES_MONTHLY,2006-02,2006-03-10,https://www.bls.gov/schedule/
CES_MONTHLY,2006-03,2006-04-07,https://www.bls.gov/schedule/
CES_MONTHLY,2006-04,2006-05-05,https://www.bls.gov/schedule/
CES_MONTHLY,2006-05,2006-06-02,https://www.bls.gov/schedule/
CES_MONTHLY,2006-06,2006-07-07,https://www.bls.gov/schedule/
CES_MONTHLY,2006-07,2006-08-04,https://www.bls.gov/schedule/
CES_MONTHLY,2006-08,2006-09-01,https://www.bls.gov/schedule/
CES_MONTHLY,2006-09,2006-10-06,https://www.bls.gov/schedule/
CES_MONTHLY,2006-10,2006-11-03,https://www.bls.gov/schedule/
CES_MONTHLY,2006-11,2006-12-08,https://www.bls.gov/schedule/
CES_MONTHLY,2006-12,2007-01-05,https://www.bls.gov/schedule/
CES_MONTHLY,2007-01,2007-02-02,https://www.bls.gov/schedule/
CES_MONTHLY,2007-02,2007-03-09,https://www.bls.gov/schedule/
CES_MONTHLY,2007-03,2007-04-06,https://www.bls.gov/schedule/
CES_MONTHLY,2007-04,2007-05-04,https://www.bls.gov/schedule/
CES_MONTHLY,2007-05,2007-06-01,https://www.bls.gov/schedule/
CES_MONTHLY,2007-06,2007-07-06,https://www.bls.gov/schedule/
CES_MONTHLY,2007-07,2007-08-03,https://www.bls.gov/schedule/
CES_MONTHLY,2007-08,2008-03-20,https://www.bls.gov/schedule/
CES_MONTHLY,2007-09,2007-10-05,https://www.bls.gov/schedule/
CES_MONTHLY,2007-10,2007-11-02,https://www.bls.gov/schedule/
CES_MONTHLY,2007-11,2007-12-07,https://www.bls.gov/schedule/
CES_MONTHLY,2007-12,2008-01-04,https://www.bls.gov/schedule/
CES_MONTHLY,2008-01,2008-02-01,https://www.bls.gov/schedule/
CES_MONTHLY,2008-02,2008-03-07,https://www.bls.gov/schedule/
CES_MONTHLY,2008-03,2008-04-04,https://www.bls.gov/schedule/
CES_MONTHLY,2008-04,2008-05-02,https://www.bls.gov/schedule/
CES_MONTHLY,2008-05,2008-06-06,https://www.bls.gov/schedule/
CES_MONTHLY,2008-06,2008-07-03,https://www.bls.gov/schedule/
CES_MONTHLY,2008-07,2008-08-01,https://www.bls.gov/schedule/
CES_MONTHLY,2008-08,2008-09-05,https://www.bls.gov/schedule/
CES_MONTHLY,2008-09,2008-10-03,https://www.bls.gov/schedule/
CES_MONTHLY,2008-10,2008-11-07,https://www.bls.gov/schedule/
CES_MONTHLY,2008-11,2008-12-05,https://www.bls.gov/schedule/
CES_MONTHLY,2008-12,2009-01-09,https://www.bls.gov/schedule/
CES_MONTHLY,2009-01,2009-02-06,https://www.bls.gov/schedule/
CES_MONTHLY,2009-02,2009-03-06,https://www.bls.gov/schedule/
CES_MONTHLY,2009-03,2009-04-03,https://www.bls.gov/schedule/
CES_MONTHLY,2009-04,2009-05-08,https://www.bls.gov/schedule/
CES_MONTHLY,2009-05,2009-06-05,https://www.bls.gov/schedule/
CES_MONTHLY,2009-06,2009-07-02,https://www.bls.gov/schedule/
CES_MONTHLY,2009-07,2009-08-07,https://www.bls.gov/schedule/
CES_MONTHLY,2009-08,2009-09-04,https://www.bls.gov/schedule/
CES_MONTHLY,2009-09,2009-10-02,https://www.bls.gov/schedule/
CES_MONTHLY,2009-10,2009-11-06,https://www.bls.gov/schedule/
CES_MONTHLY,2009-11,2009-12-04,https://www.bls.gov/schedule/
CES_MONTHLY,2009-12,2010-01-08,https://www.bls.gov/schedule/
CES_MONTHLY,2010-01,2010-02-05,https://www.bls.gov/schedule/
CES_MONTHLY,2010-02,2010-03-05,https://www.bls.gov/schedule/
CES_MONTHLY,2010-03,2010-04-02,https://www.bls.gov/schedule/
CES_MONTHLY,2010-04,2010-05-07,https://www.bls.gov/schedule/
CES_MONTHLY,2010-05,2010-06-04,https://www.bls.gov/schedule/
CES_MONTHLY,2010-06,2010-07-02,https://www.bls.gov/schedule/
CES_MONTHLY,2010-07,2010-08-06,https://www.bls.gov/schedule/
CES_MONTHLY,2010-08,2010-09-03,https://www.bls.gov/schedule/
CES_MONTHLY,2010-09,2010-10-08,https://www.bls.gov/schedule/
CES_MONTHLY,2010-10,2010-11-05,https://www.bls.gov/schedule/
CES_MONTHLY,2010-11,2010-12-03,https://www.bls.gov/schedule/
CES_MONTHLY,2010-12,2011-01-07,https://www.bls.gov/schedule/
CES_MONTHLY,2011-01,2011-02-04,https://www.bls.gov/schedule/
CES_MONTHLY,2011-02,2011-03-04,https://www.bls.gov/schedule/
CES_MONTHLY,2011-03,2011-04-01,https://www.bls.gov/schedule/
CES_MONTHLY,2011-04,2011-05-06,https://www.bls.gov/schedule/
CES_MONTHLY,2011-05,2011-06-03,https://www.bls.gov/schedule/
CES_MONTHLY,2011-06,2011-07-08,https://www.bls.gov/schedule/
CES_MONTHLY,2011-07,2011-08-05,https://www.bls.gov/schedule/
CES_MONTHLY,2011-08,2011-09-02,https://www.bls.gov/schedule/
CES_MONTHLY,2011-09,2011-10-07,https://www.bls.gov/schedule/
CES_MONTHLY,2011-10,2011-11-04,https://www.bls.gov/schedule/
CES_MONTHLY,2011-11,2011-12-02,https://www.bls.gov/schedule/
CES_MONTHLY,2011-12,2012-01-06,https://www.bls.gov/schedule/
CES_MONTHLY,2012-01,2012-02-03,https://www.bls.gov/schedule/
CES_MONTHLY,2012-02,2012-03-09,https://www.bls.gov/schedule/
CES_MONTHLY,2012-03,2012-04-06,https://www.bls.gov/schedule/
CES_MONTHLY,2012-04,2012-05-04,https://www.bls.gov/schedule/
CES_MONTHLY,2012-05,2012-06-01,https://www.bls.gov/schedule/
CES_MONTHLY,2012-06,2012-07-06,https://www.bls.gov/schedule/
CES_MONTHLY,2012-07,2012-08-03,https://www.bls.gov/schedule/
CES_MONTHLY,2012-08,2012-09-07,https://www.bls.gov/schedule/
CES_MONTHLY,2012-09,2012-10-05,https://www.bls.gov/schedule/
CES_MONTHLY,2012-10,2012-11-02,https://www.bls.gov/schedule/
CES_MONTHLY,2012-11,2012-12-07,https://www.bls.gov/schedule/
CES_MONTHLY,2012-12,2013-01-04,https://www.bls.gov/schedule/
CES_MONTHLY,2013-01,2013-02-01,https://www.bls.gov/schedule/
CES_MONTHLY,2013-02,2013-03-08,https://www.bls.gov/schedule/
CES_MONTHLY,2013-03,2013-04-05,https://www.bls.gov/schedule/
CES_MONTHLY,2013-04,2013-05-03,https://www.bls.gov/schedule/
CES_MONTHLY,2013-05,2013-06-07,https://www.bls.gov/schedule/
CES_MONTHLY,2013-06,2013-07-05,https://www.bls.gov/schedule/
CES_MONTHLY,2013-07,2013-08-02,https://www.bls.gov/schedule/
CES_MONTHLY,2013-08,2013-09-06,https://www.bls.gov/schedule/
CES_MONTHLY,2013-09,2013-10-22,https://www.bls.gov/schedule/
CES_MONTHLY,2013-10,2013-11-08,https://www.bls.gov/schedule/
CES_MONTHLY,2013-11,2013-12-06,https://www.bls.gov/schedule/
CES_MONTHLY,2013-12,2014-01-10,https://www.bls.gov/schedule/
CES_MONTHLY,2014-01,2014-02-07,https://www.bls.gov/schedule/
CES_MONTHLY,2014-02,2014-03-07,https://www.bls.gov/schedule/
CES_MONTHLY,2014-03,2014-04-04,https://www.bls.gov/schedule/
CES_MONTHLY,2014-04,2014-05-02,https://www.bls.gov/schedule/
CES_MONTHLY,2014-05,2014-06-06,https://www.bls.gov/schedule/
CES_MONTHLY,2014-06,2014-07-03,https://www.bls.gov/schedule/
CES_MONTHLY,2014-07,2014-08-01,https://www.bls.gov/schedule/
CES_MONTHLY,2014-08,2014-09-05,https://www.bls.gov/schedule/
CES_MONTHLY,2014-09,2014-10-03,https://www.bls.gov/schedule/
CES_MONTHLY,2014-10,2014-11-07,https://www.bls.gov/schedule/
CES_MONTHLY,2014-11,2014-12-05,https://www.bls.gov/schedule/
CES_MONTHLY,2014-12,2015-01-09,https://www.bls.gov/schedule/
CES_MONTHLY,2015-01,2015-02-06,https://www.bls.gov/schedule/
CES_MONTHLY,2015-02,2015-03-06,https://www.bls.gov/schedule/
CES_MONTHLY,2015-03,2015-04-03,https://www.bls.gov/schedule/
CES_MONTHLY,2015-04,2015-05-08,https://www.bls.gov/schedule/
CES_MONTHLY,2015-05,2015-06-05,https://www.bls.gov/schedule/
CES_MONTHLY,2015-06,2015-07-02,https://www.bls.gov/schedule/
CES_MONTHLY,2015-07,2015-08-07,https://www.bls.gov/schedule/
CES_MONTHLY,2015-08,2015-09-04,https://www.bls.gov/schedule/
CES_MONTHLY,2015-09,2015-10-02,https://www.bls.gov/schedule/
CES_MONTHLY,2015-10,2015-11-06,https://www.bls.gov/schedule/
CES_MONTHLY,2015-11,2015-12-04,https://www.bls.gov/schedule/
CES_MONTHLY,2015-12,2016-01-08,https://www.bls.gov/schedule/
CES_MONTHLY,2016-01,2016-02-05,https://www.bls.gov/schedule/
CES_MONTHLY,2016-02,2016-03-04,https://www.bls.gov/schedule/
CES_MONTHLY,2016-03,2016-04-01,https://www.bls.gov/schedule/
CES_MONTHLY,2016-04,2016-05-06,https://www.bls.gov/schedule/
CES_MONTHLY,2016-05,2016-06-03,https://www.bls.gov/schedule/
CES_MONTHLY,2016-06,2016-07-08,https://www.bls.gov/schedule/
CES_MONTHLY,2016-07,2016-08-05,https://www.bls.gov/schedule/
CES_MONTHLY,2016-08,2016-09-02,https://www.bls.gov/schedule/
CES_MONTHLY,2016-09,2016-10-07,https://www.bls.gov/schedule/
CES_MONTHLY,2016-10,2016-11-04,https://www.bls.gov/schedule/
CES_MONTHLY,2016-11,2016-12-02,https://www.bls.gov/schedule/
CES_MONTHLY,2016-12,2017-01-06,https://www.bls.gov/schedule/
CES_MONTHLY,2017-01,2017-02-03,https://www.bls.gov/schedule/
CES_MONTHLY,2017-02,2017-03-10,https://www.bls.gov/schedule/
CES_MONTHLY,2017-03,2017-04-07,https://www.bls.gov/schedule/
CES_MONTHLY,2017-04,2017-05-05,https://www.bls.gov/schedule/
CES_MONTHLY,2017-05,2017-06-02,https://www.bls.gov/schedule/
CES_MONTHLY,2017-06,2017-07-07,https://www.bls.gov/schedule/
CES_MONTHLY,2017-07,2017-08-04,https://www.bls.gov/schedule/
CES_MONTHLY,2017-08,2017-09-01,https://www.bls.gov/schedule/
CES_MONTHLY,2017-09,2017-10-06,https://www.bls.gov/schedule/
CES_MONTHLY,2017-10,2017-11-03,https://www.bls.gov/schedule/
CES_MONTHLY,2017-11,2017-12-08,https://www.bls.gov/schedule/
CES_MONTHLY,2017-12,2018-01-05,https://www.bls.gov/schedule/
CES_MONTHLY,2018-01,2018-02-02,https://www.bls.gov/schedule/
CES_MONTHLY,2018-02,2018-03-09,https://www.bls.gov/schedule/
CES_MONTHLY,2018-03,2018-04-06,https://www.bls.gov/schedule/
CES_MONTHLY,2018-04,2018-05-04,https://www.bls.gov/schedule/
CES_MONTHLY,2018-05,2018-06-01,https://www.bls.gov/schedule/
CES_MONTHLY,2018-06,2018-07-06,https://www.bls.gov/schedule/
CES_MONTHLY,2018-07,2018-08-03,https://www.bls.gov/schedule/
CES_MONTHLY,2018-08,2018-09-07,https://www.bls.gov/schedule/
CES_MONTHLY,2018-09,2018-10-05,https://www.bls.gov/schedule/
CES_MONTHLY,2018-10,2018-11-02,https://www.bls.gov/schedule/
CES_MONTHLY,2018-11,2018-12-07,https://www.bls.gov/schedule/
CES_MONTHLY,2018-12,2019-01-04,https://www.bls.gov/schedule/
CES_MONTHLY,2019-01,2019-02-01,https://www.bls.gov/schedule/
CES_MONTHLY,2019-02,2019-03-08,https://www.bls.gov/schedule/
CES_MONTHLY,2019-03,2019-04-05,https://www.bls.gov/schedule/
CES_MONTHLY,2019-04,2019-05-03,https://www.bls.gov/schedule/
CES_MONTHLY,2019-05,2019-06-07,https://www.bls.gov/schedule/
CES_MONTHLY,2019-06,2019-07-05,https://www.bls.gov/schedule/
CES_MONTHLY,2019-07,2019-08-02,https://www.bls.gov/schedule/
CES_MONTHLY,2019-08,2019-09-06,https://www.bls.gov/schedule/
CES_MONTHLY,2019-09,2019-10-04,https://www.bls.gov/schedule/
CES_MONTHLY,2019-10,2019-11-01,https://www.bls.gov/schedule/
CES_MONTHLY,2019-11,2019-12-06,https://www.bls.gov/schedule/
CES_MONTHLY,2019-12,2020-01-10,https://www.bls.gov/schedule/
CES_MONTHLY,2020-01,2020-02-07,https://www.bls.gov/schedule/
CES_MONTHLY,2020-02,2020-03-06,https://www.bls.gov/schedule/
CES_MONTHLY,2020-03,2020-04-03,https://www.bls.gov/schedule/
CES_MONTHLY,2020-04,2020-05-08,https://www.bls.gov/schedule/
CES_MONTHLY,2020-05,2020-06-05,https://www.bls.gov/schedule/
CES_MONTHLY,2020-06,2020-07-02,https://www.bls.gov/schedule/
CES_MONTHLY,2020-07,2020-08-07,https://www.bls.gov/schedule/
CES_MONTHLY,2020-08,2020-09-04,https://www.bls.gov/schedule/
CES_MONTHLY,2020-09,2020-10-02,https://www.bls.gov/schedule/
CES_MONTHLY,2020-10,2020-11-06,https://www.bls.gov/schedule/
CES_MONTHLY,2020-11,2020-12-04,https://www.bls.gov/schedule/
CES_MONTHLY,2020-12,2021-01-08,https://www.bls.gov/schedule/
CES_MONTHLY,2021-01,2021-02-05,https://www.bls.gov/schedule/
CES_MONTHLY,2021-02,2021-03-05,https://www.bls.gov/schedule/
CES_MONTHLY,2021-03,2021-04-02,https://www.bls.gov/schedule/
CES_MONTHLY,2021-04,2021-05-07,https://www.bls.gov/schedule/
CES_MONTHLY,2021-05,2021-06-04,https://www.bls.gov/schedule/
CES_MONTHLY,2021-06,2021-07-02,https://www.bls.gov/schedule/
CES_MONTHLY,2021-07,2021-08-06,https://www.bls.gov/schedule/
CES_MONTHLY,2021-08,2021-09-03,https://www.bls.gov/schedule/
CES_MONTHLY,2021-09,2021-10-08,https://www.bls.gov/schedule/
CES_MONTHLY,2021-10,2021-11-05,https://www.bls.gov/schedule/
CES_MONTHLY,2021-11,2021-12-03,https://www.bls.gov/schedule/
CES_MONTHLY,2021-12,2022-01-07,https://www.bls.gov/schedule/
CES_MONTHLY,2022-01,2022-02-04,https://www.bls.gov/schedule/
CES_MONTHLY,2022-02,2022-03-04,https://www.bls.gov/schedule/
CES_MONTHLY,2022-03,2022-04-01,https://www.bls.gov/schedule/
CES_MONTHLY,2022-04,2022-05-06,https://www.bls.gov/schedule/
CES_MONTHLY,2022-05,2022-06-03,https://www.bls.gov/schedule/
CES_MONTHLY,2022-06,2022-07-08,https://www.bls.gov/schedule/
CES_MONTHLY,2022-07,2022-08-05,https://www.bls.gov/schedule/
CES_MONTHLY,2022-08,2022-09-02,https://www.bls.gov/schedule/
CES_MONTHLY,2022-09,2022-10-07,https://www.bls.gov/schedule/
CES_MONTHLY,2022-10,2022-11-04,https://www.bls.gov/schedule/
CES_MONTHLY,2022-11,2022-12-02,https://www.bls.gov/schedule/
CES_MONTHLY,2022-12,2023-01-06,https://www.bls.gov/schedule/
CES_MONTHLY,2023-01,2023-02-03,https://www.bls.gov/schedule/
CES_MONTHLY,2023-02,2023-03-10,https://www.bls.gov/schedule/
CES_MONTHLY,2023-03,2023-04-07,https://www.bls.gov/schedule/
CES_MONTHLY,2023-04,2023-05-05,https://www.bls.gov/schedule/
CES_MONTHLY,2023-05,2023-06-02,https://www.bls.gov/schedule/
CES_MONTHLY,2023-06,2023-07-07,https://www.bls.gov/schedule/
CES_MONTHLY,2023-07,2023-08-04,https://www.bls.gov/schedule/
CES_MONTHLY,2023-08,2023-09-01,https://www.bls.gov/schedule/
CES_MONTHLY,2023-09,2023-10-06,https://www.bls.gov/schedule/
CES_MONTHLY,2023-10,2023-11-03,https://www.bls.gov/schedule/
CES_MONTHLY,2023-11,2023-12-08,https://www.bls.gov/schedule/
CES_MONTHLY,2023-12,2024-01-05,https://www.bls.gov/schedule/
CES_MONTHLY,2024-01,2024-02-02,https://www.bls.gov/schedule/
CES_MONTHLY,2024-02,2024-03-08,https://www.bls.gov/schedule/
CES_MONTHLY,2024-03,2024-04-05,https://www.bls.gov/schedule/
CES_MONTHLY,2024-04,2024-05-03,https://www.bls.gov/schedule/
CES_MONTHLY,2024-05,2024-06-07,https://www.bls.gov/schedule/
CES_MONTHLY,2024-06,2024-07-05,https://www.bls.gov/schedule/
CES_MONTHLY,2024-07,2024-08-02,https://www.bls.gov/schedule/
CES_MONTHLY,2024-08,2024-09-06,https://www.bls.gov/schedule/
CES_MONTHLY,2024-09,2024-10-04,https://www.bls.gov/schedule/
CES_MONTHLY,2024-10,2024-11-01,https://www.bls.gov/schedule/
CES_MONTHLY,2024-11,2024-12-06,https://www.bls.gov/schedule/
CES_MONTHLY,2024-12,2025-01-10,https://www.bls.gov/schedule/
CES_MONTHLY,2025-01,2025-02-07,https://www.bls.gov/schedule/
CES_MONTHLY,2025-02,2025-03-07,https://www.bls.gov/schedule/
CES_MONTHLY,2025-03,2025-04-04,https://www.bls.gov/schedule/
CES_MONTHLY,2025-04,2025-05-02,https://www.bls.gov/schedule/
CES_MONTHLY,2025-05,2025-06-06,https://www.bls.gov/schedule/
CES_MONTHLY,2025-06,2025-07-03,https://www.bls.gov/schedule/
CES_MONTHLY,2025-07,2025-08-01,https://www.bls.gov/schedule/
CES_MONTHLY,2025-08,2025-09-05,https://www.bls.gov/schedule/
CES_MONTHLY,2025-09,2025-11-20,https://www.bls.gov/schedule/
CES_MONTHLY,2025-11,2025-12-16,https://www.bls.gov/schedule/
