series_id,year,period,employment_thousands
CEU5552300001,2003,M01,814.5
CEU5552300001,2003,M02,811.8
CEU5552300001,2003,M03,807.0
CEU5552300001,2003,M04,803.9
CEU5552300001,2003,M05,800.3
CEU5552300001,2003,M06,804.6
CEU5552300001,2003,M07,805.2
CEU5552300001,2003,M08,801.3
CEU5552300001,2003,M09,798.2
CEU5552300001,2003,M10,797.4
CEU5552300001,2003,M11,800.1
CEU5552300001,2003,M12,802.7
CEU5552300001,2003,M13,803.9
CEU5552300001,2004,M01,801.1
CEU5552300001,2004,M02,804.7
CEU5552300001,2004,M03,804.1
CEU5552300001,2004,M04,803.5
CEU5552300001,2004,M05,805.5
CEU5552300001,2004,M06,815.0
CEU5552300001,2004,M07,820.1
CEU5552300001,2004,M08,819.4
CEU5552300001,2004,M09,817.1
CEU5552300001,2004,M10,819.9
CEU5552300001,2004,M11,821.0
CEU5552300001,2004,M12,826.2
CEU5552300001,2004,M13,813.1
CEU5552300001,2005,M01,826.4
CEU5552300001,2005,M02,830.2
CEU5552300001,2005,M03,831.4
CEU5552300001,2005,M04,827.0
CEU5552300001,2005,M05,826.1
CEU5552300001,2005,M06,831.0
CEU5552300001,2005,M07,833.4
CEU5552300001,2005,M08,836.3
CEU5552300001,2005,M09,834.7
CEU5552300001,2005,M10,841.8
CEU5552300001,2005,M11,845.7
CEU5552300001,2005,M12,846.8
CEU5552300001,2005,M13,834.2
CEU5552300001,2006,M01,847.4
CEU5552300001,2006,M02,854.5
CEU5552300001,2006,M03,858.9
CEU5552300001,2006,M04,861.0
CEU5552300001,2006,M05,862.3
CEU5552300001,2006,M06,864.7
CEU5552300001,2006,M07,871.7
CEU5552300001,2006,M08,874.5
CEU5552300001,2006,M09,875.6
CEU5552300001,2006,M10,883.7
CEU5552300001,2006,M11,886.7
CEU5552300001,2006,M12,885.5
CEU5552300001,2006,M13,868.9
CEU5552300001,2007,M01,884.6
CEU5552300001,2007,M02,888.4
CEU5552300001,2007,M03,891.4
CEU5552300001,2007,M04,888.8
CEU5552300001,2007,M05,893.8
CEU5552300001,2007,M06,901.7
CEU5552300001,2007,M07,904.1
CEU5552300001,2007,M08,906.3
CEU5552300001,2007,M09,905.5
CEU5552300001,2007,M10,908.7
CEU5552300001,2007,M11,912.2
CEU5552300001,2007,M12,909.4
CEU5552300001,2007,M13,899.6
CEU5552300001,2008,M01,908.3
CEU5552300001,2008,M02,915.0
CEU5552300001,2008,M03,920.0
CEU5552300001,2008,M04,920.7
CEU5552300001,2008,M05,918.1
CEU5552300001,2008,M06,926.5
CEU5552300001,2008,M07,921.9
CEU5552300001,2008,M08,925.2
CEU5552300001,2008,M09,911.6
CEU5552300001,2008,M10,909.9
CEU5552300001,2008,M11,909.7
CEU5552300001,2008,M12,907.8
CEU5552300001,2008,M13,916.2
CEU5552300001,2009,M01,892.0
CEU5552300001,2009,M02,882.6
CEU5552300001,2009,M03,877.0
CEU5552300001,2009,M04,863.9
CEU5552300001,2009,M05,859.4
CEU5552300001,2009,M06,859.6
CEU5552300001,2009,M07,855.5
CEU5552300001,2009,M08,852.0
CEU5552300001,2009,M09,847.7
CEU5552300001,2009,M10,850.4
CEU5552300001,2009,M11,851.0
CEU5552300001,2009,M12,854.2
CEU5552300001,2009,M13,862.1
CEU5552300001,2010,M01,847.5
CEU5552300001,2010,M02,846.4
CEU5552300001,2010,M03,845.3
CEU5552300001,2010,M04,848.7
CEU5552300001,2010,M05,848.2
CEU5552300001,2010,M06,854.6
CEU5552300001,2010,M07,856.1
CEU5552300001,2010,M08,851.5
CEU5552300001,2010,M09,852.7
CEU5552300001,2010,M10,850.6
CEU5552300001,2010,M11,850.7
CEU5552300001,2010,M12,852.7
CEU5552300001,2010,M13,850.4
CEU5552300001,2011,M01,851.1
CEU5552300001,2011,M02,854.2
CEU5552300001,2011,M03,855.9
CEU5552300001,2011,M04,856.0
CEU5552300001,2011,M05,855.6
CEU5552300001,2011,M06,863.7
CEU5552300001,2011,M07,866.8
CEU5552300001,2011,M08,867.4
CEU5552300001,2011,M09,861.0
CEU5552300001,2011,M10,863.7
CEU5552300001,2011,M11,863.2
CEU5552300001,2011,M12,862.7
CEU5552300001,2011,M13,860.1
CEU5552300001,2012,M01,858.1
CEU5552300001,2012,M02,860.3
CEU5552300001,2012,M03,861.6
CEU5552300001,2012,M04,857.9
CEU5552300001,2012,M05,857.3
CEU5552300001,2012,M06,863.8
CEU5552300001,2012,M07,864.8
CEU5552300001,2012,M08,862.1
CEU5552300001,2012,M09,853.0
CEU5552300001,2012,M10,858.1
CEU5552300001,2012,M11,856.4
CEU5552300001,2012,M12,858.0
CEU5552300001,2012,M13,859.3
CEU5552300001,2013,M01,854.4
CEU5552300001,2013,M02,858.4
CEU5552300001,2013,M03,859.1
CEU5552300001,2013,M04,860.7
CEU5552300001,2013,M05,862.0
CEU5552300001,2013,M06,867.9
CEU5552300001,2013,M07,873.3
CEU5552300001,2013,M08,870.1
CEU5552300001,2013,M09,863.6
CEU5552300001,2013,M10,869.3
CEU5552300001,2013,M11,868.6
CEU5552300001,2013,M12,872.6
CEU5552300001,2013,M13,865.0
CEU5552300001,2014,M01,869.2
CEU5552300001,2014,M02,872.3
CEU5552300001,2014,M03,874.3
CEU5552300001,2014,M04,874.8
CEU5552300001,2014,M05,876.2
CEU5552300001,2014,M06,882.0
CEU5552300001,2014,M07,890.5
CEU5552300001,2014,M08,891.6
CEU5552300001,2014,M09,886.0
CEU5552300001,2014,M10,892.3
CEU5552300001,2014,M11,893.2
CEU5552300001,2014,M12,892.3
CEU5552300001,2014,M13,882.9
CEU5552300001,2015,M01,893.2
CEU5552300001,2015,M02,897.2
CEU5552300001,2015,M03,895.8
CEU5552300001,2015,M04,896.7
CEU5552300001,2015,M05,898.0
CEU5552300001,2015,M06,909.8
CEU5552300001,2015,M07,915.5
CEU5552300001,2015,M08,917.0
CEU5552300001,2015,M09,909.7
CEU5552300001,2015,M10,917.6
CEU5552300001,2015,M11,920.0
CEU5552300001,2015,M12,923.6
CEU5552300001,2015,M13,907.8
CEU5552300001,2016,M01,917.5
CEU5552300001,2016,M02,917.2
CEU5552300001,2016,M03,919.1
CEU5552300001,2016,M04,921.4
CEU5552300001,2016,M05,923.2
CEU5552300001,2016,M06,929.2
CEU5552300001,2016,M07,935.7
CEU5552300001,2016,M08,939.9
CEU5552300001,2016,M09,931.0
CEU5552300001,2016,M10,931.0
CEU5552300001,2016,M11,928.3
CEU5552300001,2016,M12,931.4
CEU5552300001,2016,M13,927.1
CEU5552300001,2017,M01,928.0
CEU5552300001,2017,M02,927.3
CEU5552300001,2017,M03,927.9
CEU5552300001,2017,M04,929.1
CEU5552300001,2017,M05,930.3
CEU5552300001,2017,M06,943.2
CEU5552300001,2017,M07,951.5
CEU5552300001,2017,M08,950.2
CEU5552300001,2017,M09,941.8
CEU5552300001,2017,M10,942.8
CEU5552300001,2017,M11,942.4
CEU5552300001,2017,M12,944.8
CEU5552300001,2017,M13,938.3
CEU5552300001,2018,M01,941.2
CEU5552300001,2018,M02,947.4
CEU5552300001,2018,M03,947.1
CEU5552300001,2018,M04,947.7
CEU5552300001,2018,M05,946.7
CEU5552300001,2018,M06,954.4
CEU5552300001,2018,M07,961.4
CEU5552300001,2018,M08,963.7
CEU5552300001,2018,M09,954.2
CEU5552300001,2018,M10,955.8
CEU5552300001,2018,M11,960.9
CEU5552300001,2018,M12,962.2
CEU5552300001,2018,M13,953.6
CEU5552300001,2019,M01,950.8
CEU5552300001,2019,M02,954.1
CEU5552300001,2019,M03,954.2
CEU5552300001,2019,M04,957.2
CEU5552300001,2019,M05,955.9
CEU5552300001,2019,M06,965.1
CEU5552300001,2019,M07,977.0
CEU5552300001,2019,M08,973.1
CEU5552300001,2019,M09,962.5
CEU5552300001,2019,M10,966.4
CEU5552300001,2019,M11,963.8
CEU5552300001,2019,M12,967.3
CEU5552300001,2019,M13,962.3
CEU5552300001,2020,M01,956.6
CEU5552300001,2020,M02,961.2
CEU5552300001,2020,M03,961.9
CEU5552300001,2020,M04,956.8
CEU5552300001,2020,M05,957.5
CEU5552300001,2020,M06,963.1
CEU5552300001,2020,M07,969.7
CEU5552300001,2020,M08,972.9
CEU5552300001,2020,M09,966.3
CEU5552300001,2020,M10,972.2
CEU5552300001,2020,M11,968.5
CEU5552300001,2020,M12,972.3
CEU5552300001,2020,M13,964.9
CEU5552300001,2021,M01,970.5
CEU5552300001,2021,M02,970.1
CEU5552300001,2021,M03,969.5
CEU5552300001,2021,M04,974.9
CEU5552300001,2021,M05,983.7
CEU5552300001,2021,M06,991.7
CEU5552300001,2021,M07,1006.4
CEU5552300001,2021,M08,1008.8
CEU5552300001,2021,M09,998.0
CEU5552300001,2021,M10,1014.7
CEU5552300001,2021,M11,1025.9
CEU5552300001,2021,M12,1029.8
CEU5552300001,2021,M13,995.3
CEU5552300001,2022,M01,1012.7
CEU5552300001,2022,M02,1020.3
CEU5552300001,2022,M03,1024.5
CEU5552300001,2022,M04,1032.2
CEU5552300001,2022,M05,1037.5
CEU5552300001,2022,M06,1055.3
CEU5552300001,2022,M07,1075.2
CEU5552300001,2022,M08,1073.5
CEU5552300001,2022,M09,1063.2
CEU5552300001,2022,M10,1076.4
CEU5552300001,2022,M11,1082.0
CEU5552300001,2022,M12,1085.9
CEU5552300001,2022,M13,1053.2
CEU5552300001,2023,M01,1078.8
CEU5552300001,2023,M02,1080.7
CEU5552300001,2023,M03,1084.1
CEU5552300001,2023,M04,1088.0
CEU5552300001,2023,M05,1092.0
CEU5552300001,2023,M06,1108.2
CEU5552300001,2023,M07,1116.4
CEU5552300001,2023,M08,1116.1
CEU5552300001,2023,M09,1101.0
CEU5552300001,2023,M10,1113.1
CEU5552300001,2023,M11,1113.7
CEU5552300001,2023,M12,1117.9
CEU5552300001,2023,M13,1100.8
CEU5552300001,2024,M01,1102.6
CEU5552300001,2024,M02,1100.0
CEU5552300001,2024,M03,1098.5
CEU5552300001,2024,M04,1101.4
CEU5552300001,2024,M05,1102.5
CEU5552300001,2024,M06,1119.8
CEU5552300001,2024,M07,1129.7
CEU5552300001,2024,M08,1125.7
CEU5552300001,2024,M09,1117.5
CEU5552300001,2024,M10,1121.9
CEU5552300001,2024,M11,1123.8
CEU5552300001,2024,M12,1132.2
CEU5552300001,2024,M13,1114.6
CEU5552300001,2025,M01,1116.2
CEU5552300001,2025,M02,1119.9
CEU5552300001,2025,M03,1122.5
CEU5552300001,2025,M04,1124.9
CEU5552300001,2025,M05,1126.7
CEU5552300001,2025,M06,1145.7
CEU5552300001,2025,M07,1159.8
CEU5552300001,2025,M08,1154.6
CEU5552300001,2025,M09,1146.6
CEU5552300001,2025,M10,1154.8
CEU5552300001,2025,M11,1158.8
CEU5552300001,2025,M12,1166.4
CEU5552300001,2025,M13,1141.4
