family,reference_month,release_date,source_url
CPI,2004-12,2005-01-19,https://www.bls.gov/schedule/2005/home.htm
CPI,2005-01,2005-02-23,https://www.bls.gov/schedule/2005/home.htm
CPI,2005-02,2005-03-23,https://www.bls.gov/schedule/2005/home.htm
CPI,2005-03,2005-04-20,https://www.bls.gov/news.release/history/cpi_04202005.txt
CPI,2005-04,2005-05-18,https://www.bls.gov/schedule/2005/home.htm
CPI,2005-05,2005-06-15,https://www.bls.gov/schedule/2005/home.htm
CPI,2005-06,2005-07-14,https://www.bls.gov/schedule/2005/home.htm
CPI,2005-07,2005-08-16,https://www.bls.gov/schedule/2005/home.htm
CPI,2005-08,2005-09-15,https://www.bls.gov/schedule/2005/home.htm
CPI,2005-09,2005-10-14,https://www.bls.gov/schedule/2005/home.htm
CPI,2005-10,2005-11-16,https://www.bls.gov/schedule/2005/home.htm
CPI,2005-11,2005-12-15,https://www.bls.gov/schedule/2005/home.htm
CPI,2005-12,2006-01-18,https://www.bls.gov/schedule/2005/home.htm
CPI,2006-01,2006-02-22,https://www.bls.gov/schedule/2006/home.htm
CPI,2006-02,2006-03-16,https://www.bls.gov/schedule/2006/home.htm
CPI,2006-03,2006-04-19,https://www.bls.gov/news.release/history/cpi_04192006.txt
CPI,2006-04,2006-05-17,https://www.bls.gov/schedule/2006/home.htm
CPI,2006-05,2006-06-14,https://www.bls.gov/schedule/2006/home.htm
CPI,2006-06,2006-07-19,https://www.bls.gov/schedule/2006/home.htm
CPI,2006-07,2006-08-16,https://www.bls.gov/schedule/2006/home.htm
CPI,2006-08,2006-09-15,https://www.bls.gov/schedule/2006/home.htm
CPI,2006-09,2006-10-18,https://www.bls.gov/schedule/2006/home.htm
CPI,2006-10,2006-11-16,https://www.bls.gov/schedule/2006/home.htm
CPI,2006-11,2006-12-15,https://www.bls.gov/schedule/2006/home.htm
CPI,2006-12,2007-01-18,https://www.bls.gov/schedule/2007/home.htm
CPI,2007-01,2007-02-21,https://www.bls.gov/schedule/2007/home.htm
CPI,2007-02,2007-03-16,https://www.bls.gov/schedule/2007/home.htm
CPI,2007-03,2007-04-17,https://www.bls.gov/news.release/history/cpi_04172007.txt
CPI,2007-04,2007-05-15,https://www.bls.gov/schedule/2007/home.htm
CPI,2007-05,2007-06-15,https://www.bls.gov/schedule/2007/home.htm
CPI,2007-06,2007-07-18,https://www.bls.gov/schedule/2007/home.htm
CPI,2007-07,2007-08-15,https://www.bls.gov/schedule/2007/home.htm
CPI,2007-08,2007-09-19,https://www.bls.gov/schedule/2007/home.htm
CPI,2007-09,2007-10-17,https://www.bls.gov/schedule/2007/home.htm
CPI,2007-10,2007-11-15,https://www.bls.gov/schedule/2007/home.htm
CPI,2007-11,2007-12-14,https://www.bls.gov/schedule/2007/home.htm
CPI,2007-12,2008-01-16,https://www.bls.gov/schedule/2008/home.htm
CPI,2008-01,2008-02-20,https://www.bls.gov/schedule/2008/home.htm
CPI,2008-02,2008-03-14,https://www.bls.gov/schedule/2008/home.htm
CPI,2008-03,2008-04-16,https://www.bls.gov/schedule/2008/home.htm
CPI,2008-04,2008-05-14,https://www.bls.gov/schedule/2008/home.htm
CPI,2008-05,2008-06-13,https://www.bls.gov/schedule/2008/home.htm
CPI,2008-06,2008-07-16,https://www.bls.gov/schedule/2008/home.htm
CPI,2008-07,2008-08-14,https://www.bls.gov/schedule/2008/home.htm
CPI,2008-08,2008-09-16,https://www.bls.gov/schedule/2008/home.htm
CPI,2008-09,2008-10-16,https://www.bls.gov/schedule/2008/home.htm
CPI,2008-10,2008-11-19,https://www.bls.gov/schedule/2008/home.htm
CPI,2008-11,2008-12-16,https://www.bls.gov/schedule/2008/home.htm
CPI,2008-12,2009-01-16,https://www.bls.gov/schedule/2009/home.htm
CPI,2009-01,2009-02-20,https://www.bls.gov/schedule/2009/home.htm
CPI,2009-02,2009-03-18,https://www.bls.gov/schedule/2009/home.htm
CPI,2009-03,2009-04-15,https://www.bls.gov/schedule/2009/home.htm
CPI,2009-04,2009-05-15,https://www.bls.gov/schedule/2009/home.htm
CPI,2009-05,2009-06-17,https://www.bls.gov/schedule/2009/home.htm
CPI,2009-06,2009-07-15,https://www.bls.gov/schedule/2009/home.htm
CPI,2009-07,2009-08-14,https://www.bls.gov/schedule/2009/home.htm
CPI,2009-08,2009-09-16,https://www.bls.gov/schedule/2009/home.htm
CPI,2009-09,2009-10-15,https://www.bls.gov/schedule/2009/home.htm
CPI,2009-10,2009-11-18,https://www.bls.gov/schedule/2009/home.htm
CPI,2009-11,2009-12-16,https://www.bls.gov/schedule/2009/home.htm
CPI,2009-12,2010-01-15,https://www.bls.gov/schedule/2010/home.htm
CPI,2010-01,2010-02-19,https://www.bls.gov/schedule/2010/home.htm
CPI,2010-02,2010-03-18,https://www.bls.gov/schedule/2010/home.htm
CPI,2010-03,2010-04-14,https://www.bls.gov/schedule/2010/home.htm
CPI,2010-04,2010-05-19,https://www.bls.gov/schedule/2010/home.htm
CPI,2010-05,2010-06-17,https://www.bls.gov/schedule/2010/home.htm
CPI,2010-06,2010-07-16,https://www.bls.gov/schedule/2010/home.htm
CPI,2010-07,2010-08-13,https://www.bls.gov/schedule/2010/home.htm
CPI,2010-08,2010-09-17,https://www.bls.gov/schedule/2010/home.htm
CPI,2010-09,2010-10-15,https://www.bls.gov/schedule/2010/home.htm
CPI,2010-10,2010-11-17,https://www.bls.gov/schedule/2010/home.htm
CPI,2010-11,2010-12-15,https://www.bls.gov/schedule/2010/home.htm
CPI,2010-12,2011-01-14,https://www.bls.gov/schedule/2011/home.htm
CPI,2011-01,2011-02-17,https://www.bls.gov/schedule/2011/home.htm
CPI,2011-02,2011-03-17,https://www.bls.gov/schedule/2011/home.htm
CPI,2011-03,2011-04-15,https://www.bls.gov/schedule/2011/home.htm
CPI,2011-04,2011-05-13,https://www.bls.gov/schedule/2011/home.htm
CPI,2011-05,2011-06-15,https://www.bls.gov/schedule/2011/home.htm
CPI,2011-06,2011-07-15,https://www.bls.gov/schedule/2011/home.htm
CPI,2011-07,2011-08-18,https://www.bls.gov/schedule/2011/home.htm
CPI,2011-08,2011-09-15,https://www.bls.gov/schedule/2011/home.htm
CPI,2011-09,2011-10-19,https://www.bls.gov/schedule/2011/home.htm
CPI,2011-10,2011-11-16,https://www.bls.gov/schedule/2011/home.htm
CPI,2011-11,2011-12-16,https://www.bls.gov/schedule/2011/home.htm
CPI,2011-12,2012-01-19,https://www.bls.gov/schedule/2012/home.htm
CPI,2012-01,2012-02-17,https://www.bls.gov/schedule/2012/home.htm
CPI,2012-02,2012-03-16,https://www.bls.gov/schedule/2012/home.htm
CPI,2012-03,2012-04-13,https://www.bls.gov/schedule/2012/home.htm
CPI,2012-04,2012-05-15,https://www.bls.gov/schedule/2012/home.htm
CPI,2012-05,2012-06-14,https://www.bls.gov/schedule/2012/home.htm
CPI,2012-06,2012-07-17,https://www.bls.gov/schedule/2012/home.htm
CPI,2012-07,2012-08-15,https://www.bls.gov/schedule/2012/home.htm
CPI,2012-08,2012-09-14,https://www.bls.gov/schedule/2012/home.htm
CPI,2012-09,2012-10-16,https://www.bls.gov/schedule/2012/home.htm
CPI,2012-10,2012-11-15,https://www.bls.gov/schedule/2012/home.htm
CPI,2012-11,2012-12-14,https://www.bls.gov/schedule/2012/home.htm
CPI,2012-12,2013-01-16,https://www.bls.gov/schedule/2013/home.htm
CPI,2013-01,2013-02-21,https://www.bls.gov/schedule/2013/home.htm
CPI,2013-02,2013-03-15,https://www.bls.gov/schedule/2013/home.htm
CPI,2013-03,2013-04-16,https://www.bls.gov/schedule/2013/home.htm
CPI,2013-04,2013-05-16,https://www.bls.gov/schedule/2013/home.htm
CPI,2013-05,2013-06-18,https://www.bls.gov/schedule/2013/home.htm
CPI,2013-06,2013-07-16,https://www.bls.gov/schedule/2013/home.htm
CPI,2013-07,2013-08-15,https://www.bls.gov/schedule/2013/home.htm
CPI,2013-08,2013-09-17,https://www.bls.gov/schedule/2013/home.htm
CPI,2013-09,2013-10-30,https://www.bls.gov/schedule/2013/home.htm
CPI,2013-10,2013-11-20,https://www.bls.gov/schedule/2013/home.htm
CPI,2013-11,2013-12-17,https://www.bls.gov/schedule/2013/home.htm
CPI,2013-12,2014-01-16,https://www.bls.gov/schedule/2014/home.htm
CPI,2014-01,2014-02-20,https://www.bls.gov/schedule/2014/home.htm
CPI,2014-02,2014-03-18,https://www.bls.gov/schedule/2014/home.htm
CPI,2014-03,2014-04-15,https://www.bls.gov/schedule/2014/home.htm
CPI,2014-04,2014-05-15,https://www.bls.gov/schedule/2014/home.htm
CPI,2014-05,2014-06-17,https://www.bls.gov/schedule/2014/home.htm
CPI,2014-06,2014-07-22,https://www.bls.gov/schedule/2014/home.htm
CPI,2014-07,2014-08-19,https://www.bls.gov/schedule/2014/home.htm
CPI,2014-08,2014-09-17,https://www.bls.gov/schedule/2014/home.htm
CPI,2014-09,2014-10-22,https://www.bls.gov/schedule/2014/home.htm
CPI,2014-10,2014-11-20,https://www.bls.gov/schedule/2014/home.htm
CPI,2014-11,2014-12-17,https://www.bls.gov/schedule/2014/home.htm
CPI,2014-12,2015-01-16,https://www.bls.gov/schedule/2015/home.htm
CPI,2015-01,2015-02-26,https://www.bls.gov/schedule/2015/home.htm
CPI,2015-02,2015-03-24,https://www.bls.gov/schedule/2015/home.htm
CPI,2015-03,2015-04-17,https://www.bls.gov/schedule/2015/home.htm
CPI,2015-04,2015-05-22,https://www.bls.gov/schedule/2015/home.htm
CPI,2015-05,2015-06-18,https://www.bls.gov/schedule/2015/home.htm
CPI,2015-06,2015-07-17,https://www.bls.gov/schedule/2015/home.htm
CPI,2015-07,2015-08-19,https://www.bls.gov/schedule/2015/home.htm
CPI,2015-08,2015-09-16,https://www.bls.gov/schedule/2015/home.htm
CPI,2015-09,2015-10-15,https://www.bls.gov/schedule/2015/home.htm
CPI,2015-10,2015-11-17,https://www.bls.gov/schedule/2015/home.htm
CPI,2015-11,2015-12-15,https://www.bls.gov/schedule/2015/home.htm
CPI,2015-12,2016-01-20,https://www.bls.gov/schedule/2016/home.htm
CPI,2016-01,2016-02-19,https://www.bls.gov/schedule/2016/home.htm
CPI,2016-02,2016-03-16,https://www.bls.gov/schedule/2016/home.htm
CPI,2016-03,2016-04-14,https://www.bls.gov/schedule/2016/home.htm
CPI,2016-04,2016-05-17,https://www.bls.gov/schedule/2016/home.htm
CPI,2016-05,2016-06-16,https://www.bls.gov/schedule/2016/home.htm
CPI,2016-06,2016-07-15,https://www.bls.gov/schedule/2016/home.htm
CPI,2016-07,2016-08-16,https://www.bls.gov/schedule/2016/home.htm
CPI,2016-08,2016-09-16,https://www.bls.gov/schedule/2016/home.htm
CPI,2016-09,2016-10-18,https://www.bls.gov/schedule/2016/home.htm
CPI,2016-10,2016-11-17,https://www.bls.gov/schedule/2016/home.htm
CPI,2016-11,2016-12-15,https://www.bls.gov/schedule/2016/home.htm
CPI,2016-12,2017-01-18,https://www.bls.gov/schedule/2017/home.htm
CPI,2017-01,2017-02-15,https://www.bls.gov/schedule/2017/home.htm
CPI,2017-02,2017-03-15,https://www.bls.gov/schedule/2017/home.htm
CPI,2017-03,2017-04-14,https://www.bls.gov/schedule/2017/home.htm
CPI,2017-04,2017-05-12,https://www.bls.gov/schedule/2017/home.htm
CPI,2017-05,2017-06-14,https://www.bls.gov/schedule/2017/home.htm
CPI,2017-06,2017-07-14,https://www.bls.gov/schedule/2017/home.htm
CPI,2017-07,2017-08-11,https://www.bls.gov/schedule/2017/home.htm
CPI,2017-08,2017-09-14,https://www.bls.gov/schedule/2017/home.htm
CPI,2017-09,2017-10-13,https://www.bls.gov/schedule/2017/home.htm
CPI,2017-10,2017-11-15,https://www.bls.gov/schedule/2017/home.htm
CPI,2017-11,2017-12-13,https://www.bls.gov/schedule/2017/home.htm
CPI,2017-12,2018-01-12,https://www.bls.gov/schedule/2018/home.htm
CPI,2018-01,2018-02-14,https://www.bls.gov/schedule/2018/home.htm
CPI,2018-02,2018-03-13,https://www.bls.gov/schedule/2018/home.htm
CPI,2018-03,2018-04-11,https://www.bls.gov/schedule/2018/home.htm
CPI,2018-04,2018-05-10,https://www.bls.gov/schedule/2018/home.htm
CPI,2018-05,2018-06-12,https://www.bls.gov/schedule/2018/home.htm
CPI,2018-06,2018-07-12,https://www.bls.gov/schedule/2018/home.htm
CPI,2018-07,2018-08-10,https://www.bls.gov/schedule/2018/home.htm
CPI,2018-08,2018-09-13,https://www.bls.gov/schedule/2018/home.htm
CPI,2018-09,2018-10-11,https://www.bls.gov/schedule/2018/home.htm
CPI,2018-10,2018-11-14,https://www.bls.gov/schedule/2018/home.htm
CPI,2018-11,2018-12-12,https://www.bls.gov/schedule/2018/home.htm
CPI,2018-12,2019-01-11,https://www.bls.gov/schedule/2019/home.htm
CPI,2019-01,2019-02-13,https://www.bls.gov/schedule/2019/home.htm
CPI,2019-02,2019-03-12,https://www.bls.gov/schedule/2019/home.htm
CPI,2019-03,2019-04-10,https://www.bls.gov/schedule/2019/home.htm
CPI,2019-04,2019-05-10,https://www.bls.gov/schedule/2019/home.htm
CPI,2019-05,2019-06-12,https://www.bls.gov/schedule/2019/home.htm
CPI,2019-06,2019-07-11,https://www.bls.gov/schedule/2019/home.htm
CPI,2019-07,2019-08-13,https://www.bls.gov/schedule/2019/home.htm
CPI,2019-08,2019-09-12,https://www.bls.gov/schedule/2019/home.htm
CPI,2019-09,2019-10-10,https://www.bls.gov/schedule/2019/home.htm
CPI,2019-10,2019-11-13,https://www.bls.gov/schedule/2019/home.htm
CPI,2019-11,2019-12-11,https://www.bls.gov/schedule/2019/home.htm
CPI,2019-12,2020-01-14,https://www.bls.gov/schedule/2020/home.htm
CPI,2020-01,2020-02-13,https://www.bls.gov/schedule/2020/home.htm
CPI,2020-02,2020-03-11,https://www.bls.gov/schedule/2020/home.htm
CPI,2020-03,2020-04-10,https://www.bls.gov/schedule/2020/home.htm
CPI,2020-04,2020-05-12,https://www.bls.gov/schedule/2020/home.htm
CPI,2020-05,2020-06-10,https://www.bls.gov/schedule/2020/home.htm
CPI,2020-06,2020-07-14,https://www.bls.gov/schedule/2020/home.htm
CPI,2020-07,2020-08-12,https://www.bls.gov/schedule/2020/home.htm
CPI,2020-08,2020-09-11,https://www.bls.gov/schedule/2020/home.htm
CPI,2020-09,2020-10-13,https://www.bls.gov/schedule/2020/home.htm
CPI,2020-10,2020-11-12,https://www.bls.gov/schedule/2020/home.htm
CPI,2020-11,2020-12-10,https://www.bls.gov/schedule/2020/home.htm
CPI,2020-12,2021-01-13,https://www.bls.gov/schedule/2021/home.htm
CPI,2021-01,2021-02-10,https://www.bls.gov/schedule/2021/home.htm
CPI,2021-02,2021-03-10,https://www.bls.gov/schedule/2021/home.htm
CPI,2021-03,2021-04-13,https://www.bls.gov/schedule/2021/home.htm
CPI,2021-04,2021-05-12,https://www.bls.gov/schedule/2021/home.htm
CPI,2021-05,2021-06-10,https://www.bls.gov/schedule/2021/home.htm
CPI,2021-06,2021-07-13,https://www.bls.gov/schedule/2021/home.htm
CPI,2021-07,2021-08-11,https://www.bls.gov/schedule/2021/home.htm
CPI,2021-08,2021-09-14,https://www.bls.gov/schedule/2021/home.htm
CPI,2021-09,2021-10-13,https://www.bls.gov/schedule/2021/home.htm
CPI,2021-10,2021-11-10,https://www.bls.gov/schedule/2021/home.htm
CPI,2021-11,2021-12-10,https://www.bls.gov/schedule/2021/home.htm
CPI,2021-12,2022-01-12,https://www.bls.gov/schedule/2022/home.htm
CPI,2022-01,2022-02-10,https://www.bls.gov/schedule/2022/home.htm
CPI,2022-02,2022-03-10,https://www.bls.gov/schedule/2022/home.htm
CPI,2022-03,2022-04-12,https://www.bls.gov/schedule/2022/home.htm
CPI,2022-04,2022-05-11,https://www.bls.gov/schedule/2022/home.htm
CPI,2022-05,2022-06-10,https://www.bls.gov/schedule/2022/home.htm
CPI,2022-06,2022-07-13,https://www.bls.gov/schedule/2022/home.htm
CPI,2022-07,2022-08-10,https://www.bls.gov/schedule/2022/home.htm
CPI,2022-08,2022-09-13,https://www.bls.gov/schedule/2022/home.htm
CPI,2022-09,2022-10-13,https://www.bls.gov/schedule/2022/home.htm
CPI,2022-10,2022-11-10,https://www.bls.gov/schedule/2022/home.htm
CPI,2022-11,2022-12-13,https://www.bls.gov/schedule/2022/home.htm
CPI,2022-12,2023-01-12,https://www.bls.gov/schedule/2023/home.htm
CPI,2023-01,2023-02-14,https://www.bls.gov/schedule/2023/home.htm
CPI,2023-02,2023-03-14,https://www.bls.gov/schedule/2023/home.htm
CPI,2023-03,2023-04-12,https://www.bls.gov/schedule/2023/home.htm
CPI,2023-04,2023-05-10,https://www.bls.gov/schedule/2023/home.htm
CPI,2023-05,2023-06-13,https://www.bls.gov/schedule/2023/home.htm
CPI,2023-06,2023-07-12,https://www.bls.gov/schedule/2023/home.htm
CPI,2023-07,2023-08-10,https://www.bls.gov/schedule/2023/home.htm
CPI,2023-08,2023-09-13,https://www.bls.gov/schedule/2023/home.htm
CPI,2023-09,2023-10-12,https://www.bls.gov/schedule/2023/home.htm
CPI,2023-10,2023-11-14,https://www.bls.gov/schedule/2023/home.htm
CPI,2023-11,2023-12-12,https://www.bls.gov/schedule/2023/home.htm
CPI,2023-12,2024-01-11,https://www.bls.gov/schedule/2024/home.htm
CPI,2024-01,2024-02-13,https://www.bls.gov/schedule/2024/home.htm
CPI,2024-02,2024-03-12,https://www.bls.gov/schedule/2024/home.htm
CPI,2024-03,2024-04-10,https://www.bls.gov/schedule/2024/home.htm
CPI,2024-04,2024-05-15,https://www.bls.gov/schedule/2024/home.htm
CPI,2024-05,2024-06-12,https://www.bls.gov/schedule/2024/home.htm
CPI,2024-06,2024-07-11,https://www.bls.gov/schedule/2024/home.htm
CPI,2024-07,2024-08-14,https://www.bls.gov/schedule/2024/home.htm
CPI,2024-08,2024-09-11,https://www.bls.gov/schedule/2024/home.htm
CPI,2024-09,2024-10-10,https://www.bls.gov/schedule/2024/home.htm
CPI,2024-10,2024-11-13,https://www.bls.gov/schedule/2024/home.htm
CPI,2024-11,2024-12-11,https://www.bls.gov/schedule/2024/home.htm
CPI,2024-12,2025-01-15,https://www.bls.gov/schedule/2025/home.htm
CPI,2025-01,2025-02-12,https://www.bls.gov/schedule/2025/home.htm
CPI,2025-02,2025-03-12,https://www.bls.gov/schedule/2025/home.htm
CPI,2025-03,2025-04-10,https://www.bls.gov/schedule/2025/home.htm
CPI,2025-04,2025-05-13,https://www.bls.gov/schedule/2025/home.htm
CPI,2025-05,2025-06-11,https://www.bls.gov/schedule/2025/home.htm
CPI,2025-06,2025-07-15,https://www.bls.gov/schedule/2025/home.htm
CPI,2025-07,2025-08-12,https://www.bls.gov/schedule/2025/home.htm
CPI,2025-08,2025-09-11,https://www.bls.gov/schedule/2025/home.htm
CPI,2025-09,2025-10-24,https://www.bls.gov/schedule/2025/home.htm
CPI,2025-11,2025-12-18,https://www.bls.gov/schedule/2025/home.htm
CPI,2025-12,2026-01-13,https://www.bls.gov/schedule/2026/home.htm
CPI,2026-01,2026-02-13,https://www.bls.gov/schedule/2026/home.htm
CPI,2026-02,2026-03-11,https://www.bls.gov/schedule/2026/home.htm
CPI,2026-03,2026-04-10,https://www.bls.gov/schedule/2026/home.htm
CPI,2026-04,2026-05-12,https://www.bls.gov/schedule/2026/home.htm
CPI,2026-05,2026-06-10,https://www.bls.gov/schedule/2026/home.htm
CPI,2026-06,2026-07-14,https://www.bls.gov/schedule/2026/home.htm
CPI,2026-07,2026-08-12,https://www.bls.gov/schedule/2026/home.htm
CPI,2026-08,2026-09-11,https://www.bls.gov/schedule/2026/home.htm
CPI,2026-09,2026-10-14,https://www.bls.gov/schedule/2026/home.htm
CPI,2026-10,2026-11-10,https://www.bls.gov/schedule/2026/home.htm
CPI,2026-11,2026-12-10,https://www.bls.gov/schedule/2026/home.htm
EMPLOYMENT_SITUATION,2004-12,2005-01-07,https://www.bls.gov/schedule/2005/home.htm
EMPLOYMENT_SITUATION,2005-01,2005-02-04,https://www.bls.gov/schedule/2005/home.htm
EMPLOYMENT_SITUATION,2005-02,2005-03-04,https://www.bls.gov/schedule/2005/home.htm
EMPLOYMENT_SITUATION,2005-03,2005-04-01,https://www.bls.gov/schedule/2005/home.htm
EMPLOYMENT_SITUATION,2005-04,2005-05-06,https://www.bls.gov/schedule/2005/home.htm
EMPLOYMENT_SITUATION,2005-05,2005-06-03,https://www.bls.gov/schedule/2005/home.htm
EMPLOYMENT_SITUATION,2005-06,2005-07-08,https://www.bls.gov/schedule/2005/home.htm
EMPLOYMENT_SITUATION,2005-07,2005-08-05,https://www.bls.gov/schedule/2005/home.htm
EMPLOYMENT_SITUATION,2005-08,2005-09-02,https://www.bls.gov/schedule/2005/home.htm
EMPLOYMENT_SITUATION,2005-09,2005-10-07,https://www.bls.gov/schedule/2005/home.htm
EMPLOYMENT_SITUATION,2005-10,2005-11-04,https://www.bls.gov/schedule/2005/home.htm
EMPLOYMENT_SITUATION,2005-11,2005-12-02,https://www.bls.gov/schedule/2005/home.htm
EMPLOYMENT_SITUATION,2005-12,2006-01-06,https://www.bls.gov/schedule/2005/home.htm
EMPLOYMENT_SITUATION,2006-01,2006-02-03,https://www.bls.gov/schedule/2006/home.htm
EMPLOYMENT_SITUATION,2006-02,2006-03-10,https://www.bls.gov/schedule/2006/home.htm
EMPLOYMENT_SITUATION,2006-03,2006-04-07,https://www.bls.gov/news.release/history/empsit_04072006.txt
EMPLOYMENT_SITUATION,2006-04,2006-05-05,https://www.bls.gov/schedule/2006/home.htm
EMPLOYMENT_SITUATION,2006-05,2006-06-02,https://www.bls.gov/schedule/2006/home.htm
EMPLOYMENT_SITUATION,2006-06,2006-07-07,https://www.bls.gov/schedule/2006/home.htm
EMPLOYMENT_SITUATION,2006-07,2006-08-04,https://www.bls.gov/schedule/2006/home.htm
EMPLOYMENT_SITUATION,2006-08,2006-09-01,https://www.bls.gov/schedule/2006/home.htm
EMPLOYMENT_SITUATION,2006-09,2006-10-06,https://www.bls.gov/schedule/2006/home.htm
EMPLOYMENT_SITUATION,2006-10,2006-11-03,https://www.bls.gov/schedule/2006/home.htm
EMPLOYMENT_SITUATION,2006-11,2006-12-08,https://www.bls.gov/schedule/2006/home.htm
EMPLOYMENT_SITUATION,2006-12,2007-01-05,https://www.bls.gov/schedule/2007/home.htm
EMPLOYMENT_SITUATION,2007-01,2007-02-02,https://www.bls.gov/schedule/2007/home.htm
EMPLOYMENT_SITUATION,2007-02,2007-03-09,https://www.bls.gov/schedule/2007/home.htm
EMPLOYMENT_SITUATION,2007-03,2007-04-06,https://www.bls.gov/news.release/history/empsit_04062007.txt
EMPLOYMENT_SITUATION,2007-04,2007-05-04,https://www.bls.gov/schedule/2007/home.htm
EMPLOYMENT_SITUATION,2007-05,2007-06-01,https://www.bls.gov/schedule/2007/home.htm
EMPLOYMENT_SITUATION,2007-06,2007-07-06,https://www.bls.gov/schedule/2007/home.htm
EMPLOYMENT_SITUATION,2007-07,2007-08-03,https://www.bls.gov/schedule/2007/home.htm
EMPLOYMENT_SITUATION,2007-08,2007-09-07,https://www.bls.gov/schedule/2007/home.htm
EMPLOYMENT_SITUATION,2007-09,2007-10-05,https://www.bls.gov/schedule/2007/home.htm
EMPLOYMENT_SITUATION,2007-10,2007-11-02,https://www.bls.gov/schedule/2007/home.htm
EMPLOYMENT_SITUATION,2007-11,2007-12-07,https://www.bls.gov/schedule/2007/home.htm
EMPLOYMENT_SITUATION,2007-12,2008-01-04,https://www.bls.gov/schedule/2008/home.htm
EMPLOYMENT_SITUATION,2008-01,2008-02-01,https://www.bls.gov/schedule/2008/home.htm
EMPLOYMENT_SITUATION,2008-02,2008-03-07,https://www.bls.gov/schedule/2008/home.htm
EMPLOYMENT_SITUATION,2008-03,2008-04-04,https://www.bls.gov/schedule/2008/home.htm
EMPLOYMENT_SITUATION,2008-04,2008-05-02,https://www.bls.gov/schedule/2008/home.htm
EMPLOYMENT_SITUATION,2008-05,2008-06-06,https://www.bls.gov/schedule/2008/home.htm
EMPLOYMENT_SITUATION,2008-06,2008-07-03,https://www.bls.gov/schedule/2008/home.htm
EMPLOYMENT_SITUATION,2008-07,2008-08-01,https://www.bls.gov/schedule/2008/home.htm
EMPLOYMENT_SITUATION,2008-08,2008-09-05,https://www.bls.gov/schedule/2008/home.htm
EMPLOYMENT_SITUATION,2008-09,2008-10-03,https://www.bls.gov/schedule/2008/home.htm
EMPLOYMENT_SITUATION,2008-10,2008-11-07,https://www.bls.gov/schedule/2008/home.htm
EMPLOYMENT_SITUATION,2008-11,2008-12-05,https://www.bls.gov/schedule/2008/home.htm
EMPLOYMENT_SITUATION,2008-12,2009-01-09,https://www.bls.gov/schedule/2009/home.htm
EMPLOYMENT_SITUATION,2009-01,2009-02-06,https://www.bls.gov/schedule/2009/home.htm
EMPLOYMENT_SITUATION,2009-02,2009-03-06,https://www.bls.gov/schedule/2009/home.htm
EMPLOYMENT_SITUATION,2009-03,2009-04-03,https://www.bls.gov/schedule/2009/home.htm
EMPLOYMENT_SITUATION,2009-04,2009-05-08,https://www.bls.gov/schedule/2009/home.htm
EMPLOYMENT_SITUATION,2009-05,2009-06-05,https://www.bls.gov/schedule/2009/home.htm
EMPLOYMENT_SITUATION,2009-06,2009-07-02,https://www.bls.gov/schedule/2009/home.htm
EMPLOYMENT_SITUATION,2009-07,2009-08-07,https://www.bls.gov/schedule/2009/home.htm
EMPLOYMENT_SITUATION,2009-08,2009-09-04,https://www.bls.gov/schedule/2009/home.htm
EMPLOYMENT_SITUATION,2009-09,2009-10-02,https://www.bls.gov/schedule/2009/home.htm
EMPLOYMENT_SITUATION,2009-10,2009-11-06,https://www.bls.gov/schedule/2009/home.htm
EMPLOYMENT_SITUATION,2009-11,2009-12-04,https://www.bls.gov/schedule/2009/home.htm
EMPLOYMENT_SITUATION,2009-12,2010-01-08,https://www.bls.gov/schedule/2010/home.htm
EMPLOYMENT_SITUATION,2010-01,2010-02-05,https://www.bls.gov/schedule/2010/home.htm
EMPLOYMENT_SITUATION,2010-02,2010-03-05,https://www.bls.gov/schedule/2010/home.htm
EMPLOYMENT_SITUATION,2010-03,2010-04-02,https://www.bls.gov/schedule/2010/home.htm
EMPLOYMENT_SITUATION,2010-04,2010-05-07,https://www.bls.gov/schedule/2010/home.htm
EMPLOYMENT_SITUATION,2010-05,2010-06-04,https://www.bls.gov/schedule/2010/home.htm
EMPLOYMENT_SITUATION,2010-06,2010-07-02,https://www.bls.gov/schedule/2010/home.htm
EMPLOYMENT_SITUATION,2010-07,2010-08-06,https://www.bls.gov/schedule/2010/home.htm
EMPLOYMENT_SITUATION,2010-08,2010-09-03,https://www.bls.gov/schedule/2010/home.htm
EMPLOYMENT_SITUATION,2010-09,2010-10-08,https://www.bls.gov/schedule/2010/home.htm
EMPLOYMENT_SITUATION,2010-10,2010-11-05,https://www.bls.gov/schedule/2010/home.htm
EMPLOYMENT_SITUATION,2010-11,2010-12-03,https://www.bls.gov/schedule/2010/home.htm
EMPLOYMENT_SITUATION,2010-12,2011-01-07,https://www.bls.gov/schedule/2011/home.htm
EMPLOYMENT_SITUATION,2011-01,2011-02-04,https://www.bls.gov/schedule/2011/home.htm
EMPLOYMENT_SITUATION,2011-02,2011-03-04,https://www.bls.gov/schedule/2011/home.htm
EMPLOYMENT_SITUATION,2011-03,2011-04-01,https://www.bls.gov/schedule/2011/home.htm
EMPLOYMENT_SITUATION,2011-04,2011-05-06,https://www.bls.gov/schedule/2011/home.htm
EMPLOYMENT_SITUATION,2011-05,2011-06-03,https://www.bls.gov/schedule/2011/home.htm
EMPLOYMENT_SITUATION,2011-06,2011-07-08,https://www.bls.gov/schedule/2011/home.htm
EMPLOYMENT_SITUATION,2011-07,2011-08-05,https://www.bls.gov/schedule/2011/home.htm
EMPLOYMENT_SITUATION,2011-08,2011-09-02,https://www.bls.gov/schedule/2011/home.htm
EMPLOYMENT_SITUATION,2011-09,2011-10-07,https://www.bls.gov/schedule/2011/home.htm
EMPLOYMENT_SITUATION,2011-10,2011-11-04,https://www.bls.gov/schedule/2011/home.htm
EMPLOYMENT_SITUATION,2011-11,2011-12-02,https://www.bls.gov/schedule/2011/home.htm
EMPLOYMENT_SITUATION,2011-12,2012-01-06,https://www.bls.gov/schedule/2012/home.htm
EMPLOYMENT_SITUATION,2012-01,2012-02-03,https://www.bls.gov/schedule/2012/home.htm
EMPLOYMENT_SITUATION,2012-02,2012-03-09,https://www.bls.gov/schedule/2012/home.htm
EMPLOYMENT_SITUATION,2012-03,2012-04-06,https://www.bls.gov/schedule/2012/home.htm
EMPLOYMENT_SITUATION,2012-04,2012-05-04,https://www.bls.gov/schedule/2012/home.htm
EMPLOYMENT_SITUATION,2012-05,2012-06-01,https://www.bls.gov/schedule/2012/home.htm
EMPLOYMENT_SITUATION,2012-06,2012-07-06,https://www.bls.gov/schedule/2012/home.htm
EMPLOYMENT_SITUATION,2012-07,2012-08-03,https://www.bls.gov/schedule/2012/home.htm
EMPLOYMENT_SITUATION,2012-08,2012-09-07,https://www.bls.gov/schedule/2012/home.htm
EMPLOYMENT_SITUATION,2012-09,2012-10-05,https://www.bls.gov/schedule/2012/home.htm
EMPLOYMENT_SITUATION,2012-10,2012-11-02,https://www.bls.gov/schedule/2012/home.htm
EMPLOYMENT_SITUATION,2012-11,2012-12-07,https://www.bls.gov/schedule/2012/home.htm
EMPLOYMENT_SITUATION,2012-12,2013-01-04,https://www.bls.gov/schedule/2013/home.htm
EMPLOYMENT_SITUATION,2013-01,2013-02-01,https://www.bls.gov/schedule/2013/home.htm
EMPLOYMENT_SITUATION,2013-02,2013-03-08,https://www.bls.gov/schedule/2013/home.htm
EMPLOYMENT_SITUATION,2013-03,2013-04-05,https://www.bls.gov/schedule/2013/home.htm
EMPLOYMENT_SITUATION,2013-04,2013-05-03,https://www.bls.gov/schedule/2013/home.htm
EMPLOYMENT_SITUATION,2013-05,2013-06-07,https://www.bls.gov/schedule/2013/home.htm
EMPLOYMENT_SITUATION,2013-06,2013-07-05,https://www.bls.gov/schedule/2013/home.htm
EMPLOYMENT_SITUATION,2013-07,2013-08-02,https://www.bls.gov/schedule/2013/home.htm
EMPLOYMENT_SITUATION,2013-08,2013-09-06,https://www.bls.gov/schedule/2013/home.htm
EMPLOYMENT_SITUATION,2013-09,2013-10-22,https://www.bls.gov/schedule/2013/home.htm
EMPLOYMENT_SITUATION,2013-10,2013-11-08,https://www.bls.gov/schedule/2013/home.htm
EMPLOYMENT_SITUATION,2013-11,2013-12-06,https://www.bls.gov/schedule/2013/home.htm
EMPLOYMENT_SITUATION,2013-12,2014-01-10,https://www.bls.gov/schedule/2014/home.htm
EMPLOYMENT_SITUATION,2014-01,2014-02-07,https://www.bls.gov/schedule/2014/home.htm
EMPLOYMENT_SITUATION,2014-02,2014-03-07,https://www.bls.gov/schedule/2014/home.htm
EMPLOYMENT_SITUATION,2014-03,2014-04-04,https://www.bls.gov/schedule/2014/home.htm
EMPLOYMENT_SITUATION,2014-04,2014-05-02,https://www.bls.gov/schedule/2014/home.htm
EMPLOYMENT_SITUATION,2014-05,2014-06-06,https://www.bls.gov/schedule/2014/home.htm
EMPLOYMENT_SITUATION,2014-06,2014-07-03,https://www.bls.gov/schedule/2014/home.htm
EMPLOYMENT_SITUATION,2014-07,2014-08-01,https://www.bls.gov/schedule/2014/home.htm
EMPLOYMENT_SITUATION,2014-08,2014-09-05,https://www.bls.gov/schedule/2014/home.htm
EMPLOYMENT_SITUATION,2014-09,2014-10-03,https://www.bls.gov/schedule/2014/home.htm
EMPLOYMENT_SITUATION,2014-10,2014-11-07,https://www.bls.gov/schedule/2014/home.htm
EMPLOYMENT_SITUATION,2014-11,2014-12-05,https://www.bls.gov/schedule/2014/home.htm
EMPLOYMENT_SITUATION,2014-12,2015-01-09,https://www.bls.gov/schedule/2015/home.htm
EMPLOYMENT_SITUATION,2015-01,2015-02-06,https://www.bls.gov/schedule/2015/home.htm
EMPLOYMENT_SITUATION,2015-02,2015-03-06,https://www.bls.gov/schedule/2015/home.htm
EMPLOYMENT_SITUATION,2015-03,2015-04-03,https://www.bls.gov/schedule/2015/home.htm
EMPLOYMENT_SITUATION,2015-04,2015-05-08,https://www.bls.gov/schedule/2015/home.htm
EMPLOYMENT_SITUATION,2015-05,2015-06-05,https://www.bls.gov/schedule/2015/home.htm
EMPLOYMENT_SITUATION,2015-06,2015-07-02,https://www.bls.gov/schedule/2015/home.htm
EMPLOYMENT_SITUATION,2015-07,2015-08-07,https://www.bls.gov/schedule/2015/home.htm
EMPLOYMENT_SITUATION,2015-08,2015-09-04,https://www.bls.gov/schedule/2015/home.htm
EMPLOYMENT_SITUATION,2015-09,2015-10-02,https://www.bls.gov/schedule/2015/home.htm
EMPLOYMENT_SITUATION,2015-10,2015-11-06,https://www.bls.gov/schedule/2015/home.htm
EMPLOYMENT_SITUATION,2015-11,2015-12-04,https://www.bls.gov/schedule/2015/home.htm
EMPLOYMENT_SITUATION,2015-12,2016-01-08,https://www.bls.gov/schedule/2016/home.htm
EMPLOYMENT_SITUATION,2016-01,2016-02-05,https://www.bls.gov/schedule/2016/home.htm
EMPLOYMENT_SITUATION,2016-02,2016-03-04,https://www.bls.gov/schedule/2016/home.htm
EMPLOYMENT_SITUATION,2016-03,2016-04-01,https://www.bls.gov/schedule/2016/home.htm
EMPLOYMENT_SITUATION,2016-04,2016-05-06,https://www.bls.gov/schedule/2016/home.htm
EMPLOYMENT_SITUATION,2016-05,2016-06-03,https://www.bls.gov/schedule/2016/home.htm
EMPLOYMENT_SITUATION,2016-06,2016-07-08,https://www.bls.gov/schedule/2016/home.htm
EMPLOYMENT_SITUATION,2016-07,2016-08-05,https://www.bls.gov/schedule/2016/home.htm
EMPLOYMENT_SITUATION,2016-08,2016-09-02,https://www.bls.gov/schedule/2016/home.htm
EMPLOYMENT_SITUATION,2016-09,2016-10-07,https://www.bls.gov/schedule/2016/home.htm
EMPLOYMENT_SITUATION,2016-10,2016-11-04,https://www.bls.gov/schedule/2016/home.htm
EMPLOYMENT_SITUATION,2016-11,2016-12-02,https://www.bls.gov/schedule/2016/home.htm
EMPLOYMENT_SITUATION,2016-12,2017-01-06,https://www.bls.gov/schedule/2017/home.htm
EMPLOYMENT_SITUATION,2017-01,2017-02-03,https://www.bls.gov/schedule/2017/home.htm
EMPLOYMENT_SITUATION,2017-02,2017-03-10,https://www.bls.gov/schedule/2017/home.htm
EMPLOYMENT_SITUATION,2017-03,2017-04-07,https://www.bls.gov/schedule/2017/home.htm
EMPLOYMENT_SITUATION,2017-04,2017-05-05,https://www.bls.gov/schedule/2017/home.htm
EMPLOYMENT_SITUATION,2017-05,2017-06-02,https://www.bls.gov/schedule/2017/home.htm
EMPLOYMENT_SITUATION,2017-06,2017-07-07,https://www.bls.gov/schedule/2017/home.htm
EMPLOYMENT_SITUATION,2017-07,2017-08-04,https://www.bls.gov/schedule/2017/home.htm
EMPLOYMENT_SITUATION,2017-08,2017-09-01,https://www.bls.gov/schedule/2017/home.htm
EMPLOYMENT_SITUATION,2017-09,2017-10-06,https://www.bls.gov/schedule/2017/home.htm
EMPLOYMENT_SITUATION,2017-10,2017-11-03,https://www.bls.gov/schedule/2017/home.htm
EMPLOYMENT_SITUATION,2017-11,2017-12-08,https://www.bls.gov/schedule/2017/home.htm
EMPLOYMENT_SITUATION,2017-12,2018-01-05,https://www.bls.gov/schedule/2018/home.htm
EMPLOYMENT_SITUATION,2018-01,2018-02-02,https://www.bls.gov/schedule/2018/home.htm
EMPLOYMENT_SITUATION,2018-02,2018-03-09,https://www.bls.gov/schedule/2018/home.htm
EMPLOYMENT_SITUATION,2018-03,2018-04-06,https://www.bls.gov/schedule/2018/home.htm
EMPLOYMENT_SITUATION,2018-04,2018-05-04,https://www.bls.gov/schedule/2018/home.htm
EMPLOYMENT_SITUATION,2018-05,2018-06-01,https://www.bls.gov/schedule/2018/home.htm
EMPLOYMENT_SITUATION,2018-06,2018-07-06,https://www.bls.gov/schedule/2018/home.htm
EMPLOYMENT_SITUATION,2018-07,2018-08-03,https://www.bls.gov/schedule/2018/home.htm
EMPLOYMENT_SITUATION,2018-08,2018-09-07,https://www.bls.gov/schedule/2018/home.htm
EMPLOYMENT_SITUATION,2018-09,2018-10-05,https://www.bls.gov/schedule/2018/home.htm
EMPLOYMENT_SITUATION,2018-10,2018-11-02,https://www.bls.gov/schedule/2018/home.htm
EMPLOYMENT_SITUATION,2018-11,2018-12-07,https://www.bls.gov/schedule/2018/home.htm
EMPLOYMENT_SITUATION,2018-12,2019-01-04,https://www.bls.gov/schedule/2019/home.htm
EMPLOYMENT_SITUATION,2019-01,2019-02-01,https://www.bls.gov/schedule/2019/home.htm
EMPLOYMENT_SITUATION,2019-02,2019-03-08,https://www.bls.gov/schedule/2019/home.htm
EMPLOYMENT_SITUATION,2019-03,2019-04-05,https://www.bls.gov/schedule/2019/home.htm
EMPLOYMENT_SITUATION,2019-04,2019-05-03,https://www.bls.gov/schedule/2019/home.htm
EMPLOYMENT_SITUATION,2019-05,2019-06-07,https://www.bls.gov/schedule/2019/home.htm
EMPLOYMENT_SITUATION,2019-06,2019-07-05,https://www.bls.gov/schedule/2019/home.htm
EMPLOYMENT_SITUATION,2019-07,2019-08-02,https://www.bls.gov/schedule/2019/home.htm
EMPLOYMENT_SITUATION,2019-08,2019-09-06,https://www.bls.gov/schedule/2019/home.htm
EMPLOYMENT_SITUATION,2019-09,2019-10-04,https://www.bls.gov/schedule/2019/home.htm
EMPLOYMENT_SITUATION,2019-10,2019-11-01,https://www.bls.gov/schedule/2019/home.htm
EMPLOYMENT_SITUATION,2019-11,2019-12-06,https://www.bls.gov/schedule/2019/home.htm
EMPLOYMENT_SITUATION,2019-12,2020-01-10,https://www.bls.gov/schedule/2020/home.htm
EMPLOYMENT_SITUATION,2020-01,2020-02-07,https://www.bls.gov/schedule/2020/home.htm
EMPLOYMENT_SITUATION,2020-02,2020-03-06,https://www.bls.gov/schedule/2020/home.htm
EMPLOYMENT_SITUATION,2020-03,2020-04-03,https://www.bls.gov/schedule/2020/home.htm
EMPLOYMENT_SITUATION,2020-04,2020-05-08,https://www.bls.gov/schedule/2020/home.htm
EMPLOYMENT_SITUATION,2020-05,2020-06-05,https://www.bls.gov/schedule/2020/home.htm
EMPLOYMENT_SITUATION,2020-06,2020-07-02,https://www.bls.gov/schedule/2020/home.htm
EMPLOYMENT_SITUATION,2020-07,2020-08-07,https://www.bls.gov/schedule/2020/home.htm
EMPLOYMENT_SITUATION,2020-08,2020-09-04,https://www.bls.gov/schedule/2020/home.htm
EMPLOYMENT_SITUATION,2020-09,2020-10-02,https://www.bls.gov/schedule/2020/home.htm
EMPLOYMENT_SITUATION,2020-10,2020-11-06,https://www.bls.gov/schedule/2020/home.htm
EMPLOYMENT_SITUATION,2020-11,2020-12-04,https://www.bls.gov/schedule/2020/home.htm
EMPLOYMENT_SITUATION,2020-12,2021-01-08,https://www.bls.gov/schedule/2021/home.htm
EMPLOYMENT_SITUATION,2021-01,2021-02-05,https://www.bls.gov/schedule/2021/home.htm
EMPLOYMENT_SITUATION,2021-02,2021-03-05,https://www.bls.gov/schedule/2021/home.htm
EMPLOYMENT_SITUATION,2021-03,2021-04-02,https://www.bls.gov/schedule/2021/home.htm
EMPLOYMENT_SITUATION,2021-04,2021-05-07,https://www.bls.gov/schedule/2021/home.htm
EMPLOYMENT_SITUATION,2021-05,2021-06-04,https://www.bls.gov/schedule/2021/home.htm
EMPLOYMENT_SITUATION,2021-06,2021-07-02,https://www.bls.gov/schedule/2021/home.htm
EMPLOYMENT_SITUATION,2021-07,2021-08-06,https://www.bls.gov/schedule/2021/home.htm
EMPLOYMENT_SITUATION,2021-08,2021-09-03,https://www.bls.gov/schedule/2021/home.htm
EMPLOYMENT_SITUATION,2021-09,2021-10-08,https://www.bls.gov/schedule/2021/home.htm
EMPLOYMENT_SITUATION,2021-10,2021-11-05,https://www.bls.gov/schedule/2021/home.htm
EMPLOYMENT_SITUATION,2021-11,2021-12-03,https://www.bls.gov/schedule/2021/home.htm
EMPLOYMENT_SITUATION,2021-12,2022-01-07,https://www.bls.gov/schedule/2022/home.htm
EMPLOYMENT_SITUATION,2022-01,2022-02-04,https://www.bls.gov/schedule/2022/home.htm
EMPLOYMENT_SITUATION,2022-02,2022-03-04,https://www.bls.gov/schedule/2022/home.htm
EMPLOYMENT_SITUATION,2022-03,2022-04-01,https://www.bls.gov/schedule/2022/home.htm
EMPLOYMENT_SITUATION,2022-04,2022-05-06,https://www.bls.gov/schedule/2022/home.htm
EMPLOYMENT_SITUATION,2022-05,2022-06-03,https://www.bls.gov/schedule/2022/home.htm
EMPLOYMENT_SITUATION,2022-06,2022-07-08,https://www.bls.gov/schedule/2022/home.htm
EMPLOYMENT_SITUATION,2022-07,2022-08-05,https://www.bls.gov/schedule/2022/home.htm
EMPLOYMENT_SITUATION,2022-08,2022-09-02,https://www.bls.gov/schedule/2022/home.htm
EMPLOYMENT_SITUATION,2022-09,2022-10-07,https://www.bls.gov/schedule/2022/home.htm
EMPLOYMENT_SITUATION,2022-10,2022-11-04,https://www.bls.gov/schedule/2022/home.htm
EMPLOYMENT_SITUATION,2022-11,2022-12-02,https://www.bls.gov/schedule/2022/home.htm
EMPLOYMENT_SITUATION,2022-12,2023-01-06,https://www.bls.gov/schedule/2023/home.htm
EMPLOYMENT_SITUATION,2023-01,2023-02-03,https://www.bls.gov/schedule/2023/home.htm
EMPLOYMENT_SITUATION,2023-02,2023-03-10,https://www.bls.gov/schedule/2023/home.htm
EMPLOYMENT_SITUATION,2023-03,2023-04-07,https://www.bls.gov/schedule/2023/home.htm
EMPLOYMENT_SITUATION,2023-04,2023-05-05,https://www.bls.gov/schedule/2023/home.htm
EMPLOYMENT_SITUATION,2023-05,2023-06-02,https://www.bls.gov/schedule/2023/home.htm
EMPLOYMENT_SITUATION,2023-06,2023-07-07,https://www.bls.gov/schedule/2023/home.htm
EMPLOYMENT_SITUATION,2023-07,2023-08-04,https://www.bls.gov/schedule/2023/home.htm
EMPLOYMENT_SITUATION,2023-08,2023-09-01,https://www.bls.gov/schedule/2023/home.htm
EMPLOYMENT_SITUATION,2023-09,2023-10-06,https://www.bls.gov/schedule/2023/home.htm
EMPLOYMENT_SITUATION,2023-10,2023-11-03,https://www.bls.gov/schedule/2023/home.htm
EMPLOYMENT_SITUATION,2023-11,2023-12-08,https://www.bls.gov/schedule/2023/home.htm
EMPLOYMENT_SITUATION,2023-12,2024-01-05,https://www.bls.gov/schedule/2024/home.htm
EMPLOYMENT_SITUATION,2024-01,2024-02-02,https://www.bls.gov/schedule/2024/home.htm
EMPLOYMENT_SITUATION,2024-02,2024-03-08,https://www.bls.gov/schedule/2024/home.htm
EMPLOYMENT_SITUATION,2024-03,2024-04-05,https://www.bls.gov/schedule/2024/home.htm
EMPLOYMENT_SITUATION,2024-04,2024-05-03,https://www.bls.gov/schedule/2024/home.htm
EMPLOYMENT_SITUATION,2024-05,2024-06-07,https://www.bls.gov/schedule/2024/home.htm
EMPLOYMENT_SITUATION,2024-06,2024-07-05,https://www.bls.gov/schedule/2024/home.htm
EMPLOYMENT_SITUATION,2024-07,2024-08-02,https://www.bls.gov/schedule/2024/home.htm
EMPLOYMENT_SITUATION,2024-08,2024-09-06,https://www.bls.gov/schedule/2024/home.htm
EMPLOYMENT_SITUATION,2024-09,2024-10-04,https://www.bls.gov/schedule/2024/home.htm
EMPLOYMENT_SITUATION,2024-10,2024-11-01,https://www.bls.gov/schedule/2024/home.htm
EMPLOYMENT_SITUATION,2024-11,2024-12-06,https://www.bls.gov/schedule/2024/home.htm
EMPLOYMENT_SITUATION,2024-12,2025-01-10,https://www.bls.gov/schedule/2025/home.htm
EMPLOYMENT_SITUATION,2025-01,2025-02-07,https://www.bls.gov/schedule/2025/home.htm
EMPLOYMENT_SITUATION,2025-02,2025-03-07,https://www.bls.gov/schedule/2025/home.htm
EMPLOYMENT_SITUATION,2025-03,2025-04-04,https://www.bls.gov/schedule/2025/home.htm
EMPLOYMENT_SITUATION,2025-04,2025-05-02,https://www.bls.gov/schedule/2025/home.htm
EMPLOYMENT_SITUATION,2025-05,2025-06-06,https://www.bls.gov/schedule/2025/home.htm
EMPLOYMENT_SITUATION,2025-06,2025-07-03,https://www.bls.gov/schedule/2025/home.htm
EMPLOYMENT_SITUATION,2025-07,2025-08-01,https://www.bls.gov/schedule/2025/home.htm
EMPLOYMENT_SITUATION,2025-08,2025-09-05,https://www.bls.gov/schedule/2025/home.htm
EMPLOYMENT_SITUATION,2025-09,2025-11-20,https://www.bls.gov/schedule/2025/home.htm
EMPLOYMENT_SITUATION,2025-11,2025-12-16,https://www.bls.gov/schedule/2025/home.htm
EMPLOYMENT_SITUATION,2025-12,2026-01-09,https://www.bls.gov/schedule/2026/home.htm
EMPLOYMENT_SITUATION,2026-01,2026-02-11,https://www.bls.gov/schedule/2026/home.htm
EMPLOYMENT_SITUATION,2026-02,2026-03-06,https://www.bls.gov/schedule/2026/home.htm
EMPLOYMENT_SITUATION,2026-03,2026-04-03,https://www.bls.gov/schedule/2026/home.htm
EMPLOYMENT_SITUATION,2026-04,2026-05-08,https://www.bls.gov/schedule/2026/home.htm
EMPLOYMENT_SITUATION,2026-05,2026-06-05,https://www.bls.gov/schedule/2026/home.htm
EMPLOYMENT_SITUATION,2026-06,2026-07-02,https://www.bls.gov/schedule/2026/home.htm
EMPLOYMENT_SITUATION,2026-07,2026-08-07,https://www.bls.gov/schedule/2026/home.htm
EMPLOYMENT_SITUATION,2026-08,2026-09-04,https://www.bls.gov/schedule/2026/home.htm
EMPLOYMENT_SITUATION,2026-09,2026-10-02,https://www.bls.gov/schedule/2026/home.htm
EMPLOYMENT_SITUATION,2026-10,2026-11-06,https://www.bls.gov/schedule/2026/home.htm
EMPLOYMENT_SITUATION,2026-11,2026-12-04,https://www.bls.gov/schedule/2026/home.htm
JOLTS,2004-11,2005-01-12,https://www.bls.gov/news.release/history/jolts_01122005.txt
JOLTS,2004-12,2005-02-09,https://www.bls.gov/news.release/history/jolts_02092005.txt
JOLTS,2005-01,2005-03-15,https://www.bls.gov/news.release/history/jolts_03152005.txt
JOLTS,2005-02,2005-04-12,https://www.bls.gov/news.release/history/jolts_04122005.txt
JOLTS,2005-03,2005-05-10,https://www.bls.gov/news.release/history/jolts_05102005.txt
JOLTS,2005-04,2005-06-07,https://www.bls.gov/news.release/history/jolts_06072005.txt
JOLTS,2005-05,2005-07-12,https://www.bls.gov/news.release/history/jolts_07122005.txt
JOLTS,2005-06,2005-08-10,https://www.bls.gov/news.release/history/jolts_08102005.txt
JOLTS,2005-07,2005-09-07,https://www.bls.gov/news.release/history/jolts_09072005.txt
JOLTS,2005-08,2005-10-12,https://www.bls.gov/news.release/history/jolts_10122005.txt
JOLTS,2005-09,2005-11-08,https://www.bls.gov/news.release/history/jolts_11082005.txt
JOLTS,2005-10,2005-12-13,https://www.bls.gov/news.release/history/jolts_12132005.txt
JOLTS,2005-11,2006-01-10,https://www.bls.gov/news.release/history/jolts_01102006.txt
JOLTS,2005-12,2006-02-07,https://www.bls.gov/news.release/history/jolts_02072006.txt
JOLTS,2006-01,2006-03-14,https://www.bls.gov/news.release/history/jolts_03142006.txt
JOLTS,2006-02,2006-04-11,https://www.bls.gov/news.release/history/jolts_04112006.txt
JOLTS,2006-03,2006-05-09,https://www.bls.gov/news.release/history/jolts_05092006.txt
JOLTS,2006-04,2006-06-06,https://www.bls.gov/news.release/history/jolts_06062006.txt
JOLTS,2006-05,2006-07-11,https://www.bls.gov/news.release/history/jolts_07112006.txt
JOLTS,2006-06,2006-08-09,https://www.bls.gov/news.release/history/jolts_08092006.txt
JOLTS,2006-07,2006-09-12,https://www.bls.gov/news.release/history/jolts_09122006.txt
JOLTS,2006-08,2006-10-11,https://www.bls.gov/news.release/history/jolts_10112006.txt
JOLTS,2006-09,2006-11-07,https://www.bls.gov/news.release/history/jolts_11072006.txt
JOLTS,2006-10,2006-12-12,https://www.bls.gov/news.release/history/jolts_12122006.txt
JOLTS,2006-11,2007-01-10,https://www.bls.gov/news.release/history/jolts_01102007.txt
JOLTS,2006-12,2007-02-06,https://www.bls.gov/news.release/history/jolts_02062007.txt
JOLTS,2007-01,2007-03-13,https://www.bls.gov/news.release/history/jolts_03132007.txt
JOLTS,2007-02,2007-04-10,https://www.bls.gov/news.release/history/jolts_04102007.txt
JOLTS,2007-03,2007-05-08,https://www.bls.gov/news.release/history/jolts_05082007.txt
JOLTS,2007-04,2007-06-12,https://www.bls.gov/news.release/history/jolts_06122007.txt
JOLTS,2007-05,2007-07-10,https://www.bls.gov/news.release/history/jolts_07102007.txt
JOLTS,2007-06,2007-08-08,https://www.bls.gov/news.release/history/jolts_08082007.txt
JOLTS,2007-07,2007-09-11,https://www.bls.gov/news.release/history/jolts_09112007.txt
JOLTS,2007-08,2007-10-10,https://www.bls.gov/news.release/history/jolts_10102007.txt
JOLTS,2007-09,2007-11-06,https://www.bls.gov/news.release/history/jolts_11062007.txt
JOLTS,2007-10,2007-12-11,https://www.bls.gov/news.release/history/jolts_12112007.txt
JOLTS,2007-11,2008-01-10,https://www.bls.gov/schedule/2008/home.htm
JOLTS,2007-12,2008-02-12,https://www.bls.gov/schedule/2008/home.htm
JOLTS,2008-01,2008-03-12,https://www.bls.gov/schedule/2008/home.htm
JOLTS,2008-02,2008-04-08,https://www.bls.gov/schedule/2008/home.htm
JOLTS,2008-03,2008-05-15,https://www.bls.gov/schedule/2008/home.htm
JOLTS,2008-04,2008-06-10,https://www.bls.gov/schedule/2008/home.htm
JOLTS,2008-05,2008-07-09,https://www.bls.gov/schedule/2008/home.htm
JOLTS,2008-06,2008-08-12,https://www.bls.gov/schedule/2008/home.htm
JOLTS,2008-07,2008-09-09,https://www.bls.gov/schedule/2008/home.htm
JOLTS,2008-08,2008-10-07,https://www.bls.gov/schedule/2008/home.htm
JOLTS,2008-09,2008-11-13,https://www.bls.gov/schedule/2008/home.htm
JOLTS,2008-10,2008-12-09,https://www.bls.gov/schedule/2008/home.htm
JOLTS,2008-11,2009-01-13,https://www.bls.gov/schedule/2009/home.htm
JOLTS,2008-12,2009-02-10,https://www.bls.gov/schedule/2009/home.htm
JOLTS,2009-01,2009-03-10,https://www.bls.gov/schedule/2009/home.htm
JOLTS,2009-02,2009-04-07,https://www.bls.gov/schedule/2009/home.htm
JOLTS,2009-03,2009-05-12,https://www.bls.gov/schedule/2009/home.htm
JOLTS,2009-04,2009-06-09,https://www.bls.gov/schedule/2009/home.htm
JOLTS,2009-05,2009-07-07,https://www.bls.gov/schedule/2009/home.htm
JOLTS,2009-06,2009-08-12,https://www.bls.gov/schedule/2009/home.htm
JOLTS,2009-07,2009-09-09,https://www.bls.gov/schedule/2009/home.htm
JOLTS,2009-08,2009-10-09,https://www.bls.gov/schedule/2009/home.htm
JOLTS,2009-09,2009-11-10,https://www.bls.gov/schedule/2009/home.htm
JOLTS,2009-10,2009-12-08,https://www.bls.gov/schedule/2009/home.htm
JOLTS,2009-11,2010-01-12,https://www.bls.gov/schedule/2010/home.htm
JOLTS,2009-12,2010-02-09,https://www.bls.gov/schedule/2010/home.htm
JOLTS,2010-01,2010-03-09,https://www.bls.gov/schedule/2010/home.htm
JOLTS,2010-02,2010-04-06,https://www.bls.gov/schedule/2010/home.htm
JOLTS,2010-03,2010-05-11,https://www.bls.gov/schedule/2010/home.htm
JOLTS,2010-04,2010-06-08,https://www.bls.gov/schedule/2010/home.htm
JOLTS,2010-05,2010-07-13,https://www.bls.gov/schedule/2010/home.htm
JOLTS,2010-06,2010-08-11,https://www.bls.gov/schedule/2010/home.htm
JOLTS,2010-07,2010-09-08,https://www.bls.gov/schedule/2010/home.htm
JOLTS,2010-08,2010-10-07,https://www.bls.gov/schedule/2010/home.htm
JOLTS,2010-09,2010-11-09,https://www.bls.gov/schedule/2010/home.htm
JOLTS,2010-10,2010-12-07,https://www.bls.gov/schedule/2010/home.htm
JOLTS,2010-11,2011-01-11,https://www.bls.gov/schedule/2011/home.htm
JOLTS,2010-12,2011-02-08,https://www.bls.gov/schedule/2011/home.htm
JOLTS,2011-01,2011-03-11,https://www.bls.gov/schedule/2011/home.htm
JOLTS,2011-02,2011-04-13,https://www.bls.gov/schedule/2011/home.htm
JOLTS,2011-03,2011-05-11,https://www.bls.gov/schedule/2011/home.htm
JOLTS,2011-04,2011-06-07,https://www.bls.gov/schedule/2011/home.htm
JOLTS,2011-05,2011-07-12,https://www.bls.gov/schedule/2011/home.htm
JOLTS,2011-06,2011-08-10,https://www.bls.gov/schedule/2011/home.htm
JOLTS,2011-07,2011-09-07,https://www.bls.gov/schedule/2011/home.htm
JOLTS,2011-08,2011-10-12,https://www.bls.gov/schedule/2011/home.htm
JOLTS,2011-09,2011-11-08,https://www.bls.gov/schedule/2011/home.htm
JOLTS,2011-10,2011-12-13,https://www.bls.gov/schedule/2011/home.htm
JOLTS,2011-11,2012-01-10,https://www.bls.gov/schedule/2012/home.htm
JOLTS,2011-12,2012-02-07,https://www.bls.gov/schedule/2012/home.htm
JOLTS,2012-01,2012-03-13,https://www.bls.gov/schedule/2012/home.htm
JOLTS,2012-02,2012-04-10,https://www.bls.gov/schedule/2012/home.htm
JOLTS,2012-03,2012-05-08,https://www.bls.gov/schedule/2012/home.htm
JOLTS,2012-04,2012-06-19,https://www.bls.gov/schedule/2012/home.htm
JOLTS,2012-05,2012-07-10,https://www.bls.gov/schedule/2012/home.htm
JOLTS,2012-06,2012-08-07,https://www.bls.gov/schedule/2012/home.htm
JOLTS,2012-07,2012-09-11,https://www.bls.gov/schedule/2012/home.htm
JOLTS,2012-08,2012-10-10,https://www.bls.gov/schedule/2012/home.htm
JOLTS,2012-09,2012-11-06,https://www.bls.gov/schedule/2012/home.htm
JOLTS,2012-10,2012-12-11,https://www.bls.gov/schedule/2012/home.htm
JOLTS,2012-11,2013-01-10,https://www.bls.gov/schedule/2013/home.htm
JOLTS,2012-12,2013-02-12,https://www.bls.gov/schedule/2013/home.htm
JOLTS,2013-01,2013-03-12,https://www.bls.gov/schedule/2013/home.htm
JOLTS,2013-02,2013-04-09,https://www.bls.gov/schedule/2013/home.htm
JOLTS,2013-03,2013-05-07,https://www.bls.gov/schedule/2013/home.htm
JOLTS,2013-04,2013-06-11,https://www.bls.gov/schedule/2013/home.htm
JOLTS,2013-05,2013-07-09,https://www.bls.gov/schedule/2013/home.htm
JOLTS,2013-06,2013-08-06,https://www.bls.gov/schedule/2013/home.htm
JOLTS,2013-07,2013-09-10,https://www.bls.gov/schedule/2013/home.htm
JOLTS,2013-08,2013-10-24,https://www.bls.gov/schedule/2013/home.htm
JOLTS,2013-09,2013-11-22,https://www.bls.gov/schedule/2013/home.htm
JOLTS,2013-10,2013-12-10,https://www.bls.gov/schedule/2013/home.htm
JOLTS,2013-11,2014-01-17,https://www.bls.gov/schedule/2014/home.htm
JOLTS,2013-12,2014-02-11,https://www.bls.gov/schedule/2014/home.htm
JOLTS,2014-01,2014-03-11,https://www.bls.gov/schedule/2014/home.htm
JOLTS,2014-02,2014-04-08,https://www.bls.gov/schedule/2014/home.htm
JOLTS,2014-03,2014-05-09,https://www.bls.gov/schedule/2014/home.htm
JOLTS,2014-04,2014-06-10,https://www.bls.gov/schedule/2014/home.htm
JOLTS,2014-05,2014-07-08,https://www.bls.gov/schedule/2014/home.htm
JOLTS,2014-06,2014-08-12,https://www.bls.gov/schedule/2014/home.htm
JOLTS,2014-07,2014-09-09,https://www.bls.gov/schedule/2014/home.htm
JOLTS,2014-08,2014-10-07,https://www.bls.gov/schedule/2014/home.htm
JOLTS,2014-09,2014-11-13,https://www.bls.gov/schedule/2014/home.htm
JOLTS,2014-10,2014-12-09,https://www.bls.gov/schedule/2014/home.htm
JOLTS,2014-11,2015-01-13,https://www.bls.gov/schedule/2015/home.htm
JOLTS,2014-12,2015-02-10,https://www.bls.gov/schedule/2015/home.htm
JOLTS,2015-01,2015-03-10,https://www.bls.gov/schedule/2015/home.htm
JOLTS,2015-02,2015-04-07,https://www.bls.gov/schedule/2015/home.htm
JOLTS,2015-03,2015-05-12,https://www.bls.gov/schedule/2015/home.htm
JOLTS,2015-04,2015-06-09,https://www.bls.gov/schedule/2015/home.htm
JOLTS,2015-05,2015-07-07,https://www.bls.gov/schedule/2015/home.htm
JOLTS,2015-06,2015-08-12,https://www.bls.gov/schedule/2015/home.htm
JOLTS,2015-07,2015-09-09,https://www.bls.gov/schedule/2015/home.htm
JOLTS,2015-08,2015-10-16,https://www.bls.gov/schedule/2015/home.htm
JOLTS,2015-09,2015-11-12,https://www.bls.gov/schedule/2015/home.htm
JOLTS,2015-10,2015-12-08,https://www.bls.gov/schedule/2015/home.htm
JOLTS,2015-11,2016-01-12,https://www.bls.gov/schedule/2016/home.htm
JOLTS,2015-12,2016-02-09,https://www.bls.gov/schedule/2016/home.htm
JOLTS,2016-01,2016-03-17,https://www.bls.gov/schedule/2016/home.htm
JOLTS,2016-02,2016-04-05,https://www.bls.gov/schedule/2016/home.htm
JOLTS,2016-03,2016-05-10,https://www.bls.gov/schedule/2016/home.htm
JOLTS,2016-04,2016-06-08,https://www.bls.gov/schedule/2016/home.htm
JOLTS,2016-05,2016-07-12,https://www.bls.gov/schedule/2016/home.htm
JOLTS,2016-06,2016-08-10,https://www.bls.gov/schedule/2016/home.htm
JOLTS,2016-07,2016-09-07,https://www.bls.gov/schedule/2016/home.htm
JOLTS,2016-08,2016-10-12,https://www.bls.gov/schedule/2016/home.htm
JOLTS,2016-09,2016-11-08,https://www.bls.gov/schedule/2016/home.htm
JOLTS,2016-10,2016-12-07,https://www.bls.gov/schedule/2016/home.htm
JOLTS,2016-11,2017-01-10,https://www.bls.gov/schedule/2017/home.htm
JOLTS,2016-12,2017-02-07,https://www.bls.gov/schedule/2017/home.htm
JOLTS,2017-01,2017-03-16,https://www.bls.gov/schedule/2017/home.htm
JOLTS,2017-02,2017-04-11,https://www.bls.gov/schedule/2017/home.htm
JOLTS,2017-03,2017-05-09,https://www.bls.gov/schedule/2017/home.htm
JOLTS,2017-04,2017-06-06,https://www.bls.gov/schedule/2017/home.htm
JOLTS,2017-05,2017-07-11,https://www.bls.gov/schedule/2017/home.htm
JOLTS,2017-06,2017-08-08,https://www.bls.gov/schedule/2017/home.htm
JOLTS,2017-07,2017-09-12,https://www.bls.gov/schedule/2017/home.htm
JOLTS,2017-08,2017-10-11,https://www.bls.gov/schedule/2017/home.htm
JOLTS,2017-09,2017-11-07,https://www.bls.gov/schedule/2017/home.htm
JOLTS,2017-10,2017-12-11,https://www.bls.gov/schedule/2017/home.htm
JOLTS,2017-11,2018-01-09,https://www.bls.gov/schedule/2018/home.htm
JOLTS,2017-12,2018-02-06,https://www.bls.gov/schedule/2018/home.htm
JOLTS,2018-01,2018-03-16,https://www.bls.gov/schedule/2018/home.htm
JOLTS,2018-02,2018-04-13,https://www.bls.gov/schedule/2018/home.htm
JOLTS,2018-03,2018-05-08,https://www.bls.gov/schedule/2018/home.htm
JOLTS,2018-04,2018-06-05,https://www.bls.gov/schedule/2018/home.htm
JOLTS,2018-05,2018-07-10,https://www.bls.gov/schedule/2018/home.htm
JOLTS,2018-06,2018-08-07,https://www.bls.gov/schedule/2018/home.htm
JOLTS,2018-07,2018-09-11,https://www.bls.gov/schedule/2018/home.htm
JOLTS,2018-08,2018-10-16,https://www.bls.gov/schedule/2018/home.htm
JOLTS,2018-09,2018-11-06,https://www.bls.gov/schedule/2018/home.htm
JOLTS,2018-10,2018-12-10,https://www.bls.gov/schedule/2018/home.htm
JOLTS,2018-11,2019-01-08,https://www.bls.gov/schedule/2019/home.htm
JOLTS,2018-12,2019-02-12,https://www.bls.gov/schedule/2019/home.htm
JOLTS,2019-01,2019-03-15,https://www.bls.gov/schedule/2019/home.htm
JOLTS,2019-02,2019-04-09,https://www.bls.gov/schedule/2019/home.htm
JOLTS,2019-03,2019-05-07,https://www.bls.gov/schedule/2019/home.htm
JOLTS,2019-04,2019-06-10,https://www.bls.gov/schedule/2019/home.htm
JOLTS,2019-05,2019-07-09,https://www.bls.gov/schedule/2019/home.htm
JOLTS,2019-06,2019-08-06,https://www.bls.gov/schedule/2019/home.htm
JOLTS,2019-07,2019-09-10,https://www.bls.gov/schedule/2019/home.htm
JOLTS,2019-08,2019-10-09,https://www.bls.gov/schedule/2019/home.htm
JOLTS,2019-09,2019-11-05,https://www.bls.gov/schedule/2019/home.htm
JOLTS,2019-10,2019-12-17,https://www.bls.gov/schedule/2019/home.htm
JOLTS,2019-11,2020-01-17,https://www.bls.gov/schedule/2020/home.htm
JOLTS,2019-12,2020-02-11,https://www.bls.gov/schedule/2020/home.htm
JOLTS,2020-01,2020-03-17,https://www.bls.gov/schedule/2020/home.htm
JOLTS,2020-02,2020-04-07,https://www.bls.gov/schedule/2020/home.htm
JOLTS,2020-03,2020-05-15,https://www.bls.gov/schedule/2020/home.htm
JOLTS,2020-04,2020-06-09,https://www.bls.gov/schedule/2020/home.htm
JOLTS,2020-05,2020-07-07,https://www.bls.gov/schedule/2020/home.htm
JOLTS,2020-06,2020-08-10,https://www.bls.gov/schedule/2020/home.htm
JOLTS,2020-07,2020-09-09,https://www.bls.gov/schedule/2020/home.htm
JOLTS,2020-08,2020-10-06,https://www.bls.gov/schedule/2020/home.htm
JOLTS,2020-09,2020-11-10,https://www.bls.gov/schedule/2020/home.htm
JOLTS,2020-10,2020-12-09,https://www.bls.gov/schedule/2020/home.htm
JOLTS,2020-11,2021-01-12,https://www.bls.gov/schedule/2021/home.htm
JOLTS,2020-12,2021-02-09,https://www.bls.gov/schedule/2021/home.htm
JOLTS,2021-01,2021-03-11,https://www.bls.gov/schedule/2021/home.htm
JOLTS,2021-02,2021-04-06,https://www.bls.gov/schedule/2021/home.htm
JOLTS,2021-03,2021-05-11,https://www.bls.gov/schedule/2021/home.htm
JOLTS,2021-04,2021-06-08,https://www.bls.gov/schedule/2021/home.htm
JOLTS,2021-05,2021-07-07,https://www.bls.gov/schedule/2021/home.htm
JOLTS,2021-06,2021-08-09,https://www.bls.gov/schedule/2021/home.htm
JOLTS,2021-07,2021-09-08,https://www.bls.gov/schedule/2021/home.htm
JOLTS,2021-08,2021-10-12,https://www.bls.gov/schedule/2021/home.htm
JOLTS,2021-09,2021-11-12,https://www.bls.gov/schedule/2021/home.htm
JOLTS,2021-10,2021-12-08,https://www.bls.gov/schedule/2021/home.htm
JOLTS,2021-11,2022-01-04,https://www.bls.gov/schedule/2022/home.htm
JOLTS,2021-12,2022-02-01,https://www.bls.gov/schedule/2022/home.htm
JOLTS,2022-01,2022-03-09,https://www.bls.gov/schedule/2022/home.htm
JOLTS,2022-02,2022-03-29,https://www.bls.gov/schedule/2022/home.htm
JOLTS,2022-03,2022-05-03,https://www.bls.gov/schedule/2022/home.htm
JOLTS,2022-04,2022-06-01,https://www.bls.gov/schedule/2022/home.htm
JOLTS,2022-05,2022-07-06,https://www.bls.gov/schedule/2022/home.htm
JOLTS,2022-06,2022-08-02,https://www.bls.gov/schedule/2022/home.htm
JOLTS,2022-07,2022-08-30,https://www.bls.gov/schedule/2022/home.htm
JOLTS,2022-08,2022-10-04,https://www.bls.gov/schedule/2022/home.htm
JOLTS,2022-09,2022-11-01,https://www.bls.gov/schedule/2022/home.htm
JOLTS,2022-10,2022-11-30,https://www.bls.gov/schedule/2022/home.htm
JOLTS,2022-11,2023-01-04,https://www.bls.gov/schedule/2023/home.htm
JOLTS,2022-12,2023-02-01,https://www.bls.gov/schedule/2023/home.htm
JOLTS,2023-01,2023-03-08,https://www.bls.gov/schedule/2023/home.htm
JOLTS,2023-02,2023-04-04,https://www.bls.gov/schedule/2023/home.htm
JOLTS,2023-03,2023-05-02,https://www.bls.gov/schedule/2023/home.htm
JOLTS,2023-04,2023-05-31,https://www.bls.gov/schedule/2023/home.htm
JOLTS,2023-05,2023-07-06,https://www.bls.gov/schedule/2023/home.htm
JOLTS,2023-06,2023-08-01,https://www.bls.gov/schedule/2023/home.htm
JOLTS,2023-07,2023-08-29,https://www.bls.gov/schedule/2023/home.htm
JOLTS,2023-08,2023-10-03,https://www.bls.gov/schedule/2023/home.htm
JOLTS,2023-09,2023-11-01,https://www.bls.gov/schedule/2023/home.htm
JOLTS,2023-10,2023-12-05,https://www.bls.gov/schedule/2023/home.htm
JOLTS,2023-11,2024-01-03,https://www.bls.gov/schedule/2024/home.htm
JOLTS,2023-12,2024-01-30,https://www.bls.gov/schedule/2024/home.htm
JOLTS,2024-01,2024-03-06,https://www.bls.gov/schedule/2024/home.htm
JOLTS,2024-02,2024-04-02,https://www.bls.gov/schedule/2024/home.htm
JOLTS,2024-03,2024-05-01,https://www.bls.gov/schedule/2024/home.htm
JOLTS,2024-04,2024-06-04,https://www.bls.gov/schedule/2024/home.htm
JOLTS,2024-05,2024-07-02,https://www.bls.gov/schedule/2024/home.htm
JOLTS,2024-06,2024-07-30,https://www.bls.gov/schedule/2024/home.htm
JOLTS,2024-07,2024-09-04,https://www.bls.gov/schedule/2024/home.htm
JOLTS,2024-08,2024-10-01,https://www.bls.gov/schedule/2024/home.htm
JOLTS,2024-09,2024-10-29,https://www.bls.gov/schedule/2024/home.htm
JOLTS,2024-10,2024-12-03,https://www.bls.gov/schedule/2024/home.htm
JOLTS,2024-11,2025-01-07,https://www.bls.gov/schedule/2025/home.htm
JOLTS,2024-12,2025-02-04,https://www.bls.gov/schedule/2025/home.htm
JOLTS,2025-01,2025-03-11,https://www.bls.gov/schedule/2025/home.htm
JOLTS,2025-02,2025-04-01,https://www.bls.gov/schedule/2025/home.htm
JOLTS,2025-03,2025-04-29,https://www.bls.gov/schedule/2025/home.htm
JOLTS,2025-04,2025-06-03,https://www.bls.gov/schedule/2025/home.htm
JOLTS,2025-05,2025-07-01,https://www.bls.gov/schedule/2025/home.htm
JOLTS,2025-06,2025-07-29,https://www.bls.gov/schedule/2025/home.htm
JOLTS,2025-07,2025-09-03,https://www.bls.gov/schedule/2025/home.htm
JOLTS,2025-08,2025-09-30,https://www.bls.gov/schedule/2025/home.htm
JOLTS,2025-10,2025-12-09,https://www.bls.gov/schedule/2025/home.htm
JOLTS,2025-11,2026-01-07,https://www.bls.gov/schedule/2026/home.htm
JOLTS,2025-12,2026-02-05,https://www.bls.gov/schedule/2026/home.htm
JOLTS,2026-01,2026-03-13,https://www.bls.gov/schedule/2026/home.htm
JOLTS,2026-02,2026-03-31,https://www.bls.gov/schedule/2026/home.htm
JOLTS,2026-03,2026-05-05,https://www.bls.gov/schedule/2026/home.htm
JOLTS,2026-04,2026-06-02,https://www.bls.gov/schedule/2026/home.htm
JOLTS,2026-05,2026-06-30,https://www.bls.gov/schedule/2026/home.htm
JOLTS,2026-06,2026-08-04,https://www.bls.gov/schedule/2026/home.htm
JOLTS,2026-07,2026-09-01,https://www.bls.gov/schedule/2026/home.htm
JOLTS,2026-08,2026-09-29,https://www.bls.gov/schedule/2026/home.htm
JOLTS,2026-09,2026-11-03,https://www.bls.gov/schedule/2026/home.htm
JOLTS,2026-10,2026-12-01,https://www.bls.gov/schedule/2026/home.htm
PPI,2004-12,2005-01-14,https://www.bls.gov/schedule/2005/home.htm
PPI,2005-01,2005-02-18,https://www.bls.gov/schedule/2005/home.htm
PPI,2005-02,2005-03-22,https://www.bls.gov/schedule/2005/home.htm
PPI,2005-03,2005-04-19,https://www.bls.gov/news.release/history/ppi_04192005.txt
PPI,2005-04,2005-05-17,https://www.bls.gov/schedule/2005/home.htm
PPI,2005-05,2005-06-14,https://www.bls.gov/schedule/2005/home.htm
PPI,2005-06,2005-07-15,https://www.bls.gov/schedule/2005/home.htm
PPI,2005-07,2005-08-17,https://www.bls.gov/schedule/2005/home.htm
PPI,2005-08,2005-09-13,https://www.bls.gov/schedule/2005/home.htm
PPI,2005-09,2005-10-18,https://www.bls.gov/schedule/2005/home.htm
PPI,2005-10,2005-11-15,https://www.bls.gov/schedule/2005/home.htm
PPI,2005-11,2005-12-20,https://www.bls.gov/schedule/2005/home.htm
PPI,2005-12,2006-01-13,https://www.bls.gov/schedule/2005/home.htm
PPI,2006-01,2006-02-17,https://www.bls.gov/schedule/2006/home.htm
PPI,2006-02,2006-03-21,https://www.bls.gov/schedule/2006/home.htm
PPI,2006-03,2006-04-18,https://www.bls.gov/news.release/history/ppi_04182006.txt
PPI,2006-04,2006-05-16,https://www.bls.gov/schedule/2006/home.htm
PPI,2006-05,2006-06-13,https://www.bls.gov/schedule/2006/home.htm
PPI,2006-06,2006-07-18,https://www.bls.gov/schedule/2006/home.htm
PPI,2006-07,2006-08-15,https://www.bls.gov/schedule/2006/home.htm
PPI,2006-08,2006-09-19,https://www.bls.gov/schedule/2006/home.htm
PPI,2006-09,2006-10-17,https://www.bls.gov/schedule/2006/home.htm
PPI,2006-10,2006-11-14,https://www.bls.gov/schedule/2006/home.htm
PPI,2006-11,2006-12-19,https://www.bls.gov/schedule/2006/home.htm
PPI,2006-12,2007-01-17,https://www.bls.gov/schedule/2007/home.htm
PPI,2007-01,2007-02-16,https://www.bls.gov/schedule/2007/home.htm
PPI,2007-02,2007-03-15,https://www.bls.gov/schedule/2007/home.htm
PPI,2007-03,2007-04-13,https://www.bls.gov/news.release/history/ppi_04132007.txt
PPI,2007-04,2007-05-11,https://www.bls.gov/schedule/2007/home.htm
PPI,2007-05,2007-06-14,https://www.bls.gov/schedule/2007/home.htm
PPI,2007-06,2007-07-17,https://www.bls.gov/schedule/2007/home.htm
PPI,2007-07,2007-08-14,https://www.bls.gov/schedule/2007/home.htm
PPI,2007-08,2007-09-18,https://www.bls.gov/schedule/2007/home.htm
PPI,2007-09,2007-10-12,https://www.bls.gov/schedule/2007/home.htm
PPI,2007-10,2007-11-14,https://www.bls.gov/schedule/2007/home.htm
PPI,2007-11,2007-12-13,https://www.bls.gov/schedule/2007/home.htm
PPI,2007-12,2008-01-15,https://www.bls.gov/schedule/2008/home.htm
PPI,2008-01,2008-02-26,https://www.bls.gov/schedule/2008/home.htm
PPI,2008-02,2008-03-18,https://www.bls.gov/schedule/2008/home.htm
PPI,2008-03,2008-04-15,https://www.bls.gov/schedule/2008/home.htm
PPI,2008-04,2008-05-20,https://www.bls.gov/schedule/2008/home.htm
PPI,2008-05,2008-06-17,https://www.bls.gov/schedule/2008/home.htm
PPI,2008-06,2008-07-15,https://www.bls.gov/schedule/2008/home.htm
PPI,2008-07,2008-08-19,https://www.bls.gov/schedule/2008/home.htm
PPI,2008-08,2008-09-12,https://www.bls.gov/schedule/2008/home.htm
PPI,2008-09,2008-10-15,https://www.bls.gov/schedule/2008/home.htm
PPI,2008-10,2008-11-18,https://www.bls.gov/schedule/2008/home.htm
PPI,2008-11,2008-12-12,https://www.bls.gov/schedule/2008/home.htm
PPI,2008-12,2009-01-15,https://www.bls.gov/schedule/2009/home.htm
PPI,2009-01,2009-02-19,https://www.bls.gov/schedule/2009/home.htm
PPI,2009-02,2009-03-17,https://www.bls.gov/schedule/2009/home.htm
PPI,2009-03,2009-04-14,https://www.bls.gov/schedule/2009/home.htm
PPI,2009-04,2009-05-14,https://www.bls.gov/schedule/2009/home.htm
PPI,2009-05,2009-06-16,https://www.bls.gov/schedule/2009/home.htm
PPI,2009-06,2009-07-14,https://www.bls.gov/schedule/2009/home.htm
PPI,2009-07,2009-08-18,https://www.bls.gov/schedule/2009/home.htm
PPI,2009-08,2009-09-15,https://www.bls.gov/schedule/2009/home.htm
PPI,2009-09,2009-10-20,https://www.bls.gov/schedule/2009/home.htm
PPI,2009-10,2009-11-17,https://www.bls.gov/schedule/2009/home.htm
PPI,2009-11,2009-12-15,https://www.bls.gov/schedule/2009/home.htm
PPI,2009-12,2010-01-20,https://www.bls.gov/schedule/2010/home.htm
PPI,2010-01,2010-02-18,https://www.bls.gov/schedule/2010/home.htm
PPI,2010-02,2010-03-17,https://www.bls.gov/schedule/2010/home.htm
PPI,2010-03,2010-04-22,https://www.bls.gov/schedule/2010/home.htm
PPI,2010-04,2010-05-18,https://www.bls.gov/schedule/2010/home.htm
PPI,2010-05,2010-06-16,https://www.bls.gov/schedule/2010/home.htm
PPI,2010-06,2010-07-15,https://www.bls.gov/schedule/2010/home.htm
PPI,2010-07,2010-08-17,https://www.bls.gov/schedule/2010/home.htm
PPI,2010-08,2010-09-16,https://www.bls.gov/schedule/2010/home.htm
PPI,2010-09,2010-10-14,https://www.bls.gov/schedule/2010/home.htm
PPI,2010-10,2010-11-16,https://www.bls.gov/schedule/2010/home.htm
PPI,2010-11,2010-12-14,https://www.bls.gov/schedule/2010/home.htm
PPI,2010-12,2011-01-13,https://www.bls.gov/schedule/2011/home.htm
PPI,2011-01,2011-02-16,https://www.bls.gov/schedule/2011/home.htm
PPI,2011-02,2011-03-16,https://www.bls.gov/schedule/2011/home.htm
PPI,2011-03,2011-04-14,https://www.bls.gov/schedule/2011/home.htm
PPI,2011-04,2011-05-12,https://www.bls.gov/schedule/2011/home.htm
PPI,2011-05,2011-06-14,https://www.bls.gov/schedule/2011/home.htm
PPI,2011-06,2011-07-14,https://www.bls.gov/schedule/2011/home.htm
PPI,2011-07,2011-08-17,https://www.bls.gov/schedule/2011/home.htm
PPI,2011-08,2011-09-14,https://www.bls.gov/schedule/2011/home.htm
PPI,2011-09,2011-10-18,https://www.bls.gov/schedule/2011/home.htm
PPI,2011-10,2011-11-15,https://www.bls.gov/schedule/2011/home.htm
PPI,2011-11,2011-12-15,https://www.bls.gov/schedule/2011/home.htm
PPI,2011-12,2012-01-18,https://www.bls.gov/schedule/2012/home.htm
PPI,2012-01,2012-02-16,https://www.bls.gov/schedule/2012/home.htm
PPI,2012-02,2012-03-15,https://www.bls.gov/schedule/2012/home.htm
PPI,2012-03,2012-04-12,https://www.bls.gov/schedule/2012/home.htm
PPI,2012-04,2012-05-11,https://www.bls.gov/schedule/2012/home.htm
PPI,2012-05,2012-06-13,https://www.bls.gov/schedule/2012/home.htm
PPI,2012-06,2012-07-13,https://www.bls.gov/schedule/2012/home.htm
PPI,2012-07,2012-08-14,https://www.bls.gov/schedule/2012/home.htm
PPI,2012-08,2012-09-13,https://www.bls.gov/schedule/2012/home.htm
PPI,2012-09,2012-10-12,https://www.bls.gov/schedule/2012/home.htm
PPI,2012-10,2012-11-14,https://www.bls.gov/schedule/2012/home.htm
PPI,2012-11,2012-12-13,https://www.bls.gov/schedule/2012/home.htm
PPI,2012-12,2013-01-15,https://www.bls.gov/schedule/2013/home.htm
PPI,2013-01,2013-02-20,https://www.bls.gov/schedule/2013/home.htm
PPI,2013-02,2013-03-14,https://www.bls.gov/schedule/2013/home.htm
PPI,2013-03,2013-04-12,https://www.bls.gov/schedule/2013/home.htm
PPI,2013-04,2013-05-15,https://www.bls.gov/schedule/2013/home.htm
PPI,2013-05,2013-06-14,https://www.bls.gov/schedule/2013/home.htm
PPI,2013-06,2013-07-12,https://www.bls.gov/schedule/2013/home.htm
PPI,2013-07,2013-08-14,https://www.bls.gov/schedule/2013/home.htm
PPI,2013-08,2013-09-13,https://www.bls.gov/schedule/2013/home.htm
PPI,2013-09,2013-10-29,https://www.bls.gov/schedule/2013/home.htm
PPI,2013-10,2013-11-21,https://www.bls.gov/schedule/2013/home.htm
PPI,2013-11,2013-12-13,https://www.bls.gov/schedule/2013/home.htm
PPI,2013-12,2014-01-15,https://www.bls.gov/schedule/2014/home.htm
PPI,2014-01,2014-02-19,https://www.bls.gov/schedule/2014/home.htm
PPI,2014-02,2014-03-14,https://www.bls.gov/schedule/2014/home.htm
PPI,2014-03,2014-04-11,https://www.bls.gov/schedule/2014/home.htm
PPI,2014-04,2014-05-14,https://www.bls.gov/schedule/2014/home.htm
PPI,2014-05,2014-06-13,https://www.bls.gov/schedule/2014/home.htm
PPI,2014-06,2014-07-16,https://www.bls.gov/schedule/2014/home.htm
PPI,2014-07,2014-08-15,https://www.bls.gov/schedule/2014/home.htm
PPI,2014-08,2014-09-16,https://www.bls.gov/schedule/2014/home.htm
PPI,2014-09,2014-10-15,https://www.bls.gov/schedule/2014/home.htm
PPI,2014-10,2014-11-18,https://www.bls.gov/schedule/2014/home.htm
PPI,2014-11,2014-12-12,https://www.bls.gov/schedule/2014/home.htm
PPI,2014-12,2015-01-15,https://www.bls.gov/schedule/2015/home.htm
PPI,2015-01,2015-02-18,https://www.bls.gov/schedule/2015/home.htm
PPI,2015-02,2015-03-13,https://www.bls.gov/schedule/2015/home.htm
PPI,2015-03,2015-04-14,https://www.bls.gov/schedule/2015/home.htm
PPI,2015-04,2015-05-14,https://www.bls.gov/schedule/2015/home.htm
PPI,2015-05,2015-06-12,https://www.bls.gov/schedule/2015/home.htm
PPI,2015-06,2015-07-15,https://www.bls.gov/schedule/2015/home.htm
PPI,2015-07,2015-08-14,https://www.bls.gov/schedule/2015/home.htm
PPI,2015-08,2015-09-11,https://www.bls.gov/schedule/2015/home.htm
PPI,2015-09,2015-10-14,https://www.bls.gov/schedule/2015/home.htm
PPI,2015-10,2015-11-13,https://www.bls.gov/schedule/2015/home.htm
PPI,2015-11,2015-12-11,https://www.bls.gov/schedule/2015/home.htm
PPI,2015-12,2016-01-15,https://www.bls.gov/schedule/2016/home.htm
PPI,2016-01,2016-02-17,https://www.bls.gov/schedule/2016/home.htm
PPI,2016-02,2016-03-15,https://www.bls.gov/schedule/2016/home.htm
PPI,2016-03,2016-04-13,https://www.bls.gov/schedule/2016/home.htm
PPI,2016-04,2016-05-13,https://www.bls.gov/schedule/2016/home.htm
PPI,2016-05,2016-06-15,https://www.bls.gov/schedule/2016/home.htm
PPI,2016-06,2016-07-14,https://www.bls.gov/schedule/2016/home.htm
PPI,2016-07,2016-08-12,https://www.bls.gov/schedule/2016/home.htm
PPI,2016-08,2016-09-15,https://www.bls.gov/schedule/2016/home.htm
PPI,2016-09,2016-10-14,https://www.bls.gov/schedule/2016/home.htm
PPI,2016-10,2016-11-16,https://www.bls.gov/schedule/2016/home.htm
PPI,2016-11,2016-12-14,https://www.bls.gov/schedule/2016/home.htm
PPI,2016-12,2017-01-13,https://www.bls.gov/schedule/2017/home.htm
PPI,2017-01,2017-02-14,https://www.bls.gov/schedule/2017/home.htm
PPI,2017-02,2017-03-14,https://www.bls.gov/schedule/2017/home.htm
PPI,2017-03,2017-04-13,https://www.bls.gov/schedule/2017/home.htm
PPI,2017-04,2017-05-11,https://www.bls.gov/schedule/2017/home.htm
PPI,2017-05,2017-06-13,https://www.bls.gov/schedule/2017/home.htm
PPI,2017-06,2017-07-13,https://www.bls.gov/schedule/2017/home.htm
PPI,2017-07,2017-08-10,https://www.bls.gov/schedule/2017/home.htm
PPI,2017-08,2017-09-13,https://www.bls.gov/schedule/2017/home.htm
PPI,2017-09,2017-10-12,https://www.bls.gov/schedule/2017/home.htm
PPI,2017-10,2017-11-14,https://www.bls.gov/schedule/2017/home.htm
PPI,2017-11,2017-12-12,https://www.bls.gov/schedule/2017/home.htm
PPI,2017-12,2018-01-11,https://www.bls.gov/schedule/2018/home.htm
PPI,2018-01,2018-02-15,https://www.bls.gov/schedule/2018/home.htm
PPI,2018-02,2018-03-14,https://www.bls.gov/schedule/2018/home.htm
PPI,2018-03,2018-04-10,https://www.bls.gov/schedule/2018/home.htm
PPI,2018-04,2018-05-09,https://www.bls.gov/schedule/2018/home.htm
PPI,2018-05,2018-06-13,https://www.bls.gov/schedule/2018/home.htm
PPI,2018-06,2018-07-11,https://www.bls.gov/schedule/2018/home.htm
PPI,2018-07,2018-08-09,https://www.bls.gov/schedule/2018/home.htm
PPI,2018-08,2018-09-12,https://www.bls.gov/schedule/2018/home.htm
PPI,2018-09,2018-10-10,https://www.bls.gov/schedule/2018/home.htm
PPI,2018-10,2018-11-09,https://www.bls.gov/schedule/2018/home.htm
PPI,2018-11,2018-12-11,https://www.bls.gov/schedule/2018/home.htm
PPI,2018-12,2019-01-15,https://www.bls.gov/schedule/2019/home.htm
PPI,2019-01,2019-02-14,https://www.bls.gov/schedule/2019/home.htm
PPI,2019-02,2019-03-13,https://www.bls.gov/schedule/2019/home.htm
PPI,2019-03,2019-04-11,https://www.bls.gov/schedule/2019/home.htm
PPI,2019-04,2019-05-09,https://www.bls.gov/schedule/2019/home.htm
PPI,2019-05,2019-06-11,https://www.bls.gov/schedule/2019/home.htm
PPI,2019-06,2019-07-12,https://www.bls.gov/schedule/2019/home.htm
PPI,2019-07,2019-08-09,https://www.bls.gov/schedule/2019/home.htm
PPI,2019-08,2019-09-11,https://www.bls.gov/schedule/2019/home.htm
PPI,2019-09,2019-10-08,https://www.bls.gov/schedule/2019/home.htm
PPI,2019-10,2019-11-14,https://www.bls.gov/schedule/2019/home.htm
PPI,2019-11,2019-12-12,https://www.bls.gov/schedule/2019/home.htm
PPI,2019-12,2020-01-15,https://www.bls.gov/schedule/2020/home.htm
PPI,2020-01,2020-02-19,https://www.bls.gov/schedule/2020/home.htm
PPI,2020-02,2020-03-12,https://www.bls.gov/schedule/2020/home.htm
PPI,2020-03,2020-04-09,https://www.bls.gov/schedule/2020/home.htm
PPI,2020-04,2020-05-13,https://www.bls.gov/schedule/2020/home.htm
PPI,2020-05,2020-06-11,https://www.bls.gov/schedule/2020/home.htm
PPI,2020-06,2020-07-10,https://www.bls.gov/schedule/2020/home.htm
PPI,2020-07,2020-08-11,https://www.bls.gov/schedule/2020/home.htm
PPI,2020-08,2020-09-10,https://www.bls.gov/schedule/2020/home.htm
PPI,2020-09,2020-10-14,https://www.bls.gov/schedule/2020/home.htm
PPI,2020-10,2020-11-13,https://www.bls.gov/schedule/2020/home.htm
PPI,2020-11,2020-12-11,https://www.bls.gov/schedule/2020/home.htm
PPI,2020-12,2021-01-15,https://www.bls.gov/schedule/2021/home.htm
PPI,2021-01,2021-02-17,https://www.bls.gov/schedule/2021/home.htm
PPI,2021-02,2021-03-12,https://www.bls.gov/schedule/2021/home.htm
PPI,2021-03,2021-04-09,https://www.bls.gov/schedule/2021/home.htm
PPI,2021-04,2021-05-13,https://www.bls.gov/schedule/2021/home.htm
PPI,2021-05,2021-06-15,https://www.bls.gov/schedule/2021/home.htm
PPI,2021-06,2021-07-14,https://www.bls.gov/schedule/2021/home.htm
PPI,2021-07,2021-08-12,https://www.bls.gov/schedule/2021/home.htm
PPI,2021-08,2021-09-10,https://www.bls.gov/schedule/2021/home.htm
PPI,2021-09,2021-10-14,https://www.bls.gov/schedule/2021/home.htm
PPI,2021-10,2021-11-09,https://www.bls.gov/schedule/2021/home.htm
PPI,2021-11,2021-12-14,https://www.bls.gov/schedule/2021/home.htm
PPI,2021-12,2022-01-13,https://www.bls.gov/schedule/2022/home.htm
PPI,2022-01,2022-02-15,https://www.bls.gov/schedule/2022/home.htm
PPI,2022-02,2022-03-15,https://www.bls.gov/schedule/2022/home.htm
PPI,2022-03,2022-04-13,https://www.bls.gov/schedule/2022/home.htm
PPI,2022-04,2022-05-12,https://www.bls.gov/schedule/2022/home.htm
PPI,2022-05,2022-06-14,https://www.bls.gov/schedule/2022/home.htm
PPI,2022-06,2022-07-14,https://www.bls.gov/schedule/2022/home.htm
PPI,2022-07,2022-08-11,https://www.bls.gov/schedule/2022/home.htm
PPI,2022-08,2022-09-14,https://www.bls.gov/schedule/2022/home.htm
PPI,2022-09,2022-10-12,https://www.bls.gov/schedule/2022/home.htm
PPI,2022-10,2022-11-15,https://www.bls.gov/schedule/2022/home.htm
PPI,2022-11,2022-12-09,https://www.bls.gov/schedule/2022/home.htm
PPI,2022-12,2023-01-18,https://www.bls.gov/schedule/2023/home.htm
PPI,2023-01,2023-02-16,https://www.bls.gov/schedule/2023/home.htm
PPI,2023-02,2023-03-15,https://www.bls.gov/schedule/2023/home.htm
PPI,2023-03,2023-04-13,https://www.bls.gov/schedule/2023/home.htm
PPI,2023-04,2023-05-11,https://www.bls.gov/schedule/2023/home.htm
PPI,2023-05,2023-06-14,https://www.bls.gov/schedule/2023/home.htm
PPI,2023-06,2023-07-13,https://www.bls.gov/schedule/2023/home.htm
PPI,2023-07,2023-08-11,https://www.bls.gov/schedule/2023/home.htm
PPI,2023-08,2023-09-14,https://www.bls.gov/schedule/2023/home.htm
PPI,2023-09,2023-10-11,https://www.bls.gov/schedule/2023/home.htm
PPI,2023-10,2023-11-15,https://www.bls.gov/schedule/2023/home.htm
PPI,2023-11,2023-12-13,https://www.bls.gov/schedule/2023/home.htm
PPI,2023-12,2024-01-12,https://www.bls.gov/schedule/2024/home.htm
PPI,2024-01,2024-02-16,https://www.bls.gov/schedule/2024/home.htm
PPI,2024-02,2024-03-14,https://www.bls.gov/schedule/2024/home.htm
PPI,2024-03,2024-04-11,https://www.bls.gov/schedule/2024/home.htm
PPI,2024-04,2024-05-14,https://www.bls.gov/schedule/2024/home.htm
PPI,2024-05,2024-06-13,https://www.bls.gov/schedule/2024/home.htm
PPI,2024-06,2024-07-12,https://www.bls.gov/schedule/2024/home.htm
PPI,2024-07,2024-08-13,https://www.bls.gov/schedule/2024/home.htm
PPI,2024-08,2024-09-12,https://www.bls.gov/schedule/2024/home.htm
PPI,2024-09,2024-10-11,https://www.bls.gov/schedule/2024/home.htm
PPI,2024-10,2024-11-14,https://www.bls.gov/schedule/2024/home.htm
PPI,2024-11,2024-12-12,https://www.bls.gov/schedule/2024/home.htm
PPI,2024-12,2025-01-14,https://www.bls.gov/schedule/2025/home.htm
PPI,2025-01,2025-02-13,https://www.bls.gov/schedule/2025/home.htm
PPI,2025-02,2025-03-13,https://www.bls.gov/schedule/2025/home.htm
PPI,2025-03,2025-04-11,https://www.bls.gov/schedule/2025/home.htm
PPI,2025-04,2025-05-15,https://www.bls.gov/schedule/2025/home.htm
PPI,2025-05,2025-06-12,https://www.bls.gov/schedule/2025/home.htm
PPI,2025-06,2025-07-16,https://www.bls.gov/schedule/2025/home.htm
PPI,2025-07,2025-08-14,https://www.bls.gov/schedule/2025/home.htm
PPI,2025-08,2025-09-10,https://www.bls.gov/schedule/2025/home.htm
PPI,2025-09,2025-11-25,https://www.bls.gov/schedule/2025/home.htm
PPI,2025-11,2026-01-14,https://www.bls.gov/schedule/2026/home.htm
PPI,2025-12,2026-01-30,https://www.bls.gov/schedule/2026/home.htm
PPI,2026-01,2026-02-27,https://www.bls.gov/schedule/2026/home.htm
PPI,2026-02,2026-03-18,https://www.bls.gov/schedule/2026/home.htm
PPI,2026-03,2026-04-14,https://www.bls.gov/schedule/2026/home.htm
PPI,2026-04,2026-05-13,https://www.bls.gov/schedule/2026/home.htm
PPI,2026-05,2026-06-11,https://www.bls.gov/schedule/2026/home.htm
PPI,2026-06,2026-07-15,https://www.bls.gov/schedule/2026/home.htm
PPI,2026-07,2026-08-13,https://www.bls.gov/schedule/2026/home.htm
PPI,2026-08,2026-09-10,https://www.bls.gov/schedule/2026/home.htm
PPI,2026-09,2026-10-15,https://www.bls.gov/schedule/2026/home.htm
PPI,2026-10,2026-11-13,https://www.bls.gov/schedule/2026/home.htm
PPI,2026-11,2026-12-15,https://www.bls.gov/schedule/2026/home.htm
