series_id,year,period,value
WPUFD4,2009,M11,100.0
WPUFD4,2009,M12,99.9
WPUFD4,2010,M01,101.0
WPUFD4,2010,M02,100.9
WPUFD4,2010,M03,101.2
WPUFD4,2010,M04,101.6
WPUFD4,2010,M05,101.8
WPUFD4,2010,M06,101.6
WPUFD4,2010,M07,101.7
WPUFD4,2010,M08,101.9
WPUFD4,2010,M09,102.0
WPUFD4,2010,M10,102.5
WPUFD4,2010,M11,102.6
WPUFD4,2010,M12,102.7
WPUFD4,2010,M13,101.8
WPUFD4,2011,M01,103.4
WPUFD4,2011,M02,104.2
WPUFD4,2011,M03,105.2
WPUFD4,2011,M04,105.9
WPUFD4,2011,M05,106.1
WPUFD4,2011,M06,106.0
WPUFD4,2011,M07,106.3
WPUFD4,2011,M08,106.4
WPUFD4,2011,M09,106.6
WPUFD4,2011,M10,106.3
WPUFD4,2011,M11,106.4
WPUFD4,2011,M12,106.0
WPUFD4,2011,M13,105.7
WPUFD4,2012,M01,106.6
WPUFD4,2012,M02,107.1
WPUFD4,2012,M03,107.7
WPUFD4,2012,M04,108.0
WPUFD4,2012,M05,107.8
WPUFD4,2012,M06,107.4
WPUFD4,2012,M07,107.4
WPUFD4,2012,M08,107.7
WPUFD4,2012,M09,108.2
WPUFD4,2012,M10,108.3
WPUFD4,2012,M11,108.2
WPUFD4,2012,M12,108.0
WPUFD4,2012,M13,107.7
WPUFD4,2013,M01,108.3
WPUFD4,2013,M02,108.8
WPUFD4,2013,M03,109.1
WPUFD4,2013,M04,109.0
WPUFD4,2013,M05,108.8
WPUFD4,2013,M06,109.2
WPUFD4,2013,M07,109.5
WPUFD4,2013,M08,109.5
WPUFD4,2013,M09,109.4
WPUFD4,2013,M10,109.7
WPUFD4,2013,M11,109.4
WPUFD4,2013,M12,109.3
WPUFD4,2013,M13,109.1
WPUFD4,2014,M01,109.7
WPUFD4,2014,M02,110.1
WPUFD4,2014,M03,110.8
WPUFD4,2014,M04,111.0
WPUFD4,2014,M05,111.1
WPUFD4,2014,M06,111.2
WPUFD4,2014,M07,111.6
WPUFD4,2014,M08,111.6
WPUFD4,2014,M09,111.1
WPUFD4,2014,M10,111.4
WPUFD4,2014,M11,110.8
WPUFD4,2014,M12,110.3
WPUFD4,2014,M13,110.9
WPUFD4,2015,M01,109.7
WPUFD4,2015,M02,109.5
WPUFD4,2015,M03,109.8
WPUFD4,2015,M04,109.8
WPUFD4,2015,M05,110.2
WPUFD4,2015,M06,110.6
WPUFD4,2015,M07,110.8
WPUFD4,2015,M08,110.5
WPUFD4,2015,M09,109.9
WPUFD4,2015,M10,109.8
WPUFD4,2015,M11,109.4
WPUFD4,2015,M12,109.1
WPUFD4,2015,M13,109.9
WPUFD4,2016,M01,109.7
WPUFD4,2016,M02,109.6
WPUFD4,2016,M03,109.7
WPUFD4,2016,M04,110.0
WPUFD4,2016,M05,110.2
WPUFD4,2016,M06,110.8
WPUFD4,2016,M07,110.8
WPUFD4,2016,M08,110.5
WPUFD4,2016,M09,110.6
WPUFD4,2016,M10,111.0
WPUFD4,2016,M11,110.8
WPUFD4,2016,M12,111.0
WPUFD4,2016,M13,110.4
WPUFD4,2017,M01,111.6
WPUFD4,2017,M02,111.8
WPUFD4,2017,M03,112.1
WPUFD4,2017,M04,112.7
WPUFD4,2017,M05,112.7
WPUFD4,2017,M06,112.9
WPUFD4,2017,M07,113.0
WPUFD4,2017,M08,113.2
WPUFD4,2017,M09,113.5
WPUFD4,2017,M10,114.1
WPUFD4,2017,M11,114.1
WPUFD4,2017,M12,113.8
WPUFD4,2017,M13,113.0
WPUFD4,2018,M01,114.5
WPUFD4,2018,M02,114.9
WPUFD4,2018,M03,115.4
WPUFD4,2018,M04,115.7
WPUFD4,2018,M05,116.2
WPUFD4,2018,M06,116.6
WPUFD4,2018,M07,116.8
WPUFD4,2018,M08,116.6
WPUFD4,2018,M09,116.6
WPUFD4,2018,M10,117.6
WPUFD4,2018,M11,117.1
WPUFD4,2018,M12,116.8
WPUFD4,2018,M13,116.2
WPUFD4,2019,M01,116.7
WPUFD4,2019,M02,117.1
WPUFD4,2019,M03,117.7
WPUFD4,2019,M04,118.5
WPUFD4,2019,M05,118.6
WPUFD4,2019,M06,118.5
WPUFD4,2019,M07,118.7
WPUFD4,2019,M08,118.8
WPUFD4,2019,M09,118.3
WPUFD4,2019,M10,118.8
WPUFD4,2019,M11,118.3
WPUFD4,2019,M12,118.4
WPUFD4,2019,M13,118.2
WPUFD4,2020,M01,119.0
WPUFD4,2020,M02,118.4
WPUFD4,2020,M03,118.1
WPUFD4,2020,M04,116.7
WPUFD4,2020,M05,117.3
WPUFD4,2020,M06,117.7
WPUFD4,2020,M07,118.4
WPUFD4,2020,M08,118.5
WPUFD4,2020,M09,118.7
WPUFD4,2020,M10,119.5
WPUFD4,2020,M11,119.3
WPUFD4,2020,M12,119.4
WPUFD4,2020,M13,118.4
WPUFD4,2021,M01,120.9
WPUFD4,2021,M02,121.9
WPUFD4,2021,M03,123.0
WPUFD4,2021,M04,124.3
WPUFD4,2021,M05,125.5
WPUFD4,2021,M06,126.6
WPUFD4,2021,M07,127.824
WPUFD4,2021,M08,128.755
WPUFD4,2021,M09,129.116
WPUFD4,2021,M10,130.097
WPUFD4,2021,M11,131.09
WPUFD4,2021,M12,131.344
WPUFD4,2021,M13,126.71
WPUFD4,2022,M01,133.074
WPUFD4,2022,M02,134.581
WPUFD4,2022,M03,137.341
WPUFD4,2022,M04,138.179
WPUFD4,2022,M05,139.419
WPUFD4,2022,M06,140.819
WPUFD4,2022,M07,140.284
WPUFD4,2022,M08,139.965
WPUFD4,2022,M09,140.066
WPUFD4,2022,M10,140.74
WPUFD4,2022,M11,140.785
WPUFD4,2022,M12,139.78
WPUFD4,2022,M13,138.753
WPUFD4,2023,M01,140.713
WPUFD4,2023,M02,140.956
WPUFD4,2023,M03,140.995
WPUFD4,2023,M04,141.303
WPUFD4,2023,M05,140.912
WPUFD4,2023,M06,141.181
WPUFD4,2023,M07,141.871
WPUFD4,2023,M08,142.641
WPUFD4,2023,M09,142.618
WPUFD4,2023,M10,142.258
WPUFD4,2023,M11,141.869
WPUFD4,2023,M12,141.267
WPUFD4,2023,M13,141.549
WPUFD4,2024,M01,142.186
WPUFD4,2024,M02,143.26
WPUFD4,2024,M03,143.784
WPUFD4,2024,M04,144.563
WPUFD4,2024,M05,144.504
WPUFD4,2024,M06,145.321
WPUFD4,2024,M07,145.264
WPUFD4,2024,M08,145.589
WPUFD4,2024,M09,145.671
WPUFD4,2024,M10,146.291
WPUFD4,2024,M11,145.994
WPUFD4,2024,M12,146.189
WPUFD4,2024,M13,144.885
WPUFD4,2025,M01,147.604
WPUFD4,2025,M02,148.169
WPUFD4,2025,M03,148.319
WPUFD4,2025,M04,148.009
WPUFD4,2025,M05,148.427
WPUFD4,2025,M06,148.838
WPUFD4,2025,M07,149.898
WPUFD4,2025,M08,149.466
WPUFD4,2025,M09,150.1
WPUFD4,2025,M10,150.439
WPUFD4,2025,M11,150.58
WPUFD4,2025,M12,150.773
WPUFD4,2025,M13,149.219
WPUFD4,2026,M01,152.145
WPUFD4,2026,M02,153.156
WPUFD4,2026,M03,154.675
WPUFD4,2026,M04,156.443
WPUFD4,2026,M05,157.209
WPUFD4,2026,M06,157.143
WPUFD4,2026,M07,157.155
WPUFD4,2026,M08,157.604
WPUFD41,2009,M11,100.0
WPUFD41,2009,M12,100.2
WPUFD41,2010,M01,101.5
WPUFD41,2010,M02,100.9
WPUFD41,2010,M03,102.2
WPUFD41,2010,M04,102.7
WPUFD41,2010,M05,102.9
WPUFD41,2010,M06,102.3
WPUFD41,2010,M07,102.6
WPUFD41,2010,M08,102.9
WPUFD41,2010,M09,103.1
WPUFD41,2010,M10,103.8
WPUFD41,2010,M11,104.3
WPUFD41,2010,M12,104.9
WPUFD41,2010,M13,102.8
WPUFD41,2011,M01,106.2
WPUFD41,2011,M02,107.6
WPUFD41,2011,M03,109.0
WPUFD41,2011,M04,110.5
WPUFD41,2011,M05,111.1
WPUFD41,2011,M06,110.7
WPUFD41,2011,M07,111.1
WPUFD41,2011,M08,110.7
WPUFD41,2011,M09,111.2
WPUFD41,2011,M10,110.4
WPUFD41,2011,M11,110.4
WPUFD41,2011,M12,109.8
WPUFD41,2011,M13,109.9
WPUFD41,2012,M01,110.5
WPUFD41,2012,M02,111.1
WPUFD41,2012,M03,112.1
WPUFD41,2012,M04,112.3
WPUFD41,2012,M05,111.6
WPUFD41,2012,M06,110.8
WPUFD41,2012,M07,111.0
WPUFD41,2012,M08,112.3
WPUFD41,2012,M09,113.1
WPUFD41,2012,M10,112.7
WPUFD41,2012,M11,111.6
WPUFD41,2012,M12,111.3
WPUFD41,2012,M13,111.7
WPUFD41,2013,M01,111.9
WPUFD41,2013,M02,112.8
WPUFD41,2013,M03,112.9
WPUFD41,2013,M04,112.4
WPUFD41,2013,M05,112.8
WPUFD41,2013,M06,112.9
WPUFD41,2013,M07,113.0
WPUFD41,2013,M08,113.1
WPUFD41,2013,M09,112.9
WPUFD41,2013,M10,112.5
WPUFD41,2013,M11,112.0
WPUFD41,2013,M12,112.2
WPUFD41,2013,M13,112.6
WPUFD41,2014,M01,113.1
WPUFD41,2014,M02,113.5
WPUFD41,2014,M03,114.3
WPUFD41,2014,M04,115.2
WPUFD41,2014,M05,115.0
WPUFD41,2014,M06,115.4
WPUFD41,2014,M07,115.3
WPUFD41,2014,M08,115.0
WPUFD41,2014,M09,114.6
WPUFD41,2014,M10,113.6
WPUFD41,2014,M11,112.5
WPUFD41,2014,M12,110.9
WPUFD41,2014,M13,114.0
WPUFD41,2015,M01,109.0
WPUFD41,2015,M02,108.9
WPUFD41,2015,M03,109.2
WPUFD41,2015,M04,108.9
WPUFD41,2015,M05,110.4
WPUFD41,2015,M06,111.1
WPUFD41,2015,M07,110.9
WPUFD41,2015,M08,110.1
WPUFD41,2015,M09,108.7
WPUFD41,2015,M10,108.1
WPUFD41,2015,M11,107.5
WPUFD41,2015,M12,106.7
WPUFD41,2015,M13,109.1
WPUFD41,2016,M01,106.4
WPUFD41,2016,M02,105.9
WPUFD41,2016,M03,106.1
WPUFD41,2016,M04,106.7
WPUFD41,2016,M05,107.6
WPUFD41,2016,M06,108.7
WPUFD41,2016,M07,108.5
WPUFD41,2016,M08,108.0
WPUFD41,2016,M09,108.3
WPUFD41,2016,M10,108.5
WPUFD41,2016,M11,108.0
WPUFD41,2016,M12,108.7
WPUFD41,2016,M13,107.6
WPUFD41,2017,M01,109.7
WPUFD41,2017,M02,110.1
WPUFD41,2017,M03,110.4
WPUFD41,2017,M04,111.1
WPUFD41,2017,M05,110.7
WPUFD41,2017,M06,111.1
WPUFD41,2017,M07,111.0
WPUFD41,2017,M08,111.4
WPUFD41,2017,M09,112.0
WPUFD41,2017,M10,112.0
WPUFD41,2017,M11,112.5
WPUFD41,2017,M12,112.5
WPUFD41,2017,M13,111.2
WPUFD41,2018,M01,113.2
WPUFD41,2018,M02,113.5
WPUFD41,2018,M03,114.0
WPUFD41,2018,M04,114.4
WPUFD41,2018,M05,115.5
WPUFD41,2018,M06,116.0
WPUFD41,2018,M07,115.9
WPUFD41,2018,M08,115.8
WPUFD41,2018,M09,115.8
WPUFD41,2018,M10,116.3
WPUFD41,2018,M11,115.4
WPUFD41,2018,M12,114.3
WPUFD41,2018,M13,115.0
WPUFD41,2019,M01,113.9
WPUFD41,2019,M02,114.3
WPUFD41,2019,M03,115.4
WPUFD41,2019,M04,116.3
WPUFD41,2019,M05,116.4
WPUFD41,2019,M06,116.0
WPUFD41,2019,M07,116.2
WPUFD41,2019,M08,115.7
WPUFD41,2019,M09,115.2
WPUFD41,2019,M10,115.6
WPUFD41,2019,M11,115.6
WPUFD41,2019,M12,115.5
WPUFD41,2019,M13,115.5
WPUFD41,2020,M01,116.0
WPUFD41,2020,M02,115.0
WPUFD41,2020,M03,113.4
WPUFD41,2020,M04,110.3
WPUFD41,2020,M05,112.2
WPUFD41,2020,M06,113.0
WPUFD41,2020,M07,113.7
WPUFD41,2020,M08,113.8
WPUFD41,2020,M09,114.1
WPUFD41,2020,M10,114.4
WPUFD41,2020,M11,114.7
WPUFD41,2020,M12,115.5
WPUFD41,2020,M13,113.8
WPUFD41,2021,M01,117.5
WPUFD41,2021,M02,119.0
WPUFD41,2021,M03,121.3
WPUFD41,2021,M04,122.3
WPUFD41,2021,M05,124.7
WPUFD41,2021,M06,126.5
WPUFD41,2021,M07,127.472
WPUFD41,2021,M08,128.296
WPUFD41,2021,M09,129.343
WPUFD41,2021,M10,130.775
WPUFD41,2021,M11,131.738
WPUFD41,2021,M12,130.997
WPUFD41,2021,M13,125.828
WPUFD41,2022,M01,133.469
WPUFD41,2022,M02,136.126
WPUFD41,2022,M03,140.496
WPUFD41,2022,M04,142.335
WPUFD41,2022,M05,145.466
WPUFD41,2022,M06,148.821
WPUFD41,2022,M07,146.155
WPUFD41,2022,M08,144.062
WPUFD41,2022,M09,143.945
WPUFD41,2022,M10,144.524
WPUFD41,2022,M11,144.352
WPUFD41,2022,M12,141.395
WPUFD41,2022,M13,142.595
WPUFD41,2023,M01,143.686
WPUFD41,2023,M02,143.349
WPUFD41,2023,M03,143.173
WPUFD41,2023,M04,143.342
WPUFD41,2023,M05,142.051
WPUFD41,2023,M06,142.377
WPUFD41,2023,M07,142.594
WPUFD41,2023,M08,144.62
WPUFD41,2023,M09,145.04
WPUFD41,2023,M10,142.932
WPUFD41,2023,M11,142.028
WPUFD41,2023,M12,140.693
WPUFD41,2023,M13,142.991
WPUFD41,2024,M01,141.569
WPUFD41,2024,M02,143.601
WPUFD41,2024,M03,144.301
WPUFD41,2024,M04,145.052
WPUFD41,2024,M05,144.297
WPUFD41,2024,M06,144.274
WPUFD41,2024,M07,144.976
WPUFD41,2024,M08,144.533
WPUFD41,2024,M09,143.347
WPUFD41,2024,M10,143.225
WPUFD41,2024,M11,143.618
WPUFD41,2024,M12,143.299
WPUFD41,2024,M13,143.841
WPUFD41,2025,M01,144.941
WPUFD41,2025,M02,146.056
WPUFD41,2025,M03,145.494
WPUFD41,2025,M04,145.664
WPUFD41,2025,M05,145.883
WPUFD41,2025,M06,146.754
WPUFD41,2025,M07,147.662
WPUFD41,2025,M08,147.594
WPUFD41,2025,M09,147.911
WPUFD41,2025,M10,147.107
WPUFD41,2025,M11,147.996
WPUFD41,2025,M12,147.039
WPUFD41,2025,M13,146.675
WPUFD41,2026,M01,147.669
WPUFD41,2026,M02,149.735
WPUFD41,2026,M03,153.263
WPUFD41,2026,M04,156.516
WPUFD41,2026,M05,160.15
WPUFD41,2026,M06,158.094
WPUFD41,2026,M07,157.653
WPUFD41,2026,M08,158.988
WPUFD42,2009,M11,100.0
WPUFD42,2009,M12,99.8
WPUFD42,2010,M01,100.7
WPUFD42,2010,M02,100.9
WPUFD42,2010,M03,100.8
WPUFD42,2010,M04,101.1
WPUFD42,2010,M05,101.3
WPUFD42,2010,M06,101.2
WPUFD42,2010,M07,101.3
WPUFD42,2010,M08,101.4
WPUFD42,2010,M09,101.5
WPUFD42,2010,M10,101.8
WPUFD42,2010,M11,101.7
WPUFD42,2010,M12,101.5
WPUFD42,2010,M13,101.3
WPUFD42,2011,M01,101.9
WPUFD42,2011,M02,102.3
WPUFD42,2011,M03,103.1
WPUFD42,2011,M04,103.3
WPUFD42,2011,M05,103.3
WPUFD42,2011,M06,103.5
WPUFD42,2011,M07,103.6
WPUFD42,2011,M08,104.1
WPUFD42,2011,M09,104.1
WPUFD42,2011,M10,104.0
WPUFD42,2011,M11,104.1
WPUFD42,2011,M12,103.8
WPUFD42,2011,M13,103.4
WPUFD42,2012,M01,104.3
WPUFD42,2012,M02,104.8
WPUFD42,2012,M03,105.2
WPUFD42,2012,M04,105.5
WPUFD42,2012,M05,105.6
WPUFD42,2012,M06,105.5
WPUFD42,2012,M07,105.3
WPUFD42,2012,M08,105.1
WPUFD42,2012,M09,105.5
WPUFD42,2012,M10,105.9
WPUFD42,2012,M11,106.2
WPUFD42,2012,M12,106.1
WPUFD42,2012,M13,105.4
WPUFD42,2013,M01,106.2
WPUFD42,2013,M02,106.5
WPUFD42,2013,M03,106.9
WPUFD42,2013,M04,107.0
WPUFD42,2013,M05,106.5
WPUFD42,2013,M06,107.0
WPUFD42,2013,M07,107.4
WPUFD42,2013,M08,107.4
WPUFD42,2013,M09,107.4
WPUFD42,2013,M10,108.0
WPUFD42,2013,M11,107.8
WPUFD42,2013,M12,107.5
WPUFD42,2013,M13,107.1
WPUFD42,2014,M01,107.6
WPUFD42,2014,M02,108.2
WPUFD42,2014,M03,108.8
WPUFD42,2014,M04,108.7
WPUFD42,2014,M05,108.8
WPUFD42,2014,M06,108.8
WPUFD42,2014,M07,109.5
WPUFD42,2014,M08,109.5
WPUFD42,2014,M09,109.1
WPUFD42,2014,M10,110.0
WPUFD42,2014,M11,109.7
WPUFD42,2014,M12,109.8
WPUFD42,2014,M13,109.0
WPUFD42,2015,M01,109.8
WPUFD42,2015,M02,109.5
WPUFD42,2015,M03,109.8
WPUFD42,2015,M04,110.0
WPUFD42,2015,M05,109.7
WPUFD42,2015,M06,110.0
WPUFD42,2015,M07,110.4
WPUFD42,2015,M08,110.3
WPUFD42,2015,M09,110.1
WPUFD42,2015,M10,110.3
WPUFD42,2015,M11,110.1
WPUFD42,2015,M12,110.0
WPUFD42,2015,M13,110.0
WPUFD42,2016,M01,111.1
WPUFD42,2016,M02,111.2
WPUFD42,2016,M03,111.2
WPUFD42,2016,M04,111.3
WPUFD42,2016,M05,111.2
WPUFD42,2016,M06,111.6
WPUFD42,2016,M07,111.6
WPUFD42,2016,M08,111.4
WPUFD42,2016,M09,111.6
WPUFD42,2016,M10,112.1
WPUFD42,2016,M11,112.0
WPUFD42,2016,M12,111.8
WPUFD42,2016,M13,111.5
WPUFD42,2017,M01,112.3
WPUFD42,2017,M02,112.3
WPUFD42,2017,M03,112.7
WPUFD42,2017,M04,113.2
WPUFD42,2017,M05,113.4
WPUFD42,2017,M06,113.5
WPUFD42,2017,M07,113.7
WPUFD42,2017,M08,113.9
WPUFD42,2017,M09,113.9
WPUFD42,2017,M10,114.8
WPUFD42,2017,M11,114.6
WPUFD42,2017,M12,114.2
WPUFD42,2017,M13,113.5
WPUFD42,2018,M01,114.8
WPUFD42,2018,M02,115.3
WPUFD42,2018,M03,115.8
WPUFD42,2018,M04,116.0
WPUFD42,2018,M05,116.1
WPUFD42,2018,M06,116.6
WPUFD42,2018,M07,116.8
WPUFD42,2018,M08,116.7
WPUFD42,2018,M09,116.7
WPUFD42,2018,M10,117.8
WPUFD42,2018,M11,117.6
WPUFD42,2018,M12,117.6
WPUFD42,2018,M13,116.5
WPUFD42,2019,M01,117.8
WPUFD42,2019,M02,118.1
WPUFD42,2019,M03,118.5
WPUFD42,2019,M04,119.1
WPUFD42,2019,M05,119.2
WPUFD42,2019,M06,119.3
WPUFD42,2019,M07,119.5
WPUFD42,2019,M08,119.9
WPUFD42,2019,M09,119.4
WPUFD42,2019,M10,120.0
WPUFD42,2019,M11,119.2
WPUFD42,2019,M12,119.3
WPUFD42,2019,M13,119.1
WPUFD42,2020,M01,120.0
WPUFD42,2020,M02,119.7
WPUFD42,2020,M03,120.0
WPUFD42,2020,M04,119.5
WPUFD42,2020,M05,119.4
WPUFD42,2020,M06,119.6
WPUFD42,2020,M07,120.3
WPUFD42,2020,M08,120.3
WPUFD42,2020,M09,120.5
WPUFD42,2020,M10,121.6
WPUFD42,2020,M11,121.1
WPUFD42,2020,M12,120.8
WPUFD42,2020,M13,120.2
WPUFD42,2021,M01,122.2
WPUFD42,2021,M02,122.8
WPUFD42,2021,M03,123.5
WPUFD42,2021,M04,124.9
WPUFD42,2021,M05,125.5
WPUFD42,2021,M06,126.2
WPUFD42,2021,M07,127.534
WPUFD42,2021,M08,128.528
WPUFD42,2021,M09,128.541
WPUFD42,2021,M10,129.119
WPUFD42,2021,M11,130.138
WPUFD42,2021,M12,130.896
WPUFD42,2021,M13,126.657
WPUFD42,2022,M01,132.17
WPUFD42,2022,M02,133.103
WPUFD42,2022,M03,135.084
WPUFD42,2022,M04,135.298
WPUFD42,2022,M05,135.589
WPUFD42,2022,M06,136.005
WPUFD42,2022,M07,136.35
WPUFD42,2022,M08,136.921
WPUFD42,2022,M09,137.124
WPUFD42,2022,M10,137.757
WPUFD42,2022,M11,137.911
WPUFD42,2022,M12,137.873
WPUFD42,2022,M13,135.932
WPUFD42,2023,M01,138.124
WPUFD42,2023,M02,138.632
WPUFD42,2023,M03,138.763
WPUFD42,2023,M04,139.153
WPUFD42,2023,M05,139.145
WPUFD42,2023,M06,139.396
WPUFD42,2023,M07,140.387
WPUFD42,2023,M08,140.613
WPUFD42,2023,M09,140.388
WPUFD42,2023,M10,140.814
WPUFD42,2023,M11,140.653
WPUFD42,2023,M12,140.359
WPUFD42,2023,M13,139.702
WPUFD42,2024,M01,141.309
WPUFD42,2024,M02,141.989
WPUFD42,2024,M03,142.445
WPUFD42,2024,M04,143.254
WPUFD42,2024,M05,143.504
WPUFD42,2024,M06,144.704
WPUFD42,2024,M07,144.263
WPUFD42,2024,M08,144.944
WPUFD42,2024,M09,145.59
WPUFD42,2024,M10,146.574
WPUFD42,2024,M11,145.957
WPUFD42,2024,M12,146.379
WPUFD42,2024,M13,144.243
WPUFD42,2025,M01,147.697
WPUFD42,2025,M02,148.038
WPUFD42,2025,M03,148.514
WPUFD42,2025,M04,148.002
WPUFD42,2025,M05,148.514
WPUFD42,2025,M06,148.725
WPUFD42,2025,M07,149.853
WPUFD42,2025,M08,149.253
WPUFD42,2025,M09,150.048
WPUFD42,2025,M10,150.815
WPUFD42,2025,M11,150.626
WPUFD42,2025,M12,151.345
WPUFD42,2025,M13,149.286
WPUFD42,2026,M01,153.015
WPUFD42,2026,M02,153.593
WPUFD42,2026,M03,154.275
WPUFD42,2026,M04,155.458
WPUFD42,2026,M05,154.987
WPUFD42,2026,M06,155.783
WPUFD42,2026,M07,155.863
WPUFD42,2026,M08,155.94
WPUFD49104,2010,M04,100.0
WPUFD49104,2010,M05,100.2
WPUFD49104,2010,M06,100.1
WPUFD49104,2010,M07,100.2
WPUFD49104,2010,M08,100.3
WPUFD49104,2010,M09,100.4
WPUFD49104,2010,M10,100.7
WPUFD49104,2010,M11,100.7
WPUFD49104,2010,M12,100.6
WPUFD49104,2011,M01,101.2
WPUFD49104,2011,M02,101.6
WPUFD49104,2011,M03,102.2
WPUFD49104,2011,M04,102.5
WPUFD49104,2011,M05,102.5
WPUFD49104,2011,M06,102.7
WPUFD49104,2011,M07,102.9
WPUFD49104,2011,M08,103.3
WPUFD49104,2011,M09,103.3
WPUFD49104,2011,M10,103.4
WPUFD49104,2011,M11,103.4
WPUFD49104,2011,M12,103.2
WPUFD49104,2011,M13,102.7
WPUFD49104,2012,M01,103.7
WPUFD49104,2012,M02,104.2
WPUFD49104,2012,M03,104.5
WPUFD49104,2012,M04,104.7
WPUFD49104,2012,M05,104.8
WPUFD49104,2012,M06,104.7
WPUFD49104,2012,M07,104.6
WPUFD49104,2012,M08,104.5
WPUFD49104,2012,M09,104.7
WPUFD49104,2012,M10,105.1
WPUFD49104,2012,M11,105.3
WPUFD49104,2012,M12,105.3
WPUFD49104,2012,M13,104.7
WPUFD49104,2013,M01,105.5
WPUFD49104,2013,M02,105.7
WPUFD49104,2013,M03,106.1
WPUFD49104,2013,M04,106.1
WPUFD49104,2013,M05,105.7
WPUFD49104,2013,M06,106.1
WPUFD49104,2013,M07,106.4
WPUFD49104,2013,M08,106.4
WPUFD49104,2013,M09,106.4
WPUFD49104,2013,M10,106.9
WPUFD49104,2013,M11,106.8
WPUFD49104,2013,M12,106.6
WPUFD49104,2013,M13,106.2
WPUFD49104,2014,M01,107.0
WPUFD49104,2014,M02,107.4
WPUFD49104,2014,M03,107.8
WPUFD49104,2014,M04,107.7
WPUFD49104,2014,M05,107.9
WPUFD49104,2014,M06,107.8
WPUFD49104,2014,M07,108.4
WPUFD49104,2014,M08,108.4
WPUFD49104,2014,M09,108.1
WPUFD49104,2014,M10,108.9
WPUFD49104,2014,M11,108.6
WPUFD49104,2014,M12,108.7
WPUFD49104,2014,M13,108.1
WPUFD49104,2015,M01,108.8
WPUFD49104,2015,M02,108.5
WPUFD49104,2015,M03,108.7
WPUFD49104,2015,M04,108.8
WPUFD49104,2015,M05,108.7
WPUFD49104,2015,M06,109.0
WPUFD49104,2015,M07,109.3
WPUFD49104,2015,M08,109.1
WPUFD49104,2015,M09,108.9
WPUFD49104,2015,M10,109.1
WPUFD49104,2015,M11,108.9
WPUFD49104,2015,M12,108.9
WPUFD49104,2015,M13,108.9
WPUFD49104,2016,M01,109.7
WPUFD49104,2016,M02,109.9
WPUFD49104,2016,M03,109.9
WPUFD49104,2016,M04,110.0
WPUFD49104,2016,M05,110.0
WPUFD49104,2016,M06,110.3
WPUFD49104,2016,M07,110.3
WPUFD49104,2016,M08,110.2
WPUFD49104,2016,M09,110.2
WPUFD49104,2016,M10,110.7
WPUFD49104,2016,M11,110.7
WPUFD49104,2016,M12,110.7
WPUFD49104,2016,M13,110.2
WPUFD49104,2017,M01,111.2
WPUFD49104,2017,M02,111.3
WPUFD49104,2017,M03,111.6
WPUFD49104,2017,M04,112.1
WPUFD49104,2017,M05,112.2
WPUFD49104,2017,M06,112.3
WPUFD49104,2017,M07,112.4
WPUFD49104,2017,M08,112.6
WPUFD49104,2017,M09,112.6
WPUFD49104,2017,M10,113.4
WPUFD49104,2017,M11,113.3
WPUFD49104,2017,M12,113.1
WPUFD49104,2017,M13,112.3
WPUFD49104,2018,M01,113.7
WPUFD49104,2018,M02,114.1
WPUFD49104,2018,M03,114.6
WPUFD49104,2018,M04,114.8
WPUFD49104,2018,M05,114.9
WPUFD49104,2018,M06,115.3
WPUFD49104,2018,M07,115.5
WPUFD49104,2018,M08,115.5
WPUFD49104,2018,M09,115.5
WPUFD49104,2018,M10,116.5
WPUFD49104,2018,M11,116.4
WPUFD49104,2018,M12,116.4
WPUFD49104,2018,M13,115.3
WPUFD49104,2019,M01,116.6
WPUFD49104,2019,M02,116.9
WPUFD49104,2019,M03,117.2
WPUFD49104,2019,M04,117.7
WPUFD49104,2019,M05,117.7
WPUFD49104,2019,M06,117.8
WPUFD49104,2019,M07,118.0
WPUFD49104,2019,M08,118.2
WPUFD49104,2019,M09,117.8
WPUFD49104,2019,M10,118.4
WPUFD49104,2019,M11,117.8
WPUFD49104,2019,M12,117.9
WPUFD49104,2019,M13,117.7
WPUFD49104,2020,M01,118.5
WPUFD49104,2020,M02,118.3
WPUFD49104,2020,M03,118.5
WPUFD49104,2020,M04,118.1
WPUFD49104,2020,M05,118.0
WPUFD49104,2020,M06,118.2
WPUFD49104,2020,M07,118.7
WPUFD49104,2020,M08,118.8
WPUFD49104,2020,M09,119.0
WPUFD49104,2020,M10,119.8
WPUFD49104,2020,M11,119.6
WPUFD49104,2020,M12,119.5
WPUFD49104,2020,M13,118.7
WPUFD49104,2021,M01,120.8
WPUFD49104,2021,M02,121.4
WPUFD49104,2021,M03,122.1
WPUFD49104,2021,M04,123.5
WPUFD49104,2021,M05,124.3
WPUFD49104,2021,M06,125.1
WPUFD49104,2021,M07,126.29
WPUFD49104,2021,M08,127.19
WPUFD49104,2021,M09,127.354
WPUFD49104,2021,M10,128.18
WPUFD49104,2021,M11,129.175
WPUFD49104,2021,M12,129.843
WPUFD49104,2021,M13,125.43
WPUFD49104,2022,M01,131.197
WPUFD49104,2022,M02,132.152
WPUFD49104,2022,M03,133.956
WPUFD49104,2022,M04,134.562
WPUFD49104,2022,M05,135.015
WPUFD49104,2022,M06,135.479
WPUFD49104,2022,M07,135.894
WPUFD49104,2022,M08,136.366
WPUFD49104,2022,M09,136.488
WPUFD49104,2022,M10,137.066
WPUFD49104,2022,M11,137.251
WPUFD49104,2022,M12,137.26
WPUFD49104,2022,M13,135.224
WPUFD49104,2023,M01,137.786
WPUFD49104,2023,M02,138.265
WPUFD49104,2023,M03,138.434
WPUFD49104,2023,M04,138.752
WPUFD49104,2023,M05,138.782
WPUFD49104,2023,M06,138.92
WPUFD49104,2023,M07,139.605
WPUFD49104,2023,M08,139.787
WPUFD49104,2023,M09,139.668
WPUFD49104,2023,M10,140.026
WPUFD49104,2023,M11,139.916
WPUFD49104,2023,M12,139.721
WPUFD49104,2023,M13,139.138
WPUFD49104,2024,M01,140.6
WPUFD49104,2024,M02,141.223
WPUFD49104,2024,M03,141.588
WPUFD49104,2024,M04,142.271
WPUFD49104,2024,M05,142.532
WPUFD49104,2024,M06,143.464
WPUFD49104,2024,M07,143.202
WPUFD49104,2024,M08,143.741
WPUFD49104,2024,M09,144.243
WPUFD49104,2024,M10,145.045
WPUFD49104,2024,M11,144.617
WPUFD49104,2024,M12,144.96
WPUFD49104,2024,M13,143.124
WPUFD49104,2025,M01,146.119
WPUFD49104,2025,M02,146.494
WPUFD49104,2025,M03,146.952
WPUFD49104,2025,M04,146.633
WPUFD49104,2025,M05,147.094
WPUFD49104,2025,M06,147.312
WPUFD49104,2025,M07,148.282
WPUFD49104,2025,M08,147.912
WPUFD49104,2025,M09,148.542
WPUFD49104,2025,M10,149.356
WPUFD49104,2025,M11,149.275
WPUFD49104,2025,M12,149.936
WPUFD49104,2025,M13,147.826
WPUFD49104,2026,M01,151.542
WPUFD49104,2026,M02,152.114
WPUFD49104,2026,M03,152.744
WPUFD49104,2026,M04,153.84
WPUFD49104,2026,M05,153.707
WPUFD49104,2026,M06,154.379
WPUFD49104,2026,M07,154.593
WPUFD49104,2026,M08,154.749
WPUID61,1994,M01,116.2
WPUID61,1994,M02,116.6
WPUID61,1994,M03,116.8
WPUID61,1994,M04,116.9
WPUID61,1994,M05,117.2
WPUID61,1994,M06,118.2
WPUID61,1994,M07,118.7
WPUID61,1994,M08,119.5
WPUID61,1994,M09,120.1
WPUID61,1994,M10,120.0
WPUID61,1994,M11,120.9
WPUID61,1994,M12,121.1
WPUID61,1994,M13,118.5
WPUID61,1995,M01,122.5
WPUID61,1995,M02,123.4
WPUID61,1995,M03,124.0
WPUID61,1995,M04,124.7
WPUID61,1995,M05,125.3
WPUID61,1995,M06,125.8
WPUID61,1995,M07,126.0
WPUID61,1995,M08,126.0
WPUID61,1995,M09,125.9
WPUID61,1995,M10,125.4
WPUID61,1995,M11,125.1
WPUID61,1995,M12,125.1
WPUID61,1995,M13,124.9
WPUID61,1996,M01,125.2
WPUID61,1996,M02,124.7
WPUID61,1996,M03,124.9
WPUID61,1996,M04,125.4
WPUID61,1996,M05,126.2
WPUID61,1996,M06,126.2
WPUID61,1996,M07,125.9
WPUID61,1996,M08,126.1
WPUID61,1996,M09,126.7
WPUID61,1996,M10,126.0
WPUID61,1996,M11,125.7
WPUID61,1996,M12,126.0
WPUID61,1996,M13,125.7
WPUID61,1997,M01,126.3
WPUID61,1997,M02,126.1
WPUID61,1997,M03,125.6
WPUID61,1997,M04,125.3
WPUID61,1997,M05,125.4
WPUID61,1997,M06,125.8
WPUID61,1997,M07,125.5
WPUID61,1997,M08,125.8
WPUID61,1997,M09,126.0
WPUID61,1997,M10,125.5
WPUID61,1997,M11,125.5
WPUID61,1997,M12,125.0
WPUID61,1997,M13,125.6
WPUID61,1998,M01,124.2
WPUID61,1998,M02,123.8
WPUID61,1998,M03,123.3
WPUID61,1998,M04,123.3
WPUID61,1998,M05,123.5
WPUID61,1998,M06,123.5
WPUID61,1998,M07,123.5
WPUID61,1998,M08,123.2
WPUID61,1998,M09,122.9
WPUID61,1998,M10,122.3
WPUID61,1998,M11,121.8
WPUID61,1998,M12,120.9
WPUID61,1998,M13,123.0
WPUID61,1999,M01,120.9
WPUID61,1999,M02,120.4
WPUID61,1999,M03,120.7
WPUID61,1999,M04,121.6
WPUID61,1999,M05,122.2
WPUID61,1999,M06,123.0
WPUID61,1999,M07,123.9
WPUID61,1999,M08,124.6
WPUID61,1999,M09,125.3
WPUID61,1999,M10,125.0
WPUID61,1999,M11,125.2
WPUID61,1999,M12,125.4
WPUID61,1999,M13,123.2
WPUID61,2000,M01,125.9
WPUID61,2000,M02,126.9
WPUID61,2000,M03,127.8
WPUID61,2000,M04,128.0
WPUID61,2000,M05,128.3
WPUID61,2000,M06,129.8
WPUID61,2000,M07,130.3
WPUID61,2000,M08,129.9
WPUID61,2000,M09,131.1
WPUID61,2000,M10,130.8
WPUID61,2000,M11,130.5
WPUID61,2000,M12,130.6
WPUID61,2000,M13,129.2
WPUID61,2001,M01,131.7
WPUID61,2001,M02,131.3
WPUID61,2001,M03,130.7
WPUID61,2001,M04,130.7
WPUID61,2001,M05,131.3
WPUID61,2001,M06,131.4
WPUID61,2001,M07,130.0
WPUID61,2001,M08,129.7
WPUID61,2001,M09,130.1
WPUID61,2001,M10,127.7
WPUID61,2001,M11,126.6
WPUID61,2001,M12,125.4
WPUID61,2001,M13,129.7
WPUID61,2002,M01,125.5
WPUID61,2002,M02,125.2
WPUID61,2002,M03,126.1
WPUID61,2002,M04,127.2
WPUID61,2002,M05,127.1
WPUID61,2002,M06,127.7
WPUID61,2002,M07,128.1
WPUID61,2002,M08,128.4
WPUID61,2002,M09,129.3
WPUID61,2002,M10,129.7
WPUID61,2002,M11,129.7
WPUID61,2002,M12,129.4
WPUID61,2002,M13,127.8
WPUID61,2003,M01,131.1
WPUID61,2003,M02,133.5
WPUID61,2003,M03,136.2
WPUID61,2003,M04,133.0
WPUID61,2003,M05,132.5
WPUID61,2003,M06,133.5
WPUID61,2003,M07,133.7
WPUID61,2003,M08,134.1
WPUID61,2003,M09,134.1
WPUID61,2003,M10,134.1
WPUID61,2003,M11,134.1
WPUID61,2003,M12,134.5
WPUID61,2003,M13,133.7
WPUID61,2004,M01,136.2
WPUID61,2004,M02,137.3
WPUID61,2004,M03,138.3
WPUID61,2004,M04,140.2
WPUID61,2004,M05,142.0
WPUID61,2004,M06,142.8
WPUID61,2004,M07,143.5
WPUID61,2004,M08,144.8
WPUID61,2004,M09,145.3
WPUID61,2004,M10,146.5
WPUID61,2004,M11,147.4
WPUID61,2004,M12,146.9
WPUID61,2004,M13,142.6
WPUID61,2005,M01,148.0
WPUID61,2005,M02,148.8
WPUID61,2005,M03,150.4
WPUID61,2005,M04,151.5
WPUID61,2005,M05,151.0
WPUID61,2005,M06,151.7
WPUID61,2005,M07,153.2
WPUID61,2005,M08,153.9
WPUID61,2005,M09,158.0
WPUID61,2005,M10,162.5
WPUID61,2005,M11,159.9
WPUID61,2005,M12,159.6
WPUID61,2005,M13,154.0
WPUID61,2006,M01,161.6
WPUID61,2006,M02,160.7
WPUID61,2006,M03,161.2
WPUID61,2006,M04,163.1
WPUID61,2006,M05,164.9
WPUID61,2006,M06,166.1
WPUID61,2006,M07,166.6
WPUID61,2006,M08,167.4
WPUID61,2006,M09,165.4
WPUID61,2006,M10,162.9
WPUID61,2006,M11,163.3
WPUID61,2006,M12,164.1
WPUID61,2006,M13,164.0
WPUID61,2007,M01,163.3
WPUID61,2007,M02,164.3
WPUID61,2007,M03,166.6
WPUID61,2007,M04,169.1
WPUID61,2007,M05,171.1
WPUID61,2007,M06,172.0
WPUID61,2007,M07,173.6
WPUID61,2007,M08,171.5
WPUID61,2007,M09,172.2
WPUID61,2007,M10,172.2
WPUID61,2007,M11,176.2
WPUID61,2007,M12,175.7
WPUID61,2007,M13,170.7
WPUID61,2008,M01,177.8
WPUID61,2008,M02,179.1
WPUID61,2008,M03,184.5
WPUID61,2008,M04,187.3
WPUID61,2008,M05,192.8
WPUID61,2008,M06,197.2
WPUID61,2008,M07,203.1
WPUID61,2008,M08,199.4
WPUID61,2008,M09,198.6
WPUID61,2008,M10,189.0
WPUID61,2008,M11,179.2
WPUID61,2008,M12,171.6
WPUID61,2008,M13,188.3
WPUID61,2009,M01,171.4
WPUID61,2009,M02,169.7
WPUID61,2009,M03,168.0
WPUID61,2009,M04,168.6
WPUID61,2009,M05,170.2
WPUID61,2009,M06,172.7
WPUID61,2009,M07,172.3
WPUID61,2009,M08,174.8
WPUID61,2009,M09,174.7
WPUID61,2009,M10,174.5
WPUID61,2009,M11,176.0
WPUID61,2009,M12,176.5
WPUID61,2009,M13,172.5
WPUID61,2010,M01,179.4
WPUID61,2010,M02,179.2
WPUID61,2010,M03,181.2
WPUID61,2010,M04,183.2
WPUID61,2010,M05,184.3
WPUID61,2010,M06,183.3
WPUID61,2010,M07,183.1
WPUID61,2010,M08,183.8
WPUID61,2010,M09,184.1
WPUID61,2010,M10,185.3
WPUID61,2010,M11,186.4
WPUID61,2010,M12,187.8
WPUID61,2010,M13,183.4
WPUID61,2011,M01,190.6
WPUID61,2011,M02,193.7
WPUID61,2011,M03,197.6
WPUID61,2011,M04,201.0
WPUID61,2011,M05,203.2
WPUID61,2011,M06,203.3
WPUID61,2011,M07,204.1
WPUID61,2011,M08,202.8
WPUID61,2011,M09,203.2
WPUID61,2011,M10,200.2
WPUID61,2011,M11,199.9
WPUID61,2011,M12,198.5
WPUID61,2011,M13,199.9
WPUID61,2012,M01,198.8
WPUID61,2012,M02,200.0
WPUID61,2012,M03,203.3
WPUID61,2012,M04,203.0
WPUID61,2012,M05,201.5
WPUID61,2012,M06,199.7
WPUID61,2012,M07,198.8
WPUID61,2012,M08,200.7
WPUID61,2012,M09,202.7
WPUID61,2012,M10,201.8
WPUID61,2012,M11,199.5
WPUID61,2012,M12,199.2
WPUID61,2012,M13,200.7
WPUID61,2013,M01,200.0
WPUID61,2013,M02,202.5
WPUID61,2013,M03,201.5
WPUID61,2013,M04,200.8
WPUID61,2013,M05,201.0
WPUID61,2013,M06,201.3
WPUID61,2013,M07,201.3
WPUID61,2013,M08,201.6
WPUID61,2013,M09,201.5
WPUID61,2013,M10,200.1
WPUID61,2013,M11,198.8
WPUID61,2013,M12,199.3
WPUID61,2013,M13,200.8
WPUID61,2014,M01,200.9
WPUID61,2014,M02,202.1
WPUID61,2014,M03,203.0
WPUID61,2014,M04,203.8
WPUID61,2014,M05,203.8
WPUID61,2014,M06,204.3
WPUID61,2014,M07,204.5
WPUID61,2014,M08,204.4
WPUID61,2014,M09,203.8
WPUID61,2014,M10,200.5
WPUID61,2014,M11,197.7
WPUID61,2014,M12,194.2
WPUID61,2014,M13,201.9
WPUID61,2015,M01,189.7
WPUID61,2015,M02,189.2
WPUID61,2015,M03,189.3
WPUID61,2015,M04,188.3
WPUID61,2015,M05,190.2
WPUID61,2015,M06,191.6
WPUID61,2015,M07,191.2
WPUID61,2015,M08,189.6
WPUID61,2015,M09,186.8
WPUID61,2015,M10,185.1
WPUID61,2015,M11,183.4
WPUID61,2015,M12,181.3
WPUID61,2015,M13,188.0
WPUID61,2016,M01,179.6
WPUID61,2016,M02,178.3
WPUID61,2016,M03,178.8
WPUID61,2016,M04,179.7
WPUID61,2016,M05,181.6
WPUID61,2016,M06,183.8
WPUID61,2016,M07,184.2
WPUID61,2016,M08,183.9
WPUID61,2016,M09,184.4
WPUID61,2016,M10,184.0
WPUID61,2016,M11,183.6
WPUID61,2016,M12,184.6
WPUID61,2016,M13,182.2
WPUID61,2017,M01,186.7
WPUID61,2017,M02,188.0
WPUID61,2017,M03,188.3
WPUID61,2017,M04,189.4
WPUID61,2017,M05,189.9
WPUID61,2017,M06,190.8
WPUID61,2017,M07,190.8
WPUID61,2017,M08,191.5
WPUID61,2017,M09,192.7
WPUID61,2017,M10,192.9
WPUID61,2017,M11,193.5
WPUID61,2017,M12,193.9
WPUID61,2017,M13,190.7
WPUID61,2018,M01,195.4
WPUID61,2018,M02,197.0
WPUID61,2018,M03,197.3
WPUID61,2018,M04,198.5
WPUID61,2018,M05,201.7
WPUID61,2018,M06,203.4
WPUID61,2018,M07,203.6
WPUID61,2018,M08,203.8
WPUID61,2018,M09,204.3
WPUID61,2018,M10,204.6
WPUID61,2018,M11,202.2
WPUID61,2018,M12,199.4
WPUID61,2018,M13,200.9
WPUID61,2019,M01,197.8
WPUID61,2019,M02,198.2
WPUID61,2019,M03,199.6
WPUID61,2019,M04,200.2
WPUID61,2019,M05,200.2
WPUID61,2019,M06,198.8
WPUID61,2019,M07,198.9
WPUID61,2019,M08,197.7
WPUID61,2019,M09,197.2
WPUID61,2019,M10,196.8
WPUID61,2019,M11,196.4
WPUID61,2019,M12,196.0
WPUID61,2019,M13,198.1
WPUID61,2020,M01,195.8
WPUID61,2020,M02,194.2
WPUID61,2020,M03,191.7
WPUID61,2020,M04,185.0
WPUID61,2020,M05,185.8
WPUID61,2020,M06,188.8
WPUID61,2020,M07,191.6
WPUID61,2020,M08,193.2
WPUID61,2020,M09,194.1
WPUID61,2020,M10,195.0
WPUID61,2020,M11,196.1
WPUID61,2020,M12,198.9
WPUID61,2020,M13,192.5
WPUID61,2021,M01,202.5
WPUID61,2021,M02,207.9
WPUID61,2021,M03,215.5
WPUID61,2021,M04,219.6
WPUID61,2021,M05,227.3
WPUID61,2021,M06,232.2
WPUID61,2021,M07,235.954
WPUID61,2021,M08,237.72
WPUID61,2021,M09,240.221
WPUID61,2021,M10,245.093
WPUID61,2021,M11,248.26
WPUID61,2021,M12,247.395
WPUID61,2021,M13,229.979
WPUID61,2022,M01,252.652
WPUID61,2022,M02,256.371
WPUID61,2022,M03,263.078
WPUID61,2022,M04,267.832
WPUID61,2022,M05,276.454
WPUID61,2022,M06,283.071
WPUID61,2022,M07,276.593
WPUID61,2022,M08,271.823
WPUID61,2022,M09,271.092
WPUID61,2022,M10,269.784
WPUID61,2022,M11,267.155
WPUID61,2022,M12,259.36
WPUID61,2022,M13,267.939
WPUID61,2023,M01,262.459
WPUID61,2023,M02,261.803
WPUID61,2023,M03,260.464
WPUID61,2023,M04,258.788
WPUID61,2023,M05,256.485
WPUID61,2023,M06,256.538
WPUID61,2023,M07,255.53
WPUID61,2023,M08,259.928
WPUID61,2023,M09,260.953
WPUID61,2023,M10,257.493
WPUID61,2023,M11,254.778
WPUID61,2023,M12,252.078
WPUID61,2023,M13,258.108
WPUID61,2024,M01,252.645
WPUID61,2024,M02,256.515
WPUID61,2024,M03,255.856
WPUID61,2024,M04,257.232
WPUID61,2024,M05,254.86
WPUID61,2024,M06,256.058
WPUID61,2024,M07,257.483
WPUID61,2024,M08,256.52
WPUID61,2024,M09,253.978
WPUID61,2024,M10,253.989
WPUID61,2024,M11,253.183
WPUID61,2024,M12,252.431
WPUID61,2024,M13,255.062
WPUID61,2025,M01,255.162
WPUID61,2025,M02,257.335
WPUID61,2025,M03,257.722
WPUID61,2025,M04,258.501
WPUID61,2025,M05,259.363
WPUID61,2025,M06,260.626
WPUID61,2025,M07,262.81
WPUID61,2025,M08,263.093
WPUID61,2025,M09,263.343
WPUID61,2025,M10,261.837
WPUID61,2025,M11,262.289
WPUID61,2025,M12,261.332
WPUID61,2025,M13,260.284
WPUID61,2026,M01,262.419
WPUID61,2026,M02,267.504
WPUID61,2026,M03,275.442
WPUID61,2026,M04,282.945
WPUID61,2026,M05,291.426
WPUID61,2026,M06,289.762
WPUID61,2026,M07,289.294
WPUID61,2026,M08,293.366
WPUID62,1994,M01,103.2
WPUID62,1994,M02,101.8
WPUID62,1994,M03,104.1
WPUID62,1994,M04,104.1
WPUID62,1994,M05,103.0
WPUID62,1994,M06,103.2
WPUID62,1994,M07,102.2
WPUID62,1994,M08,101.9
WPUID62,1994,M09,99.7
WPUID62,1994,M10,98.2
WPUID62,1994,M11,99.1
WPUID62,1994,M12,100.5
WPUID62,1994,M13,101.8
WPUID62,1995,M01,101.5
WPUID62,1995,M02,102.6
WPUID62,1995,M03,102.3
WPUID62,1995,M04,103.6
WPUID62,1995,M05,102.8
WPUID62,1995,M06,103.4
WPUID62,1995,M07,102.1
WPUID62,1995,M08,100.5
WPUID62,1995,M09,102.5
WPUID62,1995,M10,101.7
WPUID62,1995,M11,103.8
WPUID62,1995,M12,106.0
WPUID62,1995,M13,102.7
WPUID62,1996,M01,108.8
WPUID62,1996,M02,111.1
WPUID62,1996,M03,110.0
WPUID62,1996,M04,114.4
WPUID62,1996,M05,115.9
WPUID62,1996,M06,113.3
WPUID62,1996,M07,115.6
WPUID62,1996,M08,116.0
WPUID62,1996,M09,112.9
WPUID62,1996,M10,111.3
WPUID62,1996,M11,114.8
WPUID62,1996,M12,121.6
WPUID62,1996,M13,113.8
WPUID62,1997,M01,126.3
WPUID62,1997,M02,116.1
WPUID62,1997,M03,107.6
WPUID62,1997,M04,107.9
WPUID62,1997,M05,110.4
WPUID62,1997,M06,107.1
WPUID62,1997,M07,107.1
WPUID62,1997,M08,107.5
WPUID62,1997,M09,108.5
WPUID62,1997,M10,112.7
WPUID62,1997,M11,114.7
WPUID62,1997,M12,107.8
WPUID62,1997,M13,111.1
WPUID62,1998,M01,101.7
WPUID62,1998,M02,100.1
WPUID62,1998,M03,99.4
WPUID62,1998,M04,100.3
WPUID62,1998,M05,100.5
WPUID62,1998,M06,97.6
WPUID62,1998,M07,98.1
WPUID62,1998,M08,94.3
WPUID62,1998,M09,92.1
WPUID62,1998,M10,94.0
WPUID62,1998,M11,93.6
WPUID62,1998,M12,89.8
WPUID62,1998,M13,96.8
WPUID62,1999,M01,90.1
WPUID62,1999,M02,88.2
WPUID62,1999,M03,89.0
WPUID62,1999,M04,91.1
WPUID62,1999,M05,97.4
WPUID62,1999,M06,97.4
WPUID62,1999,M07,97.9
WPUID62,1999,M08,103.1
WPUID62,1999,M09,107.3
WPUID62,1999,M10,104.0
WPUID62,1999,M11,109.2
WPUID62,1999,M12,103.5
WPUID62,1999,M13,98.2
WPUID62,2000,M01,105.8
WPUID62,2000,M02,110.3
WPUID62,2000,M03,112.9
WPUID62,2000,M04,111.3
WPUID62,2000,M05,115.9
WPUID62,2000,M06,125.6
WPUID62,2000,M07,122.7
WPUID62,2000,M08,118.3
WPUID62,2000,M09,126.0
WPUID62,2000,M10,130.3
WPUID62,2000,M11,128.4
WPUID62,2000,M12,140.2
WPUID62,2000,M13,120.6
WPUID62,2001,M01,164.7
WPUID62,2001,M02,141.2
WPUID62,2001,M03,132.2
WPUID62,2001,M04,133.1
WPUID62,2001,M05,131.3
WPUID62,2001,M06,120.6
WPUID62,2001,M07,113.8
WPUID62,2001,M08,113.0
WPUID62,2001,M09,107.6
WPUID62,2001,M10,97.6
WPUID62,2001,M11,102.1
WPUID62,2001,M12,94.7
WPUID62,2001,M13,121.0
WPUID62,2002,M01,98.9
WPUID62,2002,M02,98.0
WPUID62,2002,M03,103.7
WPUID62,2002,M04,108.3
WPUID62,2002,M05,109.9
WPUID62,2002,M06,105.7
WPUID62,2002,M07,106.8
WPUID62,2002,M08,108.7
WPUID62,2002,M09,110.9
WPUID62,2002,M10,112.6
WPUID62,2002,M11,116.1
WPUID62,2002,M12,118.1
WPUID62,2002,M13,108.1
WPUID62,2003,M01,127.3
WPUID62,2003,M02,134.0
WPUID62,2003,M03,152.2
WPUID62,2003,M04,128.0
WPUID62,2003,M05,130.9
WPUID62,2003,M06,136.5
WPUID62,2003,M07,132.6
WPUID62,2003,M08,131.3
WPUID62,2003,M09,134.7
WPUID62,2003,M10,138.0
WPUID62,2003,M11,137.0
WPUID62,2003,M12,141.1
WPUID62,2003,M13,135.3
WPUID62,2004,M01,147.8
WPUID62,2004,M02,150.1
WPUID62,2004,M03,152.9
WPUID62,2004,M04,155.7
WPUID62,2004,M05,161.8
WPUID62,2004,M06,163.0
WPUID62,2004,M07,162.5
WPUID62,2004,M08,162.2
WPUID62,2004,M09,154.4
WPUID62,2004,M10,160.5
WPUID62,2004,M11,171.5
WPUID62,2004,M12,165.7
WPUID62,2004,M13,159.0
WPUID62,2005,M01,163.0
WPUID62,2005,M02,162.5
WPUID62,2005,M03,170.4
WPUID62,2005,M04,175.0
WPUID62,2005,M05,170.6
WPUID62,2005,M06,167.0
WPUID62,2005,M07,175.4
WPUID62,2005,M08,181.8
WPUID62,2005,M09,200.2
WPUID62,2005,M10,211.6
WPUID62,2005,M11,208.5
WPUID62,2005,M12,200.6
WPUID62,2005,M13,182.2
WPUID62,2006,M01,199.0
WPUID62,2006,M02,182.9
WPUID62,2006,M03,178.4
WPUID62,2006,M04,183.0
WPUID62,2006,M05,186.9
WPUID62,2006,M06,181.6
WPUID62,2006,M07,186.2
WPUID62,2006,M08,191.1
WPUID62,2006,M09,183.8
WPUID62,2006,M10,167.0
WPUID62,2006,M11,186.6
WPUID62,2006,M12,191.2
WPUID62,2006,M13,184.8
WPUID62,2007,M01,180.0
WPUID62,2007,M02,197.0
WPUID62,2007,M03,202.1
WPUID62,2007,M04,204.2
WPUID62,2007,M05,208.0
WPUID62,2007,M06,209.7
WPUID62,2007,M07,210.3
WPUID62,2007,M08,202.8
WPUID62,2007,M09,204.6
WPUID62,2007,M10,211.8
WPUID62,2007,M11,225.6
WPUID62,2007,M12,229.0
WPUID62,2007,M13,207.1
WPUID62,2008,M01,235.5
WPUID62,2008,M02,245.5
WPUID62,2008,M03,262.1
WPUID62,2008,M04,274.6
WPUID62,2008,M05,293.1
WPUID62,2008,M06,301.2
WPUID62,2008,M07,313.3
WPUID62,2008,M08,274.6
WPUID62,2008,M09,254.2
WPUID62,2008,M10,212.0
WPUID62,2008,M11,183.3
WPUID62,2008,M12,172.6
WPUID62,2008,M13,251.8
WPUID62,2009,M01,170.2
WPUID62,2009,M02,160.7
WPUID62,2009,M03,160.1
WPUID62,2009,M04,163.9
WPUID62,2009,M05,171.5
WPUID62,2009,M06,179.8
WPUID62,2009,M07,172.9
WPUID62,2009,M08,178.4
WPUID62,2009,M09,173.5
WPUID62,2009,M10,184.0
WPUID62,2009,M11,192.1
WPUID62,2009,M12,195.5
WPUID62,2009,M13,175.2
WPUID62,2010,M01,212.8
WPUID62,2010,M02,208.5
WPUID62,2010,M03,212.7
WPUID62,2010,M04,211.0
WPUID62,2010,M05,208.3
WPUID62,2010,M06,203.7
WPUID62,2010,M07,208.6
WPUID62,2010,M08,211.8
WPUID62,2010,M09,209.2
WPUID62,2010,M10,215.4
WPUID62,2010,M11,217.3
WPUID62,2010,M12,227.0
WPUID62,2010,M13,212.2
WPUID62,2011,M01,235.9
WPUID62,2011,M02,242.8
WPUID62,2011,M03,248.2
WPUID62,2011,M04,261.3
WPUID62,2011,M05,255.5
WPUID62,2011,M06,256.9
WPUID62,2011,M07,256.9
WPUID62,2011,M08,251.2
WPUID62,2011,M09,251.1
WPUID62,2011,M10,242.8
WPUID62,2011,M11,248.5
WPUID62,2011,M12,242.0
WPUID62,2011,M13,249.4
WPUID62,2012,M01,246.0
WPUID62,2012,M02,245.2
WPUID62,2012,M03,248.7
WPUID62,2012,M04,242.0
WPUID62,2012,M05,234.9
WPUID62,2012,M06,227.1
WPUID62,2012,M07,233.0
WPUID62,2012,M08,242.7
WPUID62,2012,M09,244.9
WPUID62,2012,M10,242.3
WPUID62,2012,M11,244.0
WPUID62,2012,M12,245.4
WPUID62,2012,M13,241.4
WPUID62,2013,M01,247.3
WPUID62,2013,M02,246.1
WPUID62,2013,M03,248.7
WPUID62,2013,M04,249.2
WPUID62,2013,M05,252.5
WPUID62,2013,M06,251.3
WPUID62,2013,M07,252.9
WPUID62,2013,M08,247.2
WPUID62,2013,M09,246.2
WPUID62,2013,M10,241.2
WPUID62,2013,M11,236.7
WPUID62,2013,M12,240.7
WPUID62,2013,M13,246.7
WPUID62,2014,M01,246.0
WPUID62,2014,M02,258.6
WPUID62,2014,M03,262.0
WPUID62,2014,M04,265.4
WPUID62,2014,M05,263.0
WPUID62,2014,M06,260.5
WPUID62,2014,M07,255.3
WPUID62,2014,M08,245.9
WPUID62,2014,M09,245.6
WPUID62,2014,M10,236.2
WPUID62,2014,M11,232.9
WPUID62,2014,M12,219.7
WPUID62,2014,M13,249.3
WPUID62,2015,M01,199.7
WPUID62,2015,M02,193.4
WPUID62,2015,M03,193.9
WPUID62,2015,M04,195.5
WPUID62,2015,M05,202.5
WPUID62,2015,M06,203.3
WPUID62,2015,M07,196.1
WPUID62,2015,M08,187.6
WPUID62,2015,M09,182.4
WPUID62,2015,M10,179.5
WPUID62,2015,M11,171.3
WPUID62,2015,M12,164.1
WPUID62,2015,M13,189.1
WPUID62,2016,M01,164.7
WPUID62,2016,M02,161.7
WPUID62,2016,M03,166.0
WPUID62,2016,M04,170.1
WPUID62,2016,M05,176.6
WPUID62,2016,M06,181.3
WPUID62,2016,M07,181.2
WPUID62,2016,M08,175.4
WPUID62,2016,M09,173.5
WPUID62,2016,M10,171.6
WPUID62,2016,M11,173.0
WPUID62,2016,M12,185.4
WPUID62,2016,M13,173.4
WPUID62,2017,M01,193.4
WPUID62,2017,M02,192.8
WPUID62,2017,M03,188.3
WPUID62,2017,M04,191.9
WPUID62,2017,M05,191.6
WPUID62,2017,M06,191.8
WPUID62,2017,M07,192.0
WPUID62,2017,M08,187.6
WPUID62,2017,M09,186.8
WPUID62,2017,M10,186.2
WPUID62,2017,M11,192.0
WPUID62,2017,M12,194.7
WPUID62,2017,M13,190.8
WPUID62,2018,M01,199.7
WPUID62,2018,M02,203.0
WPUID62,2018,M03,198.2
WPUID62,2018,M04,199.9
WPUID62,2018,M05,205.7
WPUID62,2018,M06,204.2
WPUID62,2018,M07,204.8
WPUID62,2018,M08,194.6
WPUID62,2018,M09,194.8
WPUID62,2018,M10,200.3
WPUID62,2018,M11,194.4
WPUID62,2018,M12,202.0
WPUID62,2018,M13,200.1
WPUID62,2019,M01,193.6
WPUID62,2019,M02,189.4
WPUID62,2019,M03,190.6
WPUID62,2019,M04,193.4
WPUID62,2019,M05,188.8
WPUID62,2019,M06,183.8
WPUID62,2019,M07,184.9
WPUID62,2019,M08,179.7
WPUID62,2019,M09,177.4
WPUID62,2019,M10,177.9
WPUID62,2019,M11,184.4
WPUID62,2019,M12,187.2
WPUID62,2019,M13,185.9
WPUID62,2020,M01,186.5
WPUID62,2020,M02,174.6
WPUID62,2020,M03,160.9
WPUID62,2020,M04,138.1
WPUID62,2020,M05,150.8
WPUID62,2020,M06,158.5
WPUID62,2020,M07,159.2
WPUID62,2020,M08,163.4
WPUID62,2020,M09,170.1
WPUID62,2020,M10,173.7
WPUID62,2020,M11,185.5
WPUID62,2020,M12,189.6
WPUID62,2020,M13,167.6
WPUID62,2021,M01,201.3
WPUID62,2021,M02,225.6
WPUID62,2021,M03,216.9
WPUID62,2021,M04,219.9
WPUID62,2021,M05,237.9
WPUID62,2021,M06,242.4
WPUID62,2021,M07,248.363
WPUID62,2021,M08,249.207
WPUID62,2021,M09,252.62
WPUID62,2021,M10,270.126
WPUID62,2021,M11,277.427
WPUID62,2021,M12,265.393
WPUID62,2021,M13,242.264
WPUID62,2022,M01,274.59
WPUID62,2022,M02,301.214
WPUID62,2022,M03,310.889
WPUID62,2022,M04,330.004
WPUID62,2022,M05,348.355
WPUID62,2022,M06,364.25
WPUID62,2022,M07,328.978
WPUID62,2022,M08,341.149
WPUID62,2022,M09,326.337
WPUID62,2022,M10,295.143
WPUID62,2022,M11,287.265
WPUID62,2022,M12,293.678
WPUID62,2022,M13,316.821
WPUID62,2023,M01,282.252
WPUID62,2023,M02,269.828
WPUID62,2023,M03,258.773
WPUID62,2023,M04,263.12
WPUID62,2023,M05,249.973
WPUID62,2023,M06,247.272
WPUID62,2023,M07,249.746
WPUID62,2023,M08,251.788
WPUID62,2023,M09,256.157
WPUID62,2023,M10,251.369
WPUID62,2023,M11,247.112
WPUID62,2023,M12,238.663
WPUID62,2023,M13,255.504
WPUID62,2024,M01,244.139
WPUID62,2024,M02,244.666
WPUID62,2024,M03,242.575
WPUID62,2024,M04,249.879
WPUID62,2024,M05,249.748
WPUID62,2024,M06,251.381
WPUID62,2024,M07,253.3
WPUID62,2024,M08,241.913
WPUID62,2024,M09,235.214
WPUID62,2024,M10,240.734
WPUID62,2024,M11,241.692
WPUID62,2024,M12,249.434
WPUID62,2024,M13,245.39
WPUID62,2025,M01,264.4
WPUID62,2025,M02,267.388
WPUID62,2025,M03,258.325
WPUID62,2025,M04,250.6
WPUID62,2025,M05,246.865
WPUID62,2025,M06,252.974
WPUID62,2025,M07,253.801
WPUID62,2025,M08,246.106
WPUID62,2025,M09,243.6
WPUID62,2025,M10,239.378
WPUID62,2025,M11,246.485
WPUID62,2025,M12,251.948
WPUID62,2025,M13,251.822
WPUID62,2026,M01,264.029
WPUID62,2026,M02,281.879
WPUID62,2026,M03,282.771
WPUID62,2026,M04,288.617
WPUID62,2026,M05,297.506
WPUID62,2026,M06,278.67
WPUID62,2026,M07,278.212
WPUID62,2026,M08,277.618
