family,reference_period,release_date,source
CPI_FINAL,2005Q1,2005-04-20,BLS
CPI_FINAL,2005Q2,2005-07-14,BLS
CPI_FINAL,2005Q3,2005-10-14,BLS
CPI_FINAL,2005Q4,2006-01-18,BLS
CPI_FINAL,2006Q1,2006-04-19,BLS
CPI_FINAL,2006Q2,2006-07-19,BLS
CPI_FINAL,2006Q3,2006-10-18,BLS
CPI_FINAL,2006Q4,2007-01-18,BLS
CPI_FINAL,2007Q1,2007-04-17,BLS
CPI_FINAL,2007Q2,2007-07-18,BLS
CPI_FINAL,2007Q3,2007-10-17,BLS
CPI_FINAL,2007Q4,2008-01-16,BLS
CPI_FINAL,2008Q1,2008-04-16,BLS
CPI_FINAL,2008Q2,2008-07-16,BLS
CPI_FINAL,2008Q3,2008-10-16,BLS
CPI_FINAL,2008Q4,2009-01-16,BLS
CPI_FINAL,2009Q1,2009-04-15,BLS
CPI_FINAL,2009Q2,2009-07-15,BLS
CPI_FINAL,2009Q3,2009-10-15,BLS
CPI_FINAL,2009Q4,2010-01-15,BLS
CPI_FINAL,2010Q1,2010-04-14,BLS
CPI_FINAL,2010Q2,2010-07-16,BLS
CPI_FINAL,2010Q3,2010-10-15,BLS
CPI_FINAL,2010Q4,2011-01-14,BLS
CPI_FINAL,2011Q1,2011-04-15,BLS
CPI_FINAL,2011Q2,2011-07-15,BLS
CPI_FINAL,2011Q3,2011-10-19,BLS
CPI_FINAL,2011Q4,2012-01-19,BLS
CPI_FINAL,2012Q1,2012-04-13,BLS
CPI_FINAL,2012Q2,2012-07-17,BLS
CPI_FINAL,2012Q3,2012-10-16,BLS
CPI_FINAL,2012Q4,2013-01-16,BLS
CPI_FINAL,2013Q1,2013-04-16,BLS
CPI_FINAL,2013Q2,2013-07-16,BLS
CPI_FINAL,2013Q3,2013-10-30,BLS
CPI_FINAL,2013Q4,2014-01-16,BLS
CPI_FINAL,2014Q1,2014-04-15,BLS
CPI_FINAL,2014Q2,2014-07-22,BLS
CPI_FINAL,2014Q3,2014-10-22,BLS
CPI_FINAL,2014Q4,2015-01-16,BLS
CPI_FINAL,2015Q1,2015-04-17,BLS
CPI_FINAL,2015Q2,2015-07-17,BLS
CPI_FINAL,2015Q3,2015-10-15,BLS
CPI_FINAL,2015Q4,2016-01-20,BLS
CPI_FINAL,2016Q1,2016-04-14,BLS
CPI_FINAL,2016Q2,2016-07-15,BLS
CPI_FINAL,2016Q3,2016-10-18,BLS
CPI_FINAL,2016Q4,2017-01-18,BLS
CPI_FINAL,2017Q1,2017-04-14,BLS
CPI_FINAL,2017Q2,2017-07-14,BLS
CPI_FINAL,2017Q3,2017-10-13,BLS
CPI_FINAL,2017Q4,2018-01-12,BLS
CPI_FINAL,2018Q1,2018-04-11,BLS
CPI_FINAL,2018Q2,2018-07-12,BLS
CPI_FINAL,2018Q3,2018-10-11,BLS
CPI_FINAL,2018Q4,2019-01-11,BLS
CPI_FINAL,2019Q1,2019-04-10,BLS
CPI_FINAL,2019Q2,2019-07-11,BLS
CPI_FINAL,2019Q3,2019-10-10,BLS
CPI_FINAL,2019Q4,2020-01-14,BLS
CPI_FINAL,2020Q1,2020-04-10,BLS
CPI_FINAL,2020Q2,2020-07-14,BLS
CPI_FINAL,2020Q3,2020-10-13,BLS
CPI_FINAL,2020Q4,2021-01-13,BLS
CPI_FINAL,2021Q1,2021-04-13,BLS
CPI_FINAL,2021Q2,2021-07-13,BLS
CPI_FINAL,2021Q3,2021-10-13,BLS
CPI_FINAL,2021Q4,2022-01-12,BLS
CPI_FINAL,2022Q1,2022-04-12,BLS
CPI_FINAL,2022Q2,2022-07-13,BLS
CPI_FINAL,2022Q3,2022-10-13,BLS
CPI_FINAL,2022Q4,2023-01-12,BLS
CPI_FINAL,2023Q1,2023-04-12,BLS
CPI_FINAL,2023Q2,2023-07-12,BLS
CPI_FINAL,2023Q3,2023-10-12,BLS
CPI_FINAL,2023Q4,2024-01-11,BLS
CPI_FINAL,2024Q1,2024-04-10,BLS
CPI_FINAL,2024Q2,2024-07-11,BLS
CPI_FINAL,2024Q3,2024-10-10,BLS
CPI_FINAL,2024Q4,2025-01-15,BLS
CPI_FINAL,2025Q1,2025-04-10,BLS
CPI_FINAL,2025Q2,2025-07-15,BLS
CPI_FINAL,2025Q3,2025-10-24,BLS
CPI_FINAL,2026Q1,2026-04-10,BLS
CPI_FINAL,2026Q2,2026-07-14,BLS
CPI_FINAL,2026Q3,2026-10-14,BLS
CPS_FINAL,2005Q1,2005-04-01,BLS
CPS_FINAL,2005Q2,2005-07-08,BLS
CPS_FINAL,2005Q3,2005-10-07,BLS
CPS_FINAL,2005Q4,2006-01-06,BLS
CPS_FINAL,2006Q1,2006-04-07,BLS
CPS_FINAL,2006Q2,2006-07-07,BLS
CPS_FINAL,2006Q3,2006-10-06,BLS
CPS_FINAL,2006Q4,2007-01-05,BLS
CPS_FINAL,2007Q1,2007-04-06,BLS
CPS_FINAL,2007Q2,2007-07-06,BLS
CPS_FINAL,2007Q3,2007-10-05,BLS
CPS_FINAL,2007Q4,2008-01-04,BLS
CPS_FINAL,2008Q1,2008-04-04,BLS
CPS_FINAL,2008Q2,2008-07-03,BLS
CPS_FINAL,2008Q3,2008-10-03,BLS
CPS_FINAL,2008Q4,2009-01-09,BLS
CPS_FINAL,2009Q1,2009-04-03,BLS
CPS_FINAL,2009Q2,2009-07-02,BLS
CPS_FINAL,2009Q3,2009-10-02,BLS
CPS_FINAL,2009Q4,2010-01-08,BLS
CPS_FINAL,2010Q1,2010-04-02,BLS
CPS_FINAL,2010Q2,2010-07-02,BLS
CPS_FINAL,2010Q3,2010-10-08,BLS
CPS_FINAL,2010Q4,2011-01-07,BLS
CPS_FINAL,2011Q1,2011-04-01,BLS
CPS_FINAL,2011Q2,2011-07-08,BLS
CPS_FINAL,2011Q3,2011-10-07,BLS
CPS_FINAL,2011Q4,2012-01-06,BLS
CPS_FINAL,2012Q1,2012-04-06,BLS
CPS_FINAL,2012Q2,2012-07-06,BLS
CPS_FINAL,2012Q3,2012-10-05,BLS
CPS_FINAL,2012Q4,2013-01-04,BLS
CPS_FINAL,2013Q1,2013-04-05,BLS
CPS_FINAL,2013Q2,2013-07-05,BLS
CPS_FINAL,2013Q3,2013-10-22,BLS
CPS_FINAL,2013Q4,2014-01-10,BLS
CPS_FINAL,2014Q1,2014-04-04,BLS
CPS_FINAL,2014Q2,2014-07-03,BLS
CPS_FINAL,2014Q3,2014-10-03,BLS
CPS_FINAL,2014Q4,2015-01-09,BLS
CPS_FINAL,2015Q1,2015-04-03,BLS
CPS_FINAL,2015Q2,2015-07-02,BLS
CPS_FINAL,2015Q3,2015-10-02,BLS
CPS_FINAL,2015Q4,2016-01-08,BLS
CPS_FINAL,2016Q1,2016-04-01,BLS
CPS_FINAL,2016Q2,2016-07-08,BLS
CPS_FINAL,2016Q3,2016-10-07,BLS
CPS_FINAL,2016Q4,2017-01-06,BLS
CPS_FINAL,2017Q1,2017-04-07,BLS
CPS_FINAL,2017Q2,2017-07-07,BLS
CPS_FINAL,2017Q3,2017-10-06,BLS
CPS_FINAL,2017Q4,2018-01-05,BLS
CPS_FINAL,2018Q1,2018-04-06,BLS
CPS_FINAL,2018Q2,2018-07-06,BLS
CPS_FINAL,2018Q3,2018-10-05,BLS
CPS_FINAL,2018Q4,2019-01-04,BLS
CPS_FINAL,2019Q1,2019-04-05,BLS
CPS_FINAL,2019Q2,2019-07-05,BLS
CPS_FINAL,2019Q3,2019-10-04,BLS
CPS_FINAL,2019Q4,2020-01-10,BLS
CPS_FINAL,2020Q1,2020-04-03,BLS
CPS_FINAL,2020Q2,2020-07-02,BLS
CPS_FINAL,2020Q3,2020-10-02,BLS
CPS_FINAL,2020Q4,2021-01-08,BLS
CPS_FINAL,2021Q1,2021-04-02,BLS
CPS_FINAL,2021Q2,2021-07-02,BLS
CPS_FINAL,2021Q3,2021-10-08,BLS
CPS_FINAL,2021Q4,2022-01-07,BLS
CPS_FINAL,2022Q1,2022-04-01,BLS
CPS_FINAL,2022Q2,2022-07-08,BLS
CPS_FINAL,2022Q3,2022-10-07,BLS
CPS_FINAL,2022Q4,2023-01-06,BLS
CPS_FINAL,2023Q1,2023-04-07,BLS
CPS_FINAL,2023Q2,2023-07-07,BLS
CPS_FINAL,2023Q3,2023-10-06,BLS
CPS_FINAL,2023Q4,2024-01-05,BLS
CPS_FINAL,2024Q1,2024-04-05,BLS
CPS_FINAL,2024Q2,2024-07-05,BLS
CPS_FINAL,2024Q3,2024-10-04,BLS
CPS_FINAL,2024Q4,2025-01-10,BLS
CPS_FINAL,2025Q1,2025-04-04,BLS
CPS_FINAL,2025Q2,2025-07-03,BLS
CPS_FINAL,2025Q3,2025-11-20,BLS
CPS_FINAL,2026Q1,2026-04-03,BLS
CPS_FINAL,2026Q2,2026-07-02,BLS
CPS_FINAL,2026Q3,2026-10-02,BLS
CES_FINAL,2005Q1,2007-02-02,BLS
CES_FINAL,2005Q2,2007-02-02,BLS
CES_FINAL,2005Q3,2007-02-02,BLS
CES_FINAL,2005Q4,2007-02-02,BLS
CES_FINAL,2006Q1,2008-02-01,BLS
CES_FINAL,2006Q2,2008-02-01,BLS
CES_FINAL,2006Q3,2008-02-01,BLS
CES_FINAL,2006Q4,2008-02-01,BLS
CES_FINAL,2007Q1,2009-02-06,BLS
CES_FINAL,2007Q2,2009-02-06,BLS
CES_FINAL,2007Q3,2009-02-06,BLS
CES_FINAL,2007Q4,2009-02-06,BLS
CES_FINAL,2008Q1,2010-02-05,BLS
CES_FINAL,2008Q2,2010-02-05,BLS
CES_FINAL,2008Q3,2010-02-05,BLS
CES_FINAL,2008Q4,2010-02-05,BLS
CES_FINAL,2009Q1,2011-02-04,BLS
CES_FINAL,2009Q2,2011-02-04,BLS
CES_FINAL,2009Q3,2011-02-04,BLS
CES_FINAL,2009Q4,2011-02-04,BLS
CES_FINAL,2010Q1,2012-02-03,BLS
CES_FINAL,2010Q2,2012-02-03,BLS
CES_FINAL,2010Q3,2012-02-03,BLS
CES_FINAL,2010Q4,2012-02-03,BLS
CES_FINAL,2011Q1,2013-02-01,BLS
CES_FINAL,2011Q2,2013-02-01,BLS
CES_FINAL,2011Q3,2013-02-01,BLS
CES_FINAL,2011Q4,2013-02-01,BLS
CES_FINAL,2012Q1,2014-02-07,BLS
CES_FINAL,2012Q2,2014-02-07,BLS
CES_FINAL,2012Q3,2014-02-07,BLS
CES_FINAL,2012Q4,2014-02-07,BLS
CES_FINAL,2013Q1,2015-02-06,BLS
CES_FINAL,2013Q2,2015-02-06,BLS
CES_FINAL,2013Q3,2015-02-06,BLS
CES_FINAL,2013Q4,2015-02-06,BLS
CES_FINAL,2014Q1,2016-02-05,BLS
CES_FINAL,2014Q2,2016-02-05,BLS
CES_FINAL,2014Q3,2016-02-05,BLS
CES_FINAL,2014Q4,2016-02-05,BLS
CES_FINAL,2015Q1,2017-02-03,BLS
CES_FINAL,2015Q2,2017-02-03,BLS
CES_FINAL,2015Q3,2017-02-03,BLS
CES_FINAL,2015Q4,2017-02-03,BLS
CES_FINAL,2016Q1,2018-02-02,BLS
CES_FINAL,2016Q2,2018-02-02,BLS
CES_FINAL,2016Q3,2018-02-02,BLS
CES_FINAL,2016Q4,2018-02-02,BLS
CES_FINAL,2017Q1,2019-02-01,BLS
CES_FINAL,2017Q2,2019-02-01,BLS
CES_FINAL,2017Q3,2019-02-01,BLS
CES_FINAL,2017Q4,2019-02-01,BLS
CES_FINAL,2018Q1,2020-02-07,BLS
CES_FINAL,2018Q2,2020-02-07,BLS
CES_FINAL,2018Q3,2020-02-07,BLS
CES_FINAL,2018Q4,2020-02-07,BLS
CES_FINAL,2019Q1,2021-02-05,BLS
CES_FINAL,2019Q2,2021-02-05,BLS
CES_FINAL,2019Q3,2021-02-05,BLS
CES_FINAL,2019Q4,2021-02-05,BLS
CES_FINAL,2020Q1,2022-02-04,BLS
CES_FINAL,2020Q2,2022-02-04,BLS
CES_FINAL,2020Q3,2022-02-04,BLS
CES_FINAL,2020Q4,2022-02-04,BLS
CES_FINAL,2021Q1,2023-02-03,BLS
CES_FINAL,2021Q2,2023-02-03,BLS
CES_FINAL,2021Q3,2023-02-03,BLS
CES_FINAL,2021Q4,2023-02-03,BLS
CES_FINAL,2022Q1,2024-02-02,BLS
CES_FINAL,2022Q2,2024-02-02,BLS
CES_FINAL,2022Q3,2024-02-02,BLS
CES_FINAL,2022Q4,2024-02-02,BLS
CES_FINAL,2023Q1,2025-02-07,BLS
CES_FINAL,2023Q2,2025-02-07,BLS
CES_FINAL,2023Q3,2025-02-07,BLS
CES_FINAL,2023Q4,2025-02-07,BLS
CES_FINAL,2024Q1,2026-02-11,BLS
CES_FINAL,2024Q2,2026-02-11,BLS
CES_FINAL,2024Q3,2026-02-11,BLS
CES_FINAL,2024Q4,2026-02-11,BLS
PPI_FINAL,2005Q1,2005-08-17,BLS
PPI_FINAL,2005Q2,2005-11-15,BLS
PPI_FINAL,2005Q3,2006-02-17,BLS
PPI_FINAL,2005Q4,2006-05-16,BLS
PPI_FINAL,2006Q1,2006-08-15,BLS
PPI_FINAL,2006Q2,2006-11-14,BLS
PPI_FINAL,2006Q3,2007-02-16,BLS
PPI_FINAL,2006Q4,2007-05-11,BLS
PPI_FINAL,2007Q1,2007-08-14,BLS
PPI_FINAL,2007Q2,2007-11-14,BLS
PPI_FINAL,2007Q3,2008-02-26,BLS
PPI_FINAL,2007Q4,2008-05-20,BLS
PPI_FINAL,2008Q1,2008-08-19,BLS
PPI_FINAL,2008Q2,2008-11-18,BLS
PPI_FINAL,2008Q3,2009-02-19,BLS
PPI_FINAL,2008Q4,2009-05-14,BLS
PPI_FINAL,2009Q1,2009-08-18,BLS
PPI_FINAL,2009Q2,2009-11-17,BLS
PPI_FINAL,2009Q3,2010-02-18,BLS
PPI_FINAL,2009Q4,2010-05-18,BLS
PPI_FINAL,2010Q1,2010-08-17,BLS
PPI_FINAL,2010Q2,2010-11-16,BLS
PPI_FINAL,2010Q3,2011-02-16,BLS
PPI_FINAL,2010Q4,2011-05-12,BLS
PPI_FINAL,2011Q1,2011-08-17,BLS
PPI_FINAL,2011Q2,2011-11-15,BLS
PPI_FINAL,2011Q3,2012-02-16,BLS
PPI_FINAL,2011Q4,2012-05-11,BLS
PPI_FINAL,2012Q1,2012-08-14,BLS
PPI_FINAL,2012Q2,2012-11-14,BLS
PPI_FINAL,2012Q3,2013-02-20,BLS
PPI_FINAL,2012Q4,2013-05-15,BLS
PPI_FINAL,2013Q1,2013-08-14,BLS
PPI_FINAL,2013Q2,2013-11-21,BLS
PPI_FINAL,2013Q3,2014-02-19,BLS
PPI_FINAL,2013Q4,2014-05-14,BLS
PPI_FINAL,2014Q1,2014-08-15,BLS
PPI_FINAL,2014Q2,2014-11-18,BLS
PPI_FINAL,2014Q3,2015-02-18,BLS
PPI_FINAL,2014Q4,2015-05-14,BLS
PPI_FINAL,2015Q1,2015-08-14,BLS
PPI_FINAL,2015Q2,2015-11-13,BLS
PPI_FINAL,2015Q3,2016-02-17,BLS
PPI_FINAL,2015Q4,2016-05-13,BLS
PPI_FINAL,2016Q1,2016-08-12,BLS
PPI_FINAL,2016Q2,2016-11-16,BLS
PPI_FINAL,2016Q3,2017-02-14,BLS
PPI_FINAL,2016Q4,2017-05-11,BLS
PPI_FINAL,2017Q1,2017-08-10,BLS
PPI_FINAL,2017Q2,2017-11-14,BLS
PPI_FINAL,2017Q3,2018-02-15,BLS
PPI_FINAL,2017Q4,2018-05-09,BLS
PPI_FINAL,2018Q1,2018-08-09,BLS
PPI_FINAL,2018Q2,2018-11-09,BLS
PPI_FINAL,2018Q3,2019-02-14,BLS
PPI_FINAL,2018Q4,2019-05-09,BLS
PPI_FINAL,2019Q1,2019-08-09,BLS
PPI_FINAL,2019Q2,2019-11-14,BLS
PPI_FINAL,2019Q3,2020-02-19,BLS
PPI_FINAL,2019Q4,2020-05-13,BLS
PPI_FINAL,2020Q1,2020-08-11,BLS
PPI_FINAL,2020Q2,2020-11-13,BLS
PPI_FINAL,2020Q3,2021-02-17,BLS
PPI_FINAL,2020Q4,2021-05-13,BLS
PPI_FINAL,2021Q1,2021-08-12,BLS
PPI_FINAL,2021Q2,2021-11-09,BLS
PPI_FINAL,2021Q3,2022-02-15,BLS
PPI_FINAL,2021Q4,2022-05-12,BLS
PPI_FINAL,2022Q1,2022-08-11,BLS
PPI_FINAL,2022Q2,2022-11-15,BLS
PPI_FINAL,2022Q3,2023-02-16,BLS
PPI_FINAL,2022Q4,2023-05-11,BLS
PPI_FINAL,2023Q1,2023-08-11,BLS
PPI_FINAL,2023Q2,2023-11-15,BLS
PPI_FINAL,2023Q3,2024-02-16,BLS
PPI_FINAL,2023Q4,2024-05-14,BLS
PPI_FINAL,2024Q1,2024-08-13,BLS
PPI_FINAL,2024Q2,2024-11-14,BLS
PPI_FINAL,2024Q3,2025-02-13,BLS
PPI_FINAL,2024Q4,2025-05-15,BLS
PPI_FINAL,2025Q1,2025-08-14,BLS
PPI_FINAL,2025Q3,2026-02-27,BLS
PPI_FINAL,2026Q1,2026-08-13,BLS
PPI_FINAL,2026Q2,2026-11-13,BLS
JOLTS_FINAL,2005Q1,2011-03-11,BLS
JOLTS_FINAL,2005Q2,2011-03-11,BLS
JOLTS_FINAL,2005Q3,2011-03-11,BLS
JOLTS_FINAL,2005Q4,2011-03-11,BLS
JOLTS_FINAL,2006Q1,2012-03-13,BLS
JOLTS_FINAL,2006Q2,2012-03-13,BLS
JOLTS_FINAL,2006Q3,2012-03-13,BLS
JOLTS_FINAL,2006Q4,2012-03-13,BLS
JOLTS_FINAL,2007Q1,2013-03-12,BLS
JOLTS_FINAL,2007Q2,2013-03-12,BLS
JOLTS_FINAL,2007Q3,2013-03-12,BLS
JOLTS_FINAL,2007Q4,2013-03-12,BLS
JOLTS_FINAL,2008Q1,2014-03-11,BLS
JOLTS_FINAL,2008Q2,2014-03-11,BLS
JOLTS_FINAL,2008Q3,2014-03-11,BLS
JOLTS_FINAL,2008Q4,2014-03-11,BLS
JOLTS_FINAL,2009Q1,2015-03-10,BLS
JOLTS_FINAL,2009Q2,2015-03-10,BLS
JOLTS_FINAL,2009Q3,2015-03-10,BLS
JOLTS_FINAL,2009Q4,2015-03-10,BLS
JOLTS_FINAL,2010Q1,2016-03-17,BLS
JOLTS_FINAL,2010Q2,2016-03-17,BLS
JOLTS_FINAL,2010Q3,2016-03-17,BLS
JOLTS_FINAL,2010Q4,2016-03-17,BLS
JOLTS_FINAL,2011Q1,2017-03-16,BLS
JOLTS_FINAL,2011Q2,2017-03-16,BLS
JOLTS_FINAL,2011Q3,2017-03-16,BLS
JOLTS_FINAL,2011Q4,2017-03-16,BLS
JOLTS_FINAL,2012Q1,2018-03-16,BLS
JOLTS_FINAL,2012Q2,2018-03-16,BLS
JOLTS_FINAL,2012Q3,2018-03-16,BLS
JOLTS_FINAL,2012Q4,2018-03-16,BLS
JOLTS_FINAL,2013Q1,2019-03-15,BLS
JOLTS_FINAL,2013Q2,2019-03-15,BLS
JOLTS_FINAL,2013Q3,2019-03-15,BLS
JOLTS_FINAL,2013Q4,2019-03-15,BLS
JOLTS_FINAL,2014Q1,2020-03-17,BLS
JOLTS_FINAL,2014Q2,2020-03-17,BLS
JOLTS_FINAL,2014Q3,2020-03-17,BLS
JOLTS_FINAL,2014Q4,2020-03-17,BLS
JOLTS_FINAL,2015Q1,2021-03-11,BLS
JOLTS_FINAL,2015Q2,2021-03-11,BLS
JOLTS_FINAL,2015Q3,2021-03-11,BLS
JOLTS_FINAL,2015Q4,2021-03-11,BLS
JOLTS_FINAL,2016Q1,2022-03-09,BLS
JOLTS_FINAL,2016Q2,2022-03-09,BLS
JOLTS_FINAL,2016Q3,2022-03-09,BLS
JOLTS_FINAL,2016Q4,2022-03-09,BLS
JOLTS_FINAL,2017Q1,2023-03-08,BLS
JOLTS_FINAL,2017Q2,2023-03-08,BLS
JOLTS_FINAL,2017Q3,2023-03-08,BLS
JOLTS_FINAL,2017Q4,2023-03-08,BLS
JOLTS_FINAL,2018Q1,2024-03-06,BLS
JOLTS_FINAL,2018Q2,2024-03-06,BLS
JOLTS_FINAL,2018Q3,2024-03-06,BLS
JOLTS_FINAL,2018Q4,2024-03-06,BLS
JOLTS_FINAL,2019Q1,2025-03-11,BLS
JOLTS_FINAL,2019Q2,2025-03-11,BLS
JOLTS_FINAL,2019Q3,2025-03-11,BLS
JOLTS_FINAL,2019Q4,2025-03-11,BLS
JOLTS_FINAL,2020Q1,2026-03-13,BLS
JOLTS_FINAL,2020Q2,2026-03-13,BLS
JOLTS_FINAL,2020Q3,2026-03-13,BLS
JOLTS_FINAL,2020Q4,2026-03-13,BLS
QCEW_FINAL,2003Q1,2004-10-26,BLS
QCEW_FINAL,2003Q2,2004-10-26,BLS
QCEW_FINAL,2003Q3,2004-10-26,BLS
QCEW_FINAL,2003Q4,2004-10-26,BLS
QCEW_FINAL,2004Q1,2005-10-20,BLS
QCEW_FINAL,2004Q2,2005-10-20,BLS
QCEW_FINAL,2004Q3,2005-10-20,BLS
QCEW_FINAL,2004Q4,2005-10-20,BLS
QCEW_FINAL,2005Q1,2006-10-26,BLS
QCEW_FINAL,2005Q2,2006-10-26,BLS
QCEW_FINAL,2005Q3,2006-10-26,BLS
QCEW_FINAL,2005Q4,2006-10-26,BLS
QCEW_FINAL,2006Q1,2007-10-18,BLS
QCEW_FINAL,2006Q2,2007-10-18,BLS
QCEW_FINAL,2006Q3,2007-10-18,BLS
QCEW_FINAL,2006Q4,2007-10-18,BLS
QCEW_FINAL,2007Q1,2008-10-17,BLS
QCEW_FINAL,2007Q2,2008-10-17,BLS
QCEW_FINAL,2007Q3,2008-10-17,BLS
QCEW_FINAL,2007Q4,2008-10-17,BLS
QCEW_FINAL,2008Q1,2009-10-16,BLS
QCEW_FINAL,2008Q2,2009-10-16,BLS
QCEW_FINAL,2008Q3,2009-10-16,BLS
QCEW_FINAL,2008Q4,2009-10-16,BLS
QCEW_FINAL,2009Q1,2010-10-19,BLS
QCEW_FINAL,2009Q2,2010-10-19,BLS
QCEW_FINAL,2009Q3,2010-10-19,BLS
QCEW_FINAL,2009Q4,2010-10-19,BLS
QCEW_FINAL,2010Q1,2011-09-29,BLS
QCEW_FINAL,2010Q2,2011-09-29,BLS
QCEW_FINAL,2010Q3,2011-09-29,BLS
QCEW_FINAL,2010Q4,2011-09-29,BLS
QCEW_FINAL,2011Q1,2012-09-27,BLS
QCEW_FINAL,2011Q2,2012-09-27,BLS
QCEW_FINAL,2011Q3,2012-09-27,BLS
QCEW_FINAL,2011Q4,2012-09-27,BLS
QCEW_FINAL,2012Q1,2013-09-26,BLS
QCEW_FINAL,2012Q2,2013-09-26,BLS
QCEW_FINAL,2012Q3,2013-09-26,BLS
QCEW_FINAL,2012Q4,2013-09-26,BLS
QCEW_FINAL,2013Q1,2014-09-18,BLS
QCEW_FINAL,2013Q2,2014-09-18,BLS
QCEW_FINAL,2013Q3,2014-09-18,BLS
QCEW_FINAL,2013Q4,2014-09-18,BLS
QCEW_FINAL,2014Q1,2015-09-17,BLS
QCEW_FINAL,2014Q2,2015-09-17,BLS
QCEW_FINAL,2014Q3,2015-09-17,BLS
QCEW_FINAL,2014Q4,2015-09-17,BLS
QCEW_FINAL,2015Q1,2016-09-07,BLS
QCEW_FINAL,2015Q2,2016-09-07,BLS
QCEW_FINAL,2015Q3,2016-09-07,BLS
QCEW_FINAL,2015Q4,2016-09-07,BLS
QCEW_FINAL,2016Q1,2017-09-06,BLS
QCEW_FINAL,2016Q2,2017-09-06,BLS
QCEW_FINAL,2016Q3,2017-09-06,BLS
QCEW_FINAL,2016Q4,2017-09-06,BLS
QCEW_FINAL,2017Q1,2018-09-05,BLS
QCEW_FINAL,2017Q2,2018-09-05,BLS
QCEW_FINAL,2017Q3,2018-09-05,BLS
QCEW_FINAL,2017Q4,2018-09-05,BLS
QCEW_FINAL,2018Q1,2019-09-04,BLS
QCEW_FINAL,2018Q2,2019-09-04,BLS
QCEW_FINAL,2018Q3,2019-09-04,BLS
QCEW_FINAL,2018Q4,2019-09-04,BLS
QCEW_FINAL,2019Q1,2020-09-02,BLS
QCEW_FINAL,2019Q2,2020-09-02,BLS
QCEW_FINAL,2019Q3,2020-09-02,BLS
QCEW_FINAL,2019Q4,2020-09-02,BLS
QCEW_FINAL,2020Q1,2021-09-01,BLS
QCEW_FINAL,2020Q2,2021-09-01,BLS
QCEW_FINAL,2020Q3,2021-09-01,BLS
QCEW_FINAL,2020Q4,2021-09-01,BLS
QCEW_FINAL,2021Q1,2022-09-07,BLS
QCEW_FINAL,2021Q2,2022-09-07,BLS
QCEW_FINAL,2021Q3,2022-09-07,BLS
QCEW_FINAL,2021Q4,2022-09-07,BLS
QCEW_FINAL,2022Q1,2023-09-06,BLS
QCEW_FINAL,2022Q2,2023-09-06,BLS
QCEW_FINAL,2022Q3,2023-09-06,BLS
QCEW_FINAL,2022Q4,2023-09-06,BLS
QCEW_FINAL,2023Q1,2024-09-04,BLS
QCEW_FINAL,2023Q2,2024-09-04,BLS
QCEW_FINAL,2023Q3,2024-09-04,BLS
QCEW_FINAL,2023Q4,2024-09-04,BLS
QCEW_FINAL,2024Q1,2025-09-09,BLS
QCEW_FINAL,2024Q2,2025-09-09,BLS
QCEW_FINAL,2024Q3,2025-09-09,BLS
QCEW_FINAL,2024Q4,2025-09-09,BLS
QCEW_FINAL,2025Q1,2026-08-28,BLS
QCEW_FINAL,2025Q2,2026-08-28,BLS
QCEW_FINAL,2025Q3,2026-08-28,BLS
QCEW_FINAL,2025Q4,2026-08-28,BLS
MARKET,2005Q1,2005-03-31,Market
MARKET,2005Q2,2005-06-30,Market
MARKET,2005Q3,2005-09-30,Market
MARKET,2005Q4,2005-12-31,Market
MARKET,2006Q1,2006-03-31,Market
MARKET,2006Q2,2006-06-30,Market
MARKET,2006Q3,2006-09-30,Market
MARKET,2006Q4,2006-12-31,Market
MARKET,2007Q1,2007-03-31,Market
MARKET,2007Q2,2007-06-30,Market
MARKET,2007Q3,2007-09-30,Market
MARKET,2007Q4,2007-12-31,Market
MARKET,2008Q1,2008-03-31,Market
MARKET,2008Q2,2008-06-30,Market
MARKET,2008Q3,2008-09-30,Market
MARKET,2008Q4,2008-12-31,Market
MARKET,2009Q1,2009-03-31,Market
MARKET,2009Q2,2009-06-30,Market
MARKET,2009Q3,2009-09-30,Market
MARKET,2009Q4,2009-12-31,Market
MARKET,2010Q1,2010-03-31,Market
MARKET,2010Q2,2010-06-30,Market
MARKET,2010Q3,2010-09-30,Market
MARKET,2010Q4,2010-12-31,Market
MARKET,2011Q1,2011-03-31,Market
MARKET,2011Q2,2011-06-30,Market
MARKET,2011Q3,2011-09-30,Market
MARKET,2011Q4,2011-12-31,Market
MARKET,2012Q1,2012-03-31,Market
MARKET,2012Q2,2012-06-30,Market
MARKET,2012Q3,2012-09-30,Market
MARKET,2012Q4,2012-12-31,Market
MARKET,2013Q1,2013-03-31,Market
MARKET,2013Q2,2013-06-30,Market
MARKET,2013Q3,2013-09-30,Market
MARKET,2013Q4,2013-12-31,Market
MARKET,2014Q1,2014-03-31,Market
MARKET,2014Q2,2014-06-30,Market
MARKET,2014Q3,2014-09-30,Market
MARKET,2014Q4,2014-12-31,Market
MARKET,2015Q1,2015-03-31,Market
MARKET,2015Q2,2015-06-30,Market
MARKET,2015Q3,2015-09-30,Market
MARKET,2015Q4,2015-12-31,Market
MARKET,2016Q1,2016-03-31,Market
MARKET,2016Q2,2016-06-30,Market
MARKET,2016Q3,2016-09-30,Market
MARKET,2016Q4,2016-12-31,Market
MARKET,2017Q1,2017-03-31,Market
MARKET,2017Q2,2017-06-30,Market
MARKET,2017Q3,2017-09-30,Market
MARKET,2017Q4,2017-12-31,Market
MARKET,2018Q1,2018-03-31,Market
MARKET,2018Q2,2018-06-30,Market
MARKET,2018Q3,2018-09-30,Market
MARKET,2018Q4,2018-12-31,Market
MARKET,2019Q1,2019-03-31,Market
MARKET,2019Q2,2019-06-30,Market
MARKET,2019Q3,2019-09-30,Market
MARKET,2019Q4,2019-12-31,Market
MARKET,2020Q1,2020-03-31,Market
MARKET,2020Q2,2020-06-30,Market
MARKET,2020Q3,2020-09-30,Market
MARKET,2020Q4,2020-12-31,Market
MARKET,2021Q1,2021-03-31,Market
MARKET,2021Q2,2021-06-30,Market
MARKET,2021Q3,2021-09-30,Market
MARKET,2021Q4,2021-12-31,Market
MARKET,2022Q1,2022-03-31,Market
MARKET,2022Q2,2022-06-30,Market
MARKET,2022Q3,2022-09-30,Market
MARKET,2022Q4,2022-12-31,Market
MARKET,2023Q1,2023-03-31,Market
MARKET,2023Q2,2023-06-30,Market
MARKET,2023Q3,2023-09-30,Market
MARKET,2023Q4,2023-12-31,Market
MARKET,2024Q1,2024-03-31,Market
MARKET,2024Q2,2024-06-30,Market
MARKET,2024Q3,2024-09-30,Market
MARKET,2024Q4,2024-12-31,Market
MARKET,2025Q1,2025-03-31,Market
MARKET,2025Q2,2025-06-30,Market
MARKET,2025Q3,2025-09-30,Market
MARKET,2025Q4,2025-12-31,Market
NYFED_EFFR,2005Q1,2005-04-01,NY Fed
NYFED_EFFR,2005Q2,2005-07-01,NY Fed
NYFED_EFFR,2005Q3,2005-10-03,NY Fed
NYFED_EFFR,2005Q4,2006-01-03,NY Fed
NYFED_EFFR,2006Q1,2006-04-03,NY Fed
NYFED_EFFR,2006Q2,2006-07-03,NY Fed
NYFED_EFFR,2006Q3,2006-10-02,NY Fed
NYFED_EFFR,2006Q4,2007-01-02,NY Fed
NYFED_EFFR,2007Q1,2007-04-02,NY Fed
NYFED_EFFR,2007Q2,2007-07-02,NY Fed
NYFED_EFFR,2007Q3,2007-10-01,NY Fed
NYFED_EFFR,2007Q4,2008-01-02,NY Fed
NYFED_EFFR,2008Q1,2008-04-01,NY Fed
NYFED_EFFR,2008Q2,2008-07-01,NY Fed
NYFED_EFFR,2008Q3,2008-10-01,NY Fed
NYFED_EFFR,2008Q4,2009-01-02,NY Fed
NYFED_EFFR,2009Q1,2009-04-01,NY Fed
NYFED_EFFR,2009Q2,2009-07-01,NY Fed
NYFED_EFFR,2009Q3,2009-10-01,NY Fed
NYFED_EFFR,2009Q4,2010-01-04,NY Fed
NYFED_EFFR,2010Q1,2010-04-01,NY Fed
NYFED_EFFR,2010Q2,2010-07-01,NY Fed
NYFED_EFFR,2010Q3,2010-10-01,NY Fed
NYFED_EFFR,2010Q4,2011-01-03,NY Fed
NYFED_EFFR,2011Q1,2011-04-01,NY Fed
NYFED_EFFR,2011Q2,2011-07-01,NY Fed
NYFED_EFFR,2011Q3,2011-10-03,NY Fed
NYFED_EFFR,2011Q4,2012-01-03,NY Fed
NYFED_EFFR,2012Q1,2012-04-02,NY Fed
NYFED_EFFR,2012Q2,2012-07-02,NY Fed
NYFED_EFFR,2012Q3,2012-10-01,NY Fed
NYFED_EFFR,2012Q4,2013-01-02,NY Fed
NYFED_EFFR,2013Q1,2013-04-01,NY Fed
NYFED_EFFR,2013Q2,2013-07-01,NY Fed
NYFED_EFFR,2013Q3,2013-10-01,NY Fed
NYFED_EFFR,2013Q4,2014-01-02,NY Fed
NYFED_EFFR,2014Q1,2014-04-01,NY Fed
NYFED_EFFR,2014Q2,2014-07-01,NY Fed
NYFED_EFFR,2014Q3,2014-10-01,NY Fed
NYFED_EFFR,2014Q4,2015-01-02,NY Fed
NYFED_EFFR,2015Q1,2015-04-01,NY Fed
NYFED_EFFR,2015Q2,2015-07-01,NY Fed
NYFED_EFFR,2015Q3,2015-10-01,NY Fed
NYFED_EFFR,2015Q4,2016-01-04,NY Fed
NYFED_EFFR,2016Q1,2016-04-01,NY Fed
NYFED_EFFR,2016Q2,2016-07-01,NY Fed
NYFED_EFFR,2016Q3,2016-10-03,NY Fed
NYFED_EFFR,2016Q4,2017-01-03,NY Fed
NYFED_EFFR,2017Q1,2017-04-03,NY Fed
NYFED_EFFR,2017Q2,2017-07-03,NY Fed
NYFED_EFFR,2017Q3,2017-10-02,NY Fed
NYFED_EFFR,2017Q4,2018-01-02,NY Fed
NYFED_EFFR,2018Q1,2018-04-02,NY Fed
NYFED_EFFR,2018Q2,2018-07-02,NY Fed
NYFED_EFFR,2018Q3,2018-10-01,NY Fed
NYFED_EFFR,2018Q4,2019-01-02,NY Fed
NYFED_EFFR,2019Q1,2019-04-01,NY Fed
NYFED_EFFR,2019Q2,2019-07-01,NY Fed
NYFED_EFFR,2019Q3,2019-10-01,NY Fed
NYFED_EFFR,2019Q4,2020-01-02,NY Fed
NYFED_EFFR,2020Q1,2020-04-01,NY Fed
NYFED_EFFR,2020Q2,2020-07-01,NY Fed
NYFED_EFFR,2020Q3,2020-10-01,NY Fed
NYFED_EFFR,2020Q4,2021-01-04,NY Fed
NYFED_EFFR,2021Q1,2021-04-01,NY Fed
NYFED_EFFR,2021Q2,2021-07-01,NY Fed
NYFED_EFFR,2021Q3,2021-10-01,NY Fed
NYFED_EFFR,2021Q4,2022-01-03,NY Fed
NYFED_EFFR,2022Q1,2022-04-01,NY Fed
NYFED_EFFR,2022Q2,2022-07-01,NY Fed
NYFED_EFFR,2022Q3,2022-10-03,NY Fed
NYFED_EFFR,2022Q4,2023-01-03,NY Fed
NYFED_EFFR,2023Q1,2023-04-03,NY Fed
NYFED_EFFR,2023Q2,2023-07-03,NY Fed
NYFED_EFFR,2023Q3,2023-10-02,NY Fed
NYFED_EFFR,2023Q4,2024-01-02,NY Fed
NYFED_EFFR,2024Q1,2024-04-01,NY Fed
NYFED_EFFR,2024Q2,2024-07-01,NY Fed
NYFED_EFFR,2024Q3,2024-10-01,NY Fed
NYFED_EFFR,2024Q4,2025-01-02,NY Fed
NYFED_EFFR,2025Q1,2025-04-01,NY Fed
NYFED_EFFR,2025Q2,2025-07-01,NY Fed
NYFED_EFFR,2025Q3,2025-10-01,NY Fed
NYFED_EFFR,2025Q4,2026-01-02,NY Fed
NYFED_TARGET,2005Q1,2005-03-31,NY Fed
NYFED_TARGET,2005Q2,2005-06-30,NY Fed
NYFED_TARGET,2005Q3,2005-09-30,NY Fed
NYFED_TARGET,2005Q4,2005-12-31,NY Fed
NYFED_TARGET,2006Q1,2006-03-31,NY Fed
NYFED_TARGET,2006Q2,2006-06-30,NY Fed
NYFED_TARGET,2006Q3,2006-09-30,NY Fed
NYFED_TARGET,2006Q4,2006-12-31,NY Fed
NYFED_TARGET,2007Q1,2007-03-31,NY Fed
NYFED_TARGET,2007Q2,2007-06-30,NY Fed
NYFED_TARGET,2007Q3,2007-09-30,NY Fed
NYFED_TARGET,2007Q4,2007-12-31,NY Fed
NYFED_TARGET,2008Q1,2008-03-31,NY Fed
NYFED_TARGET,2008Q2,2008-06-30,NY Fed
NYFED_TARGET,2008Q3,2008-09-30,NY Fed
NYFED_TARGET,2008Q4,2008-12-31,NY Fed
NYFED_TARGET,2009Q1,2009-03-31,NY Fed
NYFED_TARGET,2009Q2,2009-06-30,NY Fed
NYFED_TARGET,2009Q3,2009-09-30,NY Fed
NYFED_TARGET,2009Q4,2009-12-31,NY Fed
NYFED_TARGET,2010Q1,2010-03-31,NY Fed
NYFED_TARGET,2010Q2,2010-06-30,NY Fed
NYFED_TARGET,2010Q3,2010-09-30,NY Fed
NYFED_TARGET,2010Q4,2010-12-31,NY Fed
NYFED_TARGET,2011Q1,2011-03-31,NY Fed
NYFED_TARGET,2011Q2,2011-06-30,NY Fed
NYFED_TARGET,2011Q3,2011-09-30,NY Fed
NYFED_TARGET,2011Q4,2011-12-31,NY Fed
NYFED_TARGET,2012Q1,2012-03-31,NY Fed
NYFED_TARGET,2012Q2,2012-06-30,NY Fed
NYFED_TARGET,2012Q3,2012-09-30,NY Fed
NYFED_TARGET,2012Q4,2012-12-31,NY Fed
NYFED_TARGET,2013Q1,2013-03-31,NY Fed
NYFED_TARGET,2013Q2,2013-06-30,NY Fed
NYFED_TARGET,2013Q3,2013-09-30,NY Fed
NYFED_TARGET,2013Q4,2013-12-31,NY Fed
NYFED_TARGET,2014Q1,2014-03-31,NY Fed
NYFED_TARGET,2014Q2,2014-06-30,NY Fed
NYFED_TARGET,2014Q3,2014-09-30,NY Fed
NYFED_TARGET,2014Q4,2014-12-31,NY Fed
NYFED_TARGET,2015Q1,2015-03-31,NY Fed
NYFED_TARGET,2015Q2,2015-06-30,NY Fed
NYFED_TARGET,2015Q3,2015-09-30,NY Fed
NYFED_TARGET,2015Q4,2015-12-31,NY Fed
NYFED_TARGET,2016Q1,2016-03-31,NY Fed
NYFED_TARGET,2016Q2,2016-06-30,NY Fed
NYFED_TARGET,2016Q3,2016-09-30,NY Fed
NYFED_TARGET,2016Q4,2016-12-31,NY Fed
NYFED_TARGET,2017Q1,2017-03-31,NY Fed
NYFED_TARGET,2017Q2,2017-06-30,NY Fed
NYFED_TARGET,2017Q3,2017-09-30,NY Fed
NYFED_TARGET,2017Q4,2017-12-31,NY Fed
NYFED_TARGET,2018Q1,2018-03-31,NY Fed
NYFED_TARGET,2018Q2,2018-06-30,NY Fed
NYFED_TARGET,2018Q3,2018-09-30,NY Fed
NYFED_TARGET,2018Q4,2018-12-31,NY Fed
NYFED_TARGET,2019Q1,2019-03-31,NY Fed
NYFED_TARGET,2019Q2,2019-06-30,NY Fed
NYFED_TARGET,2019Q3,2019-09-30,NY Fed
NYFED_TARGET,2019Q4,2019-12-31,NY Fed
NYFED_TARGET,2020Q1,2020-03-31,NY Fed
NYFED_TARGET,2020Q2,2020-06-30,NY Fed
NYFED_TARGET,2020Q3,2020-09-30,NY Fed
NYFED_TARGET,2020Q4,2020-12-31,NY Fed
NYFED_TARGET,2021Q1,2021-03-31,NY Fed
NYFED_TARGET,2021Q2,2021-06-30,NY Fed
NYFED_TARGET,2021Q3,2021-09-30,NY Fed
NYFED_TARGET,2021Q4,2021-12-31,NY Fed
NYFED_TARGET,2022Q1,2022-03-31,NY Fed
NYFED_TARGET,2022Q2,2022-06-30,NY Fed
NYFED_TARGET,2022Q3,2022-09-30,NY Fed
NYFED_TARGET,2022Q4,2022-12-31,NY Fed
NYFED_TARGET,2023Q1,2023-03-31,NY Fed
NYFED_TARGET,2023Q2,2023-06-30,NY Fed
NYFED_TARGET,2023Q3,2023-09-30,NY Fed
NYFED_TARGET,2023Q4,2023-12-31,NY Fed
NYFED_TARGET,2024Q1,2024-03-31,NY Fed
NYFED_TARGET,2024Q2,2024-06-30,NY Fed
NYFED_TARGET,2024Q3,2024-09-30,NY Fed
NYFED_TARGET,2024Q4,2024-12-31,NY Fed
NYFED_TARGET,2025Q1,2025-03-31,NY Fed
NYFED_TARGET,2025Q2,2025-06-30,NY Fed
NYFED_TARGET,2025Q3,2025-09-30,NY Fed
NYFED_TARGET,2025Q4,2025-12-31,NY Fed
