ticker,label,status,start,end
^GSPC,sp500,PASS,2005-01-03,2025-01-03
^DJI,dow,PASS,2005-01-03,2025-01-03
^IXIC,nasdaq,PASS,2005-01-03,2025-01-03
^RUT,russell2000,PASS,2005-01-03,2025-01-03
^VIX,vix,PASS,2005-01-03,2025-01-03
^IRX,treasury_13w,PASS,2005-01-03,2025-01-03
^FVX,treasury_5y,PASS,2005-01-03,2025-01-03
^TNX,treasury_10y,PASS,2005-01-03,2025-01-03
^TYX,treasury_30y,PASS,2005-01-03,2025-01-03
DX-Y.NYB,dollar_index,PASS,2005-01-03,2025-01-03
EURUSD=X,eurusd,PASS,2005-01-03,2025-01-03
JPY=X,usdjpy,PASS,2005-01-03,2025-01-03
GBPUSD=X,gbpusd,PASS,2005-01-03,2025-01-03
CL=F,wti_crude,PASS,2005-01-03,2025-01-03
NG=F,natural_gas,PASS,2005-01-03,2025-01-03
HG=F,copper,PASS,2005-01-03,2025-01-03
GC=F,gold,PASS,2005-01-03,2025-01-03
SI=F,silver,PASS,2005-01-03,2025-01-03
ZC=F,corn,PASS,2005-01-03,2025-01-03
ZW=F,wheat,PASS,2005-01-03,2025-01-03
XLE,sector_energy,PASS,2005-01-03,2025-01-03
XLB,sector_materials,PASS,2005-01-03,2025-01-03
XLI,sector_industrials,PASS,2005-01-03,2025-01-03
XLY,sector_consumer_discretionary,PASS,2005-01-03,2025-01-03
XLP,sector_consumer_staples,PASS,2005-01-03,2025-01-03
XLV,sector_healthcare,PASS,2005-01-03,2025-01-03
XLF,sector_financials,PASS,2005-01-03,2025-01-03
XLK,sector_technology,PASS,2005-01-03,2025-01-03
XLU,sector_utilities,PASS,2005-01-03,2025-01-03
IYR,sector_real_estate,PASS,2005-01-03,2025-01-03
VNQ,reit_market,PASS,2005-01-03,2025-01-03
HYG,high_yield_credit,PASS,2007-04-11,2025-01-03
LQD,investment_grade_credit,PASS,2005-01-03,2025-01-03
TLT,long_treasury,PASS,2005-01-03,2025-01-03
SHY,short_treasury,PASS,2005-01-03,2025-01-03
TIP,tips,PASS,2005-01-03,2025-01-03
XRT,retail_industry,PASS,2006-06-22,2025-01-03
IYT,transportation_industry,PASS,2005-01-03,2025-01-03
ITA,aerospace_defense_industry,PASS,2006-05-05,2025-01-03
SOXX,semiconductor_industry,PASS,2005-01-03,2025-01-03
IBB,biotech_industry,PASS,2005-01-03,2025-01-03
XHB,homebuilders_industry,PASS,2006-02-06,2025-01-03
KRE,regional_banks_industry,PASS,2006-06-22,2025-01-03
KBE,banks_industry,PASS,2005-11-15,2025-01-03
XME,metals_mining_industry,PASS,2006-06-22,2025-01-03
XOP,oil_gas_exploration_industry,PASS,2006-06-22,2025-01-03
OIH,oil_services_industry,PASS,2005-01-03,2025-01-03
XPH,pharmaceutical_industry,PASS,2006-06-22,2025-01-03
IAI,broker_dealers_industry,PASS,2006-05-05,2025-01-03
KIE,insurance_industry,PASS,2005-11-15,2025-01-03
