source,base_feature,node_key,series_id
BLS CES,ces_exact_all_employees,oil_gas_extraction,CEU1021100001
BLS CES,ces_exact_all_employees,mining_except_oil_gas,CEU1021200001
BLS CES,ces_exact_all_employees,support_mining,CEU1021300001
BLS CES,ces_exact_all_employees,utilities,CEU4422000001
BLS CES,ces_exact_all_employees,construction,CEU2000000001
BLS CES,ces_exact_all_employees,wood_products,CEU3132100001
BLS CES,ces_exact_all_employees,nonmetallic_mineral,CEU3132700001
BLS CES,ces_exact_all_employees,primary_metals,CEU3133100001
BLS CES,ces_exact_all_employees,fabricated_metal,CEU3133200001
BLS CES,ces_exact_all_employees,machinery,CEU3133300001
BLS CES,ces_exact_all_employees,computer_electronic,CEU3133400001
BLS CES,ces_exact_all_employees,electrical_equipment,CEU3133500001
BLS CES,ces_exact_all_employees,motor_vehicles,CEU3133600101
BLS CES,ces_exact_all_employees,furniture,CEU3133700001
BLS CES,ces_exact_all_employees,misc_manufacturing,CEU3133900001
BLS CES,ces_exact_all_employees,paper,CEU3232200001
BLS CES,ces_exact_all_employees,printing,CEU3232300001
BLS CES,ces_exact_all_employees,petroleum_coal,CEU3232400001
BLS CES,ces_exact_all_employees,chemicals,CEU3232500001
BLS CES,ces_exact_all_employees,plastics_rubber,CEU3232600001
BLS CES,ces_exact_all_employees,wholesale,CEU4142000001
BLS CES,ces_exact_all_employees,retail,CEU4200000001
BLS CES,ces_exact_all_employees,air_transport,CEU4348100001
BLS CES,ces_exact_all_employees,rail_transport,CEU4348200001
BLS CES,ces_exact_all_employees,water_transport,CEU4348300001
BLS CES,ces_exact_all_employees,truck_transport,CEU4348400001
BLS CES,ces_exact_all_employees,transit_ground,CEU4348500001
BLS CES,ces_exact_all_employees,pipeline,CEU4348600001
BLS CES,ces_exact_all_employees,warehousing,CEU4349300001
BLS CES,ces_exact_all_employees,information,CEU5000000001
BLS CES,ces_exact_all_employees,insurance,CEU5552400001
BLS CES,ces_exact_all_employees,real_estate,CEU5553100001
BLS CES,ces_exact_all_employees,legal,CEU6054110001
BLS CES,ces_exact_all_employees,computer_systems,CEU6054150001
BLS CES,ces_exact_all_employees,management_companies,CEU6055000001
BLS CES,ces_exact_all_employees,admin_support,CEU6056100001
BLS CES,ces_exact_all_employees,waste_remediation,CEU6056200001
BLS CES,ces_exact_all_employees,education,CEU6561000001
BLS CES,ces_exact_all_employees,ambulatory_health,CEU6562100001
BLS CES,ces_exact_all_employees,social_assistance,CEU6562400001
BLS CES,ces_exact_all_employees,amusement_recreation,CEU7071300001
BLS CES,ces_exact_all_employees,accommodation,CEU7072100001
BLS CES,ces_exact_all_employees,food_services,CEU7072200001
BLS CES,ces_exact_all_employees,other_services,CEU8000000001
BLS CES,ces_exact_avg_weekly_hours_all,oil_gas_extraction,CEU1021100002
BLS CES,ces_exact_avg_weekly_hours_all,mining_except_oil_gas,CEU1021200002
BLS CES,ces_exact_avg_weekly_hours_all,support_mining,CEU1021300002
BLS CES,ces_exact_avg_weekly_hours_all,utilities,CEU4422000002
BLS CES,ces_exact_avg_weekly_hours_all,construction,CEU2000000002
BLS CES,ces_exact_avg_weekly_hours_all,wood_products,CEU3132100002
BLS CES,ces_exact_avg_weekly_hours_all,nonmetallic_mineral,CEU3132700002
BLS CES,ces_exact_avg_weekly_hours_all,primary_metals,CEU3133100002
BLS CES,ces_exact_avg_weekly_hours_all,fabricated_metal,CEU3133200002
BLS CES,ces_exact_avg_weekly_hours_all,machinery,CEU3133300002
BLS CES,ces_exact_avg_weekly_hours_all,computer_electronic,CEU3133400002
BLS CES,ces_exact_avg_weekly_hours_all,electrical_equipment,CEU3133500002
BLS CES,ces_exact_avg_weekly_hours_all,motor_vehicles,CEU3133600102
BLS CES,ces_exact_avg_weekly_hours_all,furniture,CEU3133700002
BLS CES,ces_exact_avg_weekly_hours_all,misc_manufacturing,CEU3133900002
BLS CES,ces_exact_avg_weekly_hours_all,paper,CEU3232200002
BLS CES,ces_exact_avg_weekly_hours_all,printing,CEU3232300002
BLS CES,ces_exact_avg_weekly_hours_all,chemicals,CEU3232500002
BLS CES,ces_exact_avg_weekly_hours_all,plastics_rubber,CEU3232600002
BLS CES,ces_exact_avg_weekly_hours_all,wholesale,CEU4142000002
BLS CES,ces_exact_avg_weekly_hours_all,retail,CEU4200000002
BLS CES,ces_exact_avg_weekly_hours_all,air_transport,CEU4348100002
BLS CES,ces_exact_avg_weekly_hours_all,truck_transport,CEU4348400002
BLS CES,ces_exact_avg_weekly_hours_all,transit_ground,CEU4348500002
BLS CES,ces_exact_avg_weekly_hours_all,warehousing,CEU4349300002
BLS CES,ces_exact_avg_weekly_hours_all,information,CEU5000000002
BLS CES,ces_exact_avg_weekly_hours_all,insurance,CEU5552400002
BLS CES,ces_exact_avg_weekly_hours_all,real_estate,CEU5553100002
BLS CES,ces_exact_avg_weekly_hours_all,legal,CEU6054110002
BLS CES,ces_exact_avg_weekly_hours_all,computer_systems,CEU6054150002
BLS CES,ces_exact_avg_weekly_hours_all,management_companies,CEU6055000002
BLS CES,ces_exact_avg_weekly_hours_all,admin_support,CEU6056100002
BLS CES,ces_exact_avg_weekly_hours_all,waste_remediation,CEU6056200002
BLS CES,ces_exact_avg_weekly_hours_all,ambulatory_health,CEU6562100002
BLS CES,ces_exact_avg_weekly_hours_all,social_assistance,CEU6562400002
BLS CES,ces_exact_avg_weekly_hours_all,amusement_recreation,CEU7071300002
BLS CES,ces_exact_avg_weekly_hours_all,accommodation,CEU7072100002
BLS CES,ces_exact_avg_weekly_hours_all,food_services,CEU7072200002
BLS CES,ces_exact_avg_weekly_hours_all,other_services,CEU8000000002
BLS CES,ces_exact_avg_hourly_earnings_all,oil_gas_extraction,CEU1021100003
BLS CES,ces_exact_avg_hourly_earnings_all,mining_except_oil_gas,CEU1021200003
BLS CES,ces_exact_avg_hourly_earnings_all,support_mining,CEU1021300003
BLS CES,ces_exact_avg_hourly_earnings_all,utilities,CEU4422000003
BLS CES,ces_exact_avg_hourly_earnings_all,construction,CEU2000000003
BLS CES,ces_exact_avg_hourly_earnings_all,wood_products,CEU3132100003
BLS CES,ces_exact_avg_hourly_earnings_all,nonmetallic_mineral,CEU3132700003
BLS CES,ces_exact_avg_hourly_earnings_all,primary_metals,CEU3133100003
BLS CES,ces_exact_avg_hourly_earnings_all,fabricated_metal,CEU3133200003
BLS CES,ces_exact_avg_hourly_earnings_all,machinery,CEU3133300003
BLS CES,ces_exact_avg_hourly_earnings_all,computer_electronic,CEU3133400003
BLS CES,ces_exact_avg_hourly_earnings_all,electrical_equipment,CEU3133500003
BLS CES,ces_exact_avg_hourly_earnings_all,motor_vehicles,CEU3133600103
BLS CES,ces_exact_avg_hourly_earnings_all,furniture,CEU3133700003
BLS CES,ces_exact_avg_hourly_earnings_all,misc_manufacturing,CEU3133900003
BLS CES,ces_exact_avg_hourly_earnings_all,paper,CEU3232200003
BLS CES,ces_exact_avg_hourly_earnings_all,printing,CEU3232300003
BLS CES,ces_exact_avg_hourly_earnings_all,chemicals,CEU3232500003
BLS CES,ces_exact_avg_hourly_earnings_all,plastics_rubber,CEU3232600003
BLS CES,ces_exact_avg_hourly_earnings_all,wholesale,CEU4142000003
BLS CES,ces_exact_avg_hourly_earnings_all,retail,CEU4200000003
BLS CES,ces_exact_avg_hourly_earnings_all,air_transport,CEU4348100003
BLS CES,ces_exact_avg_hourly_earnings_all,truck_transport,CEU4348400003
BLS CES,ces_exact_avg_hourly_earnings_all,transit_ground,CEU4348500003
BLS CES,ces_exact_avg_hourly_earnings_all,warehousing,CEU4349300003
BLS CES,ces_exact_avg_hourly_earnings_all,information,CEU5000000003
BLS CES,ces_exact_avg_hourly_earnings_all,insurance,CEU5552400003
BLS CES,ces_exact_avg_hourly_earnings_all,real_estate,CEU5553100003
BLS CES,ces_exact_avg_hourly_earnings_all,legal,CEU6054110003
BLS CES,ces_exact_avg_hourly_earnings_all,computer_systems,CEU6054150003
BLS CES,ces_exact_avg_hourly_earnings_all,management_companies,CEU6055000003
BLS CES,ces_exact_avg_hourly_earnings_all,admin_support,CEU6056100003
BLS CES,ces_exact_avg_hourly_earnings_all,waste_remediation,CEU6056200003
BLS CES,ces_exact_avg_hourly_earnings_all,ambulatory_health,CEU6562100003
BLS CES,ces_exact_avg_hourly_earnings_all,social_assistance,CEU6562400003
BLS CES,ces_exact_avg_hourly_earnings_all,amusement_recreation,CEU7071300003
BLS CES,ces_exact_avg_hourly_earnings_all,accommodation,CEU7072100003
BLS CES,ces_exact_avg_hourly_earnings_all,food_services,CEU7072200003
BLS CES,ces_exact_avg_hourly_earnings_all,other_services,CEU8000000003
BLS CES,ces_exact_prod_nonsup_employees,oil_gas_extraction,CEU1021100006
BLS CES,ces_exact_prod_nonsup_employees,mining_except_oil_gas,CEU1021200006
BLS CES,ces_exact_prod_nonsup_employees,support_mining,CEU1021300006
BLS CES,ces_exact_prod_nonsup_employees,utilities,CEU4422000006
BLS CES,ces_exact_prod_nonsup_employees,construction,CEU2000000006
BLS CES,ces_exact_prod_nonsup_employees,wood_products,CEU3132100006
BLS CES,ces_exact_prod_nonsup_employees,nonmetallic_mineral,CEU3132700006
BLS CES,ces_exact_prod_nonsup_employees,primary_metals,CEU3133100006
BLS CES,ces_exact_prod_nonsup_employees,fabricated_metal,CEU3133200006
BLS CES,ces_exact_prod_nonsup_employees,machinery,CEU3133300006
BLS CES,ces_exact_prod_nonsup_employees,computer_electronic,CEU3133400006
BLS CES,ces_exact_prod_nonsup_employees,electrical_equipment,CEU3133500006
BLS CES,ces_exact_prod_nonsup_employees,motor_vehicles,CEU3133600106
BLS CES,ces_exact_prod_nonsup_employees,furniture,CEU3133700006
BLS CES,ces_exact_prod_nonsup_employees,misc_manufacturing,CEU3133900006
BLS CES,ces_exact_prod_nonsup_employees,paper,CEU3232200006
BLS CES,ces_exact_prod_nonsup_employees,printing,CEU3232300006
BLS CES,ces_exact_prod_nonsup_employees,chemicals,CEU3232500006
BLS CES,ces_exact_prod_nonsup_employees,plastics_rubber,CEU3232600006
BLS CES,ces_exact_prod_nonsup_employees,wholesale,CEU4142000006
BLS CES,ces_exact_prod_nonsup_employees,retail,CEU4200000006
BLS CES,ces_exact_prod_nonsup_employees,air_transport,CEU4348100006
BLS CES,ces_exact_prod_nonsup_employees,truck_transport,CEU4348400006
BLS CES,ces_exact_prod_nonsup_employees,transit_ground,CEU4348500006
BLS CES,ces_exact_prod_nonsup_employees,warehousing,CEU4349300006
BLS CES,ces_exact_prod_nonsup_employees,information,CEU5000000006
BLS CES,ces_exact_prod_nonsup_employees,insurance,CEU5552400006
BLS CES,ces_exact_prod_nonsup_employees,real_estate,CEU5553100006
BLS CES,ces_exact_prod_nonsup_employees,legal,CEU6054110006
BLS CES,ces_exact_prod_nonsup_employees,computer_systems,CEU6054150006
BLS CES,ces_exact_prod_nonsup_employees,management_companies,CEU6055000006
BLS CES,ces_exact_prod_nonsup_employees,admin_support,CEU6056100006
BLS CES,ces_exact_prod_nonsup_employees,waste_remediation,CEU6056200006
BLS CES,ces_exact_prod_nonsup_employees,ambulatory_health,CEU6562100006
BLS CES,ces_exact_prod_nonsup_employees,social_assistance,CEU6562400006
BLS CES,ces_exact_prod_nonsup_employees,amusement_recreation,CEU7071300006
BLS CES,ces_exact_prod_nonsup_employees,accommodation,CEU7072100006
BLS CES,ces_exact_prod_nonsup_employees,food_services,CEU7072200006
BLS CES,ces_exact_prod_nonsup_employees,other_services,CEU8000000006
BLS CES,ces_exact_avg_weekly_hours_prod_nonsup,oil_gas_extraction,CEU1021100007
BLS CES,ces_exact_avg_weekly_hours_prod_nonsup,mining_except_oil_gas,CEU1021200007
BLS CES,ces_exact_avg_weekly_hours_prod_nonsup,support_mining,CEU1021300007
BLS CES,ces_exact_avg_weekly_hours_prod_nonsup,utilities,CEU4422000007
BLS CES,ces_exact_avg_weekly_hours_prod_nonsup,construction,CEU2000000007
BLS CES,ces_exact_avg_weekly_hours_prod_nonsup,wood_products,CEU3132100007
BLS CES,ces_exact_avg_weekly_hours_prod_nonsup,nonmetallic_mineral,CEU3132700007
BLS CES,ces_exact_avg_weekly_hours_prod_nonsup,primary_metals,CEU3133100007
BLS CES,ces_exact_avg_weekly_hours_prod_nonsup,fabricated_metal,CEU3133200007
BLS CES,ces_exact_avg_weekly_hours_prod_nonsup,machinery,CEU3133300007
BLS CES,ces_exact_avg_weekly_hours_prod_nonsup,computer_electronic,CEU3133400007
BLS CES,ces_exact_avg_weekly_hours_prod_nonsup,electrical_equipment,CEU3133500007
BLS CES,ces_exact_avg_weekly_hours_prod_nonsup,motor_vehicles,CEU3133600107
BLS CES,ces_exact_avg_weekly_hours_prod_nonsup,furniture,CEU3133700007
BLS CES,ces_exact_avg_weekly_hours_prod_nonsup,misc_manufacturing,CEU3133900007
BLS CES,ces_exact_avg_weekly_hours_prod_nonsup,paper,CEU3232200007
BLS CES,ces_exact_avg_weekly_hours_prod_nonsup,printing,CEU3232300007
BLS CES,ces_exact_avg_weekly_hours_prod_nonsup,chemicals,CEU3232500007
BLS CES,ces_exact_avg_weekly_hours_prod_nonsup,plastics_rubber,CEU3232600007
BLS CES,ces_exact_avg_weekly_hours_prod_nonsup,wholesale,CEU4142000007
BLS CES,ces_exact_avg_weekly_hours_prod_nonsup,retail,CEU4200000007
BLS CES,ces_exact_avg_weekly_hours_prod_nonsup,air_transport,CEU4348100007
BLS CES,ces_exact_avg_weekly_hours_prod_nonsup,truck_transport,CEU4348400007
BLS CES,ces_exact_avg_weekly_hours_prod_nonsup,transit_ground,CEU4348500007
BLS CES,ces_exact_avg_weekly_hours_prod_nonsup,warehousing,CEU4349300007
BLS CES,ces_exact_avg_weekly_hours_prod_nonsup,information,CEU5000000007
BLS CES,ces_exact_avg_weekly_hours_prod_nonsup,insurance,CEU5552400007
BLS CES,ces_exact_avg_weekly_hours_prod_nonsup,real_estate,CEU5553100007
BLS CES,ces_exact_avg_weekly_hours_prod_nonsup,legal,CEU6054110007
BLS CES,ces_exact_avg_weekly_hours_prod_nonsup,computer_systems,CEU6054150007
BLS CES,ces_exact_avg_weekly_hours_prod_nonsup,management_companies,CEU6055000007
BLS CES,ces_exact_avg_weekly_hours_prod_nonsup,admin_support,CEU6056100007
BLS CES,ces_exact_avg_weekly_hours_prod_nonsup,waste_remediation,CEU6056200007
BLS CES,ces_exact_avg_weekly_hours_prod_nonsup,ambulatory_health,CEU6562100007
BLS CES,ces_exact_avg_weekly_hours_prod_nonsup,social_assistance,CEU6562400007
BLS CES,ces_exact_avg_weekly_hours_prod_nonsup,amusement_recreation,CEU7071300007
BLS CES,ces_exact_avg_weekly_hours_prod_nonsup,accommodation,CEU7072100007
BLS CES,ces_exact_avg_weekly_hours_prod_nonsup,food_services,CEU7072200007
BLS CES,ces_exact_avg_weekly_hours_prod_nonsup,other_services,CEU8000000007
BLS CES,ces_exact_avg_hourly_earnings_prod_nonsup,oil_gas_extraction,CEU1021100008
BLS CES,ces_exact_avg_hourly_earnings_prod_nonsup,mining_except_oil_gas,CEU1021200008
BLS CES,ces_exact_avg_hourly_earnings_prod_nonsup,support_mining,CEU1021300008
BLS CES,ces_exact_avg_hourly_earnings_prod_nonsup,utilities,CEU4422000008
BLS CES,ces_exact_avg_hourly_earnings_prod_nonsup,construction,CEU2000000008
BLS CES,ces_exact_avg_hourly_earnings_prod_nonsup,wood_products,CEU3132100008
BLS CES,ces_exact_avg_hourly_earnings_prod_nonsup,nonmetallic_mineral,CEU3132700008
BLS CES,ces_exact_avg_hourly_earnings_prod_nonsup,primary_metals,CEU3133100008
BLS CES,ces_exact_avg_hourly_earnings_prod_nonsup,fabricated_metal,CEU3133200008
BLS CES,ces_exact_avg_hourly_earnings_prod_nonsup,machinery,CEU3133300008
BLS CES,ces_exact_avg_hourly_earnings_prod_nonsup,computer_electronic,CEU3133400008
BLS CES,ces_exact_avg_hourly_earnings_prod_nonsup,electrical_equipment,CEU3133500008
BLS CES,ces_exact_avg_hourly_earnings_prod_nonsup,motor_vehicles,CEU3133600108
BLS CES,ces_exact_avg_hourly_earnings_prod_nonsup,furniture,CEU3133700008
BLS CES,ces_exact_avg_hourly_earnings_prod_nonsup,misc_manufacturing,CEU3133900008
BLS CES,ces_exact_avg_hourly_earnings_prod_nonsup,paper,CEU3232200008
BLS CES,ces_exact_avg_hourly_earnings_prod_nonsup,printing,CEU3232300008
BLS CES,ces_exact_avg_hourly_earnings_prod_nonsup,chemicals,CEU3232500008
BLS CES,ces_exact_avg_hourly_earnings_prod_nonsup,plastics_rubber,CEU3232600008
BLS CES,ces_exact_avg_hourly_earnings_prod_nonsup,wholesale,CEU4142000008
BLS CES,ces_exact_avg_hourly_earnings_prod_nonsup,retail,CEU4200000008
BLS CES,ces_exact_avg_hourly_earnings_prod_nonsup,air_transport,CEU4348100008
BLS CES,ces_exact_avg_hourly_earnings_prod_nonsup,truck_transport,CEU4348400008
BLS CES,ces_exact_avg_hourly_earnings_prod_nonsup,transit_ground,CEU4348500008
BLS CES,ces_exact_avg_hourly_earnings_prod_nonsup,warehousing,CEU4349300008
BLS CES,ces_exact_avg_hourly_earnings_prod_nonsup,information,CEU5000000008
BLS CES,ces_exact_avg_hourly_earnings_prod_nonsup,insurance,CEU5552400008
BLS CES,ces_exact_avg_hourly_earnings_prod_nonsup,real_estate,CEU5553100008
BLS CES,ces_exact_avg_hourly_earnings_prod_nonsup,legal,CEU6054110008
BLS CES,ces_exact_avg_hourly_earnings_prod_nonsup,computer_systems,CEU6054150008
BLS CES,ces_exact_avg_hourly_earnings_prod_nonsup,management_companies,CEU6055000008
BLS CES,ces_exact_avg_hourly_earnings_prod_nonsup,admin_support,CEU6056100008
BLS CES,ces_exact_avg_hourly_earnings_prod_nonsup,waste_remediation,CEU6056200008
BLS CES,ces_exact_avg_hourly_earnings_prod_nonsup,ambulatory_health,CEU6562100008
BLS CES,ces_exact_avg_hourly_earnings_prod_nonsup,social_assistance,CEU6562400008
BLS CES,ces_exact_avg_hourly_earnings_prod_nonsup,amusement_recreation,CEU7071300008
BLS CES,ces_exact_avg_hourly_earnings_prod_nonsup,accommodation,CEU7072100008
BLS CES,ces_exact_avg_hourly_earnings_prod_nonsup,food_services,CEU7072200008
BLS CES,ces_exact_avg_hourly_earnings_prod_nonsup,other_services,CEU8000000008
BLS CES,ces_exact_women_employees,oil_gas_extraction,CEU1021100010
BLS CES,ces_exact_women_employees,mining_except_oil_gas,CEU1021200010
BLS CES,ces_exact_women_employees,support_mining,CEU1021300010
BLS CES,ces_exact_women_employees,utilities,CEU4422000010
BLS CES,ces_exact_women_employees,construction,CEU2000000010
BLS CES,ces_exact_women_employees,wood_products,CEU3132100010
BLS CES,ces_exact_women_employees,nonmetallic_mineral,CEU3132700010
BLS CES,ces_exact_women_employees,primary_metals,CEU3133100010
BLS CES,ces_exact_women_employees,fabricated_metal,CEU3133200010
BLS CES,ces_exact_women_employees,machinery,CEU3133300010
BLS CES,ces_exact_women_employees,computer_electronic,CEU3133400010
BLS CES,ces_exact_women_employees,electrical_equipment,CEU3133500010
BLS CES,ces_exact_women_employees,motor_vehicles,CEU3133600110
BLS CES,ces_exact_women_employees,furniture,CEU3133700010
BLS CES,ces_exact_women_employees,misc_manufacturing,CEU3133900010
BLS CES,ces_exact_women_employees,paper,CEU3232200010
BLS CES,ces_exact_women_employees,printing,CEU3232300010
BLS CES,ces_exact_women_employees,petroleum_coal,CEU3232400010
BLS CES,ces_exact_women_employees,chemicals,CEU3232500010
BLS CES,ces_exact_women_employees,plastics_rubber,CEU3232600010
BLS CES,ces_exact_women_employees,wholesale,CEU4142000010
BLS CES,ces_exact_women_employees,retail,CEU4200000010
BLS CES,ces_exact_women_employees,air_transport,CEU4348100010
BLS CES,ces_exact_women_employees,water_transport,CEU4348300010
BLS CES,ces_exact_women_employees,truck_transport,CEU4348400010
BLS CES,ces_exact_women_employees,transit_ground,CEU4348500010
BLS CES,ces_exact_women_employees,pipeline,CEU4348600010
BLS CES,ces_exact_women_employees,warehousing,CEU4349300010
BLS CES,ces_exact_women_employees,information,CEU5000000010
BLS CES,ces_exact_women_employees,insurance,CEU5552400010
BLS CES,ces_exact_women_employees,real_estate,CEU5553100010
BLS CES,ces_exact_women_employees,legal,CEU6054110010
BLS CES,ces_exact_women_employees,computer_systems,CEU6054150010
BLS CES,ces_exact_women_employees,management_companies,CEU6055000010
BLS CES,ces_exact_women_employees,admin_support,CEU6056100010
BLS CES,ces_exact_women_employees,waste_remediation,CEU6056200010
BLS CES,ces_exact_women_employees,education,CEU6561000010
BLS CES,ces_exact_women_employees,ambulatory_health,CEU6562100010
BLS CES,ces_exact_women_employees,social_assistance,CEU6562400010
BLS CES,ces_exact_women_employees,amusement_recreation,CEU7071300010
BLS CES,ces_exact_women_employees,accommodation,CEU7072100010
BLS CES,ces_exact_women_employees,food_services,CEU7072200010
BLS CES,ces_exact_women_employees,other_services,CEU8000000010
BLS CES,ces_exact_avg_weekly_earnings_all,oil_gas_extraction,CEU1021100011
BLS CES,ces_exact_avg_weekly_earnings_all,mining_except_oil_gas,CEU1021200011
BLS CES,ces_exact_avg_weekly_earnings_all,support_mining,CEU1021300011
BLS CES,ces_exact_avg_weekly_earnings_all,utilities,CEU4422000011
BLS CES,ces_exact_avg_weekly_earnings_all,construction,CEU2000000011
BLS CES,ces_exact_avg_weekly_earnings_all,wood_products,CEU3132100011
BLS CES,ces_exact_avg_weekly_earnings_all,nonmetallic_mineral,CEU3132700011
BLS CES,ces_exact_avg_weekly_earnings_all,primary_metals,CEU3133100011
BLS CES,ces_exact_avg_weekly_earnings_all,fabricated_metal,CEU3133200011
BLS CES,ces_exact_avg_weekly_earnings_all,machinery,CEU3133300011
BLS CES,ces_exact_avg_weekly_earnings_all,computer_electronic,CEU3133400011
BLS CES,ces_exact_avg_weekly_earnings_all,electrical_equipment,CEU3133500011
BLS CES,ces_exact_avg_weekly_earnings_all,motor_vehicles,CEU3133600111
BLS CES,ces_exact_avg_weekly_earnings_all,furniture,CEU3133700011
BLS CES,ces_exact_avg_weekly_earnings_all,misc_manufacturing,CEU3133900011
BLS CES,ces_exact_avg_weekly_earnings_all,paper,CEU3232200011
BLS CES,ces_exact_avg_weekly_earnings_all,printing,CEU3232300011
BLS CES,ces_exact_avg_weekly_earnings_all,chemicals,CEU3232500011
BLS CES,ces_exact_avg_weekly_earnings_all,plastics_rubber,CEU3232600011
BLS CES,ces_exact_avg_weekly_earnings_all,wholesale,CEU4142000011
BLS CES,ces_exact_avg_weekly_earnings_all,retail,CEU4200000011
BLS CES,ces_exact_avg_weekly_earnings_all,air_transport,CEU4348100011
BLS CES,ces_exact_avg_weekly_earnings_all,truck_transport,CEU4348400011
BLS CES,ces_exact_avg_weekly_earnings_all,transit_ground,CEU4348500011
BLS CES,ces_exact_avg_weekly_earnings_all,warehousing,CEU4349300011
BLS CES,ces_exact_avg_weekly_earnings_all,information,CEU5000000011
BLS CES,ces_exact_avg_weekly_earnings_all,insurance,CEU5552400011
BLS CES,ces_exact_avg_weekly_earnings_all,real_estate,CEU5553100011
BLS CES,ces_exact_avg_weekly_earnings_all,legal,CEU6054110011
BLS CES,ces_exact_avg_weekly_earnings_all,computer_systems,CEU6054150011
BLS CES,ces_exact_avg_weekly_earnings_all,management_companies,CEU6055000011
BLS CES,ces_exact_avg_weekly_earnings_all,admin_support,CEU6056100011
BLS CES,ces_exact_avg_weekly_earnings_all,waste_remediation,CEU6056200011
BLS CES,ces_exact_avg_weekly_earnings_all,ambulatory_health,CEU6562100011
BLS CES,ces_exact_avg_weekly_earnings_all,social_assistance,CEU6562400011
BLS CES,ces_exact_avg_weekly_earnings_all,amusement_recreation,CEU7071300011
BLS CES,ces_exact_avg_weekly_earnings_all,accommodation,CEU7072100011
BLS CES,ces_exact_avg_weekly_earnings_all,food_services,CEU7072200011
BLS CES,ces_exact_avg_weekly_earnings_all,other_services,CEU8000000011
BLS CES,ces_exact_aggregate_weekly_hours_index,oil_gas_extraction,CEU1021100016
BLS CES,ces_exact_aggregate_weekly_hours_index,mining_except_oil_gas,CEU1021200016
BLS CES,ces_exact_aggregate_weekly_hours_index,support_mining,CEU1021300016
BLS CES,ces_exact_aggregate_weekly_hours_index,utilities,CEU4422000016
BLS CES,ces_exact_aggregate_weekly_hours_index,construction,CEU2000000016
BLS CES,ces_exact_aggregate_weekly_hours_index,wood_products,CEU3132100016
BLS CES,ces_exact_aggregate_weekly_hours_index,nonmetallic_mineral,CEU3132700016
BLS CES,ces_exact_aggregate_weekly_hours_index,primary_metals,CEU3133100016
BLS CES,ces_exact_aggregate_weekly_hours_index,fabricated_metal,CEU3133200016
BLS CES,ces_exact_aggregate_weekly_hours_index,machinery,CEU3133300016
BLS CES,ces_exact_aggregate_weekly_hours_index,computer_electronic,CEU3133400016
BLS CES,ces_exact_aggregate_weekly_hours_index,electrical_equipment,CEU3133500016
BLS CES,ces_exact_aggregate_weekly_hours_index,motor_vehicles,CEU3133600116
BLS CES,ces_exact_aggregate_weekly_hours_index,furniture,CEU3133700016
BLS CES,ces_exact_aggregate_weekly_hours_index,misc_manufacturing,CEU3133900016
BLS CES,ces_exact_aggregate_weekly_hours_index,paper,CEU3232200016
BLS CES,ces_exact_aggregate_weekly_hours_index,printing,CEU3232300016
BLS CES,ces_exact_aggregate_weekly_hours_index,chemicals,CEU3232500016
BLS CES,ces_exact_aggregate_weekly_hours_index,plastics_rubber,CEU3232600016
BLS CES,ces_exact_aggregate_weekly_hours_index,wholesale,CEU4142000016
BLS CES,ces_exact_aggregate_weekly_hours_index,retail,CEU4200000016
BLS CES,ces_exact_aggregate_weekly_hours_index,air_transport,CEU4348100016
BLS CES,ces_exact_aggregate_weekly_hours_index,truck_transport,CEU4348400016
BLS CES,ces_exact_aggregate_weekly_hours_index,transit_ground,CEU4348500016
BLS CES,ces_exact_aggregate_weekly_hours_index,warehousing,CEU4349300016
BLS CES,ces_exact_aggregate_weekly_hours_index,information,CEU5000000016
BLS CES,ces_exact_aggregate_weekly_hours_index,insurance,CEU5552400016
BLS CES,ces_exact_aggregate_weekly_hours_index,real_estate,CEU5553100016
BLS CES,ces_exact_aggregate_weekly_hours_index,legal,CEU6054110016
BLS CES,ces_exact_aggregate_weekly_hours_index,computer_systems,CEU6054150016
BLS CES,ces_exact_aggregate_weekly_hours_index,management_companies,CEU6055000016
BLS CES,ces_exact_aggregate_weekly_hours_index,admin_support,CEU6056100016
BLS CES,ces_exact_aggregate_weekly_hours_index,waste_remediation,CEU6056200016
BLS CES,ces_exact_aggregate_weekly_hours_index,ambulatory_health,CEU6562100016
BLS CES,ces_exact_aggregate_weekly_hours_index,social_assistance,CEU6562400016
BLS CES,ces_exact_aggregate_weekly_hours_index,amusement_recreation,CEU7071300016
BLS CES,ces_exact_aggregate_weekly_hours_index,accommodation,CEU7072100016
BLS CES,ces_exact_aggregate_weekly_hours_index,food_services,CEU7072200016
BLS CES,ces_exact_aggregate_weekly_hours_index,other_services,CEU8000000016
BLS CES,ces_exact_aggregate_weekly_payrolls_index,oil_gas_extraction,CEU1021100017
BLS CES,ces_exact_aggregate_weekly_payrolls_index,mining_except_oil_gas,CEU1021200017
BLS CES,ces_exact_aggregate_weekly_payrolls_index,support_mining,CEU1021300017
BLS CES,ces_exact_aggregate_weekly_payrolls_index,utilities,CEU4422000017
BLS CES,ces_exact_aggregate_weekly_payrolls_index,construction,CEU2000000017
BLS CES,ces_exact_aggregate_weekly_payrolls_index,wood_products,CEU3132100017
BLS CES,ces_exact_aggregate_weekly_payrolls_index,nonmetallic_mineral,CEU3132700017
BLS CES,ces_exact_aggregate_weekly_payrolls_index,primary_metals,CEU3133100017
BLS CES,ces_exact_aggregate_weekly_payrolls_index,fabricated_metal,CEU3133200017
BLS CES,ces_exact_aggregate_weekly_payrolls_index,machinery,CEU3133300017
BLS CES,ces_exact_aggregate_weekly_payrolls_index,computer_electronic,CEU3133400017
BLS CES,ces_exact_aggregate_weekly_payrolls_index,electrical_equipment,CEU3133500017
BLS CES,ces_exact_aggregate_weekly_payrolls_index,motor_vehicles,CEU3133600117
BLS CES,ces_exact_aggregate_weekly_payrolls_index,furniture,CEU3133700017
BLS CES,ces_exact_aggregate_weekly_payrolls_index,misc_manufacturing,CEU3133900017
BLS CES,ces_exact_aggregate_weekly_payrolls_index,paper,CEU3232200017
BLS CES,ces_exact_aggregate_weekly_payrolls_index,printing,CEU3232300017
BLS CES,ces_exact_aggregate_weekly_payrolls_index,chemicals,CEU3232500017
BLS CES,ces_exact_aggregate_weekly_payrolls_index,plastics_rubber,CEU3232600017
BLS CES,ces_exact_aggregate_weekly_payrolls_index,wholesale,CEU4142000017
BLS CES,ces_exact_aggregate_weekly_payrolls_index,retail,CEU4200000017
BLS CES,ces_exact_aggregate_weekly_payrolls_index,air_transport,CEU4348100017
BLS CES,ces_exact_aggregate_weekly_payrolls_index,truck_transport,CEU4348400017
BLS CES,ces_exact_aggregate_weekly_payrolls_index,transit_ground,CEU4348500017
BLS CES,ces_exact_aggregate_weekly_payrolls_index,warehousing,CEU4349300017
BLS CES,ces_exact_aggregate_weekly_payrolls_index,information,CEU5000000017
BLS CES,ces_exact_aggregate_weekly_payrolls_index,insurance,CEU5552400017
BLS CES,ces_exact_aggregate_weekly_payrolls_index,real_estate,CEU5553100017
BLS CES,ces_exact_aggregate_weekly_payrolls_index,legal,CEU6054110017
BLS CES,ces_exact_aggregate_weekly_payrolls_index,computer_systems,CEU6054150017
BLS CES,ces_exact_aggregate_weekly_payrolls_index,management_companies,CEU6055000017
BLS CES,ces_exact_aggregate_weekly_payrolls_index,admin_support,CEU6056100017
BLS CES,ces_exact_aggregate_weekly_payrolls_index,waste_remediation,CEU6056200017
BLS CES,ces_exact_aggregate_weekly_payrolls_index,ambulatory_health,CEU6562100017
BLS CES,ces_exact_aggregate_weekly_payrolls_index,social_assistance,CEU6562400017
BLS CES,ces_exact_aggregate_weekly_payrolls_index,amusement_recreation,CEU7071300017
BLS CES,ces_exact_aggregate_weekly_payrolls_index,accommodation,CEU7072100017
BLS CES,ces_exact_aggregate_weekly_payrolls_index,food_services,CEU7072200017
BLS CES,ces_exact_aggregate_weekly_payrolls_index,other_services,CEU8000000017
GLOBAL_CES,bls_total_nonfarm_employment,ALL,
GLOBAL_CES,bls_private_avg_weekly_hours,ALL,
GLOBAL_CES,bls_private_avg_hourly_earnings,ALL,
GLOBAL_CES,bls_private_aggregate_weekly_hours_index,ALL,
GLOBAL_CES,bls_private_aggregate_weekly_payrolls_index,ALL,
BLS PPI,ppi_industry_net_output,oil_gas_extraction,PCU211---211---
BLS PPI,ppi_industry_net_output,mining_except_oil_gas,PCU212---212---
BLS PPI,ppi_industry_net_output,support_mining,PCU213---213---
BLS PPI,ppi_industry_net_output,wood_products,PCU321---321---
BLS PPI,ppi_industry_net_output,nonmetallic_mineral,PCU327---327---
BLS PPI,ppi_industry_net_output,primary_metals,PCU331---331---
BLS PPI,ppi_industry_net_output,fabricated_metal,PCU332---332---
BLS PPI,ppi_industry_net_output,machinery,PCU333---333---
BLS PPI,ppi_industry_net_output,computer_electronic,PCU334---334---
BLS PPI,ppi_industry_net_output,electrical_equipment,PCU335---335---
BLS PPI,ppi_industry_net_output,furniture,PCU337---337---
BLS PPI,ppi_industry_net_output,misc_manufacturing,PCU339---339---
BLS PPI,ppi_industry_net_output,paper,PCU322---322---
BLS PPI,ppi_industry_net_output,printing,PCU323---323---
BLS PPI,ppi_industry_net_output,petroleum_coal,PCU324---324---
BLS PPI,ppi_industry_net_output,chemicals,PCU325---325---
BLS PPI,ppi_industry_net_output,plastics_rubber,PCU326---326---
BLS PPI,ppi_industry_net_output,air_transport,PCU481---481---
BLS PPI,ppi_industry_net_output,rail_transport,PCU482---482---
BLS PPI,ppi_industry_net_output,water_transport,PCU483---483---
BLS PPI,ppi_industry_net_output,truck_transport,PCU484---484---
BLS PPI,ppi_industry_net_output,pipeline,PCU486---486---
BLS PPI,ppi_industry_net_output,warehousing,PCU493---493---
BLS PPI,ppi_industry_net_output,securities,PCU523---523---
BLS PPI,ppi_industry_net_output,insurance,PCU524---524---
BLS PPI,ppi_industry_net_output,legal,PCU5411--5411--
BLS PPI,ppi_industry_net_output,accommodation,PCU721---721---
BLS JOLTS,jolts_job_openings_rate,oil_gas_extraction,JTU110099000000000JOR
BLS JOLTS,jolts_job_openings_rate,mining_except_oil_gas,JTU110099000000000JOR
BLS JOLTS,jolts_job_openings_rate,support_mining,JTU110099000000000JOR
BLS JOLTS,jolts_job_openings_rate,utilities,JTU480099000000000JOR
BLS JOLTS,jolts_job_openings_rate,construction,JTU230000000000000JOR
BLS JOLTS,jolts_job_openings_rate,wood_products,JTU320000000000000JOR
BLS JOLTS,jolts_job_openings_rate,nonmetallic_mineral,JTU320000000000000JOR
BLS JOLTS,jolts_job_openings_rate,primary_metals,JTU320000000000000JOR
BLS JOLTS,jolts_job_openings_rate,fabricated_metal,JTU320000000000000JOR
BLS JOLTS,jolts_job_openings_rate,machinery,JTU320000000000000JOR
BLS JOLTS,jolts_job_openings_rate,computer_electronic,JTU320000000000000JOR
BLS JOLTS,jolts_job_openings_rate,electrical_equipment,JTU320000000000000JOR
BLS JOLTS,jolts_job_openings_rate,motor_vehicles,JTU320000000000000JOR
BLS JOLTS,jolts_job_openings_rate,other_transport_equipment,JTU320000000000000JOR
BLS JOLTS,jolts_job_openings_rate,furniture,JTU320000000000000JOR
BLS JOLTS,jolts_job_openings_rate,misc_manufacturing,JTU320000000000000JOR
BLS JOLTS,jolts_job_openings_rate,food_beverage_tobacco,JTU340000000000000JOR
BLS JOLTS,jolts_job_openings_rate,textiles,JTU340000000000000JOR
BLS JOLTS,jolts_job_openings_rate,apparel_leather,JTU340000000000000JOR
BLS JOLTS,jolts_job_openings_rate,paper,JTU340000000000000JOR
BLS JOLTS,jolts_job_openings_rate,printing,JTU340000000000000JOR
BLS JOLTS,jolts_job_openings_rate,petroleum_coal,JTU340000000000000JOR
BLS JOLTS,jolts_job_openings_rate,chemicals,JTU340000000000000JOR
BLS JOLTS,jolts_job_openings_rate,plastics_rubber,JTU340000000000000JOR
BLS JOLTS,jolts_job_openings_rate,wholesale,JTU420000000000000JOR
BLS JOLTS,jolts_job_openings_rate,retail,JTU440000000000000JOR
BLS JOLTS,jolts_job_openings_rate,air_transport,JTU480099000000000JOR
BLS JOLTS,jolts_job_openings_rate,rail_transport,JTU480099000000000JOR
BLS JOLTS,jolts_job_openings_rate,water_transport,JTU480099000000000JOR
BLS JOLTS,jolts_job_openings_rate,truck_transport,JTU480099000000000JOR
BLS JOLTS,jolts_job_openings_rate,transit_ground,JTU480099000000000JOR
BLS JOLTS,jolts_job_openings_rate,pipeline,JTU480099000000000JOR
BLS JOLTS,jolts_job_openings_rate,other_transport_support,JTU480099000000000JOR
BLS JOLTS,jolts_job_openings_rate,warehousing,JTU480099000000000JOR
BLS JOLTS,jolts_job_openings_rate,information,JTU510000000000000JOR
BLS JOLTS,jolts_job_openings_rate,credit_intermediation,JTU520000000000000JOR
BLS JOLTS,jolts_job_openings_rate,securities,JTU520000000000000JOR
BLS JOLTS,jolts_job_openings_rate,insurance,JTU520000000000000JOR
BLS JOLTS,jolts_job_openings_rate,funds_trusts,JTU520000000000000JOR
BLS JOLTS,jolts_job_openings_rate,real_estate,JTU530000000000000JOR
BLS JOLTS,jolts_job_openings_rate,rental_leasing,JTU530000000000000JOR
BLS JOLTS,jolts_job_openings_rate,legal,JTU540099000000000JOR
BLS JOLTS,jolts_job_openings_rate,computer_systems,JTU540099000000000JOR
BLS JOLTS,jolts_job_openings_rate,misc_professional,JTU540099000000000JOR
BLS JOLTS,jolts_job_openings_rate,management_companies,JTU540099000000000JOR
BLS JOLTS,jolts_job_openings_rate,admin_support,JTU540099000000000JOR
BLS JOLTS,jolts_job_openings_rate,waste_remediation,JTU540099000000000JOR
BLS JOLTS,jolts_job_openings_rate,education,JTU610000000000000JOR
BLS JOLTS,jolts_job_openings_rate,ambulatory_health,JTU620000000000000JOR
BLS JOLTS,jolts_job_openings_rate,hospitals_nursing,JTU620000000000000JOR
BLS JOLTS,jolts_job_openings_rate,social_assistance,JTU620000000000000JOR
BLS JOLTS,jolts_job_openings_rate,performing_arts_museums,JTU710000000000000JOR
BLS JOLTS,jolts_job_openings_rate,amusement_recreation,JTU710000000000000JOR
BLS JOLTS,jolts_job_openings_rate,accommodation,JTU720000000000000JOR
BLS JOLTS,jolts_job_openings_rate,food_services,JTU720000000000000JOR
BLS JOLTS,jolts_job_openings_rate,other_services,JTU810000000000000JOR
BLS JOLTS,jolts_job_openings_level,oil_gas_extraction,JTU110099000000000JOL
BLS JOLTS,jolts_job_openings_level,mining_except_oil_gas,JTU110099000000000JOL
BLS JOLTS,jolts_job_openings_level,support_mining,JTU110099000000000JOL
BLS JOLTS,jolts_job_openings_level,utilities,JTU480099000000000JOL
BLS JOLTS,jolts_job_openings_level,construction,JTU230000000000000JOL
BLS JOLTS,jolts_job_openings_level,wood_products,JTU320000000000000JOL
BLS JOLTS,jolts_job_openings_level,nonmetallic_mineral,JTU320000000000000JOL
BLS JOLTS,jolts_job_openings_level,primary_metals,JTU320000000000000JOL
BLS JOLTS,jolts_job_openings_level,fabricated_metal,JTU320000000000000JOL
BLS JOLTS,jolts_job_openings_level,machinery,JTU320000000000000JOL
BLS JOLTS,jolts_job_openings_level,computer_electronic,JTU320000000000000JOL
BLS JOLTS,jolts_job_openings_level,electrical_equipment,JTU320000000000000JOL
BLS JOLTS,jolts_job_openings_level,motor_vehicles,JTU320000000000000JOL
BLS JOLTS,jolts_job_openings_level,other_transport_equipment,JTU320000000000000JOL
BLS JOLTS,jolts_job_openings_level,furniture,JTU320000000000000JOL
BLS JOLTS,jolts_job_openings_level,misc_manufacturing,JTU320000000000000JOL
BLS JOLTS,jolts_job_openings_level,food_beverage_tobacco,JTU340000000000000JOL
BLS JOLTS,jolts_job_openings_level,textiles,JTU340000000000000JOL
BLS JOLTS,jolts_job_openings_level,apparel_leather,JTU340000000000000JOL
BLS JOLTS,jolts_job_openings_level,paper,JTU340000000000000JOL
BLS JOLTS,jolts_job_openings_level,printing,JTU340000000000000JOL
BLS JOLTS,jolts_job_openings_level,petroleum_coal,JTU340000000000000JOL
BLS JOLTS,jolts_job_openings_level,chemicals,JTU340000000000000JOL
BLS JOLTS,jolts_job_openings_level,plastics_rubber,JTU340000000000000JOL
BLS JOLTS,jolts_job_openings_level,wholesale,JTU420000000000000JOL
BLS JOLTS,jolts_job_openings_level,retail,JTU440000000000000JOL
BLS JOLTS,jolts_job_openings_level,air_transport,JTU480099000000000JOL
BLS JOLTS,jolts_job_openings_level,rail_transport,JTU480099000000000JOL
BLS JOLTS,jolts_job_openings_level,water_transport,JTU480099000000000JOL
BLS JOLTS,jolts_job_openings_level,truck_transport,JTU480099000000000JOL
BLS JOLTS,jolts_job_openings_level,transit_ground,JTU480099000000000JOL
BLS JOLTS,jolts_job_openings_level,pipeline,JTU480099000000000JOL
BLS JOLTS,jolts_job_openings_level,other_transport_support,JTU480099000000000JOL
BLS JOLTS,jolts_job_openings_level,warehousing,JTU480099000000000JOL
BLS JOLTS,jolts_job_openings_level,information,JTU510000000000000JOL
BLS JOLTS,jolts_job_openings_level,credit_intermediation,JTU520000000000000JOL
BLS JOLTS,jolts_job_openings_level,securities,JTU520000000000000JOL
BLS JOLTS,jolts_job_openings_level,insurance,JTU520000000000000JOL
BLS JOLTS,jolts_job_openings_level,funds_trusts,JTU520000000000000JOL
BLS JOLTS,jolts_job_openings_level,real_estate,JTU530000000000000JOL
BLS JOLTS,jolts_job_openings_level,rental_leasing,JTU530000000000000JOL
BLS JOLTS,jolts_job_openings_level,legal,JTU540099000000000JOL
BLS JOLTS,jolts_job_openings_level,computer_systems,JTU540099000000000JOL
BLS JOLTS,jolts_job_openings_level,misc_professional,JTU540099000000000JOL
BLS JOLTS,jolts_job_openings_level,management_companies,JTU540099000000000JOL
BLS JOLTS,jolts_job_openings_level,admin_support,JTU540099000000000JOL
BLS JOLTS,jolts_job_openings_level,waste_remediation,JTU540099000000000JOL
BLS JOLTS,jolts_job_openings_level,education,JTU610000000000000JOL
BLS JOLTS,jolts_job_openings_level,ambulatory_health,JTU620000000000000JOL
BLS JOLTS,jolts_job_openings_level,hospitals_nursing,JTU620000000000000JOL
BLS JOLTS,jolts_job_openings_level,social_assistance,JTU620000000000000JOL
BLS JOLTS,jolts_job_openings_level,performing_arts_museums,JTU710000000000000JOL
BLS JOLTS,jolts_job_openings_level,amusement_recreation,JTU710000000000000JOL
BLS JOLTS,jolts_job_openings_level,accommodation,JTU720000000000000JOL
BLS JOLTS,jolts_job_openings_level,food_services,JTU720000000000000JOL
BLS JOLTS,jolts_job_openings_level,other_services,JTU810000000000000JOL
BLS JOLTS,jolts_hires_rate,oil_gas_extraction,JTU110099000000000HIR
BLS JOLTS,jolts_hires_rate,mining_except_oil_gas,JTU110099000000000HIR
BLS JOLTS,jolts_hires_rate,support_mining,JTU110099000000000HIR
BLS JOLTS,jolts_hires_rate,utilities,JTU480099000000000HIR
BLS JOLTS,jolts_hires_rate,construction,JTU230000000000000HIR
BLS JOLTS,jolts_hires_rate,wood_products,JTU320000000000000HIR
BLS JOLTS,jolts_hires_rate,nonmetallic_mineral,JTU320000000000000HIR
BLS JOLTS,jolts_hires_rate,primary_metals,JTU320000000000000HIR
BLS JOLTS,jolts_hires_rate,fabricated_metal,JTU320000000000000HIR
BLS JOLTS,jolts_hires_rate,machinery,JTU320000000000000HIR
BLS JOLTS,jolts_hires_rate,computer_electronic,JTU320000000000000HIR
BLS JOLTS,jolts_hires_rate,electrical_equipment,JTU320000000000000HIR
BLS JOLTS,jolts_hires_rate,motor_vehicles,JTU320000000000000HIR
BLS JOLTS,jolts_hires_rate,other_transport_equipment,JTU320000000000000HIR
BLS JOLTS,jolts_hires_rate,furniture,JTU320000000000000HIR
BLS JOLTS,jolts_hires_rate,misc_manufacturing,JTU320000000000000HIR
BLS JOLTS,jolts_hires_rate,food_beverage_tobacco,JTU340000000000000HIR
BLS JOLTS,jolts_hires_rate,textiles,JTU340000000000000HIR
BLS JOLTS,jolts_hires_rate,apparel_leather,JTU340000000000000HIR
BLS JOLTS,jolts_hires_rate,paper,JTU340000000000000HIR
BLS JOLTS,jolts_hires_rate,printing,JTU340000000000000HIR
BLS JOLTS,jolts_hires_rate,petroleum_coal,JTU340000000000000HIR
BLS JOLTS,jolts_hires_rate,chemicals,JTU340000000000000HIR
BLS JOLTS,jolts_hires_rate,plastics_rubber,JTU340000000000000HIR
BLS JOLTS,jolts_hires_rate,wholesale,JTU420000000000000HIR
BLS JOLTS,jolts_hires_rate,retail,JTU440000000000000HIR
BLS JOLTS,jolts_hires_rate,air_transport,JTU480099000000000HIR
BLS JOLTS,jolts_hires_rate,rail_transport,JTU480099000000000HIR
BLS JOLTS,jolts_hires_rate,water_transport,JTU480099000000000HIR
BLS JOLTS,jolts_hires_rate,truck_transport,JTU480099000000000HIR
BLS JOLTS,jolts_hires_rate,transit_ground,JTU480099000000000HIR
BLS JOLTS,jolts_hires_rate,pipeline,JTU480099000000000HIR
BLS JOLTS,jolts_hires_rate,other_transport_support,JTU480099000000000HIR
BLS JOLTS,jolts_hires_rate,warehousing,JTU480099000000000HIR
BLS JOLTS,jolts_hires_rate,information,JTU510000000000000HIR
BLS JOLTS,jolts_hires_rate,credit_intermediation,JTU520000000000000HIR
BLS JOLTS,jolts_hires_rate,securities,JTU520000000000000HIR
BLS JOLTS,jolts_hires_rate,insurance,JTU520000000000000HIR
BLS JOLTS,jolts_hires_rate,funds_trusts,JTU520000000000000HIR
BLS JOLTS,jolts_hires_rate,real_estate,JTU530000000000000HIR
BLS JOLTS,jolts_hires_rate,rental_leasing,JTU530000000000000HIR
BLS JOLTS,jolts_hires_rate,legal,JTU540099000000000HIR
BLS JOLTS,jolts_hires_rate,computer_systems,JTU540099000000000HIR
BLS JOLTS,jolts_hires_rate,misc_professional,JTU540099000000000HIR
BLS JOLTS,jolts_hires_rate,management_companies,JTU540099000000000HIR
BLS JOLTS,jolts_hires_rate,admin_support,JTU540099000000000HIR
BLS JOLTS,jolts_hires_rate,waste_remediation,JTU540099000000000HIR
BLS JOLTS,jolts_hires_rate,education,JTU610000000000000HIR
BLS JOLTS,jolts_hires_rate,ambulatory_health,JTU620000000000000HIR
BLS JOLTS,jolts_hires_rate,hospitals_nursing,JTU620000000000000HIR
BLS JOLTS,jolts_hires_rate,social_assistance,JTU620000000000000HIR
BLS JOLTS,jolts_hires_rate,performing_arts_museums,JTU710000000000000HIR
BLS JOLTS,jolts_hires_rate,amusement_recreation,JTU710000000000000HIR
BLS JOLTS,jolts_hires_rate,accommodation,JTU720000000000000HIR
BLS JOLTS,jolts_hires_rate,food_services,JTU720000000000000HIR
BLS JOLTS,jolts_hires_rate,other_services,JTU810000000000000HIR
BLS JOLTS,jolts_hires_level,oil_gas_extraction,JTU110099000000000HIL
BLS JOLTS,jolts_hires_level,mining_except_oil_gas,JTU110099000000000HIL
BLS JOLTS,jolts_hires_level,support_mining,JTU110099000000000HIL
BLS JOLTS,jolts_hires_level,utilities,JTU480099000000000HIL
BLS JOLTS,jolts_hires_level,construction,JTU230000000000000HIL
BLS JOLTS,jolts_hires_level,wood_products,JTU320000000000000HIL
BLS JOLTS,jolts_hires_level,nonmetallic_mineral,JTU320000000000000HIL
BLS JOLTS,jolts_hires_level,primary_metals,JTU320000000000000HIL
BLS JOLTS,jolts_hires_level,fabricated_metal,JTU320000000000000HIL
BLS JOLTS,jolts_hires_level,machinery,JTU320000000000000HIL
BLS JOLTS,jolts_hires_level,computer_electronic,JTU320000000000000HIL
BLS JOLTS,jolts_hires_level,electrical_equipment,JTU320000000000000HIL
BLS JOLTS,jolts_hires_level,motor_vehicles,JTU320000000000000HIL
BLS JOLTS,jolts_hires_level,other_transport_equipment,JTU320000000000000HIL
BLS JOLTS,jolts_hires_level,furniture,JTU320000000000000HIL
BLS JOLTS,jolts_hires_level,misc_manufacturing,JTU320000000000000HIL
BLS JOLTS,jolts_hires_level,food_beverage_tobacco,JTU340000000000000HIL
BLS JOLTS,jolts_hires_level,textiles,JTU340000000000000HIL
BLS JOLTS,jolts_hires_level,apparel_leather,JTU340000000000000HIL
BLS JOLTS,jolts_hires_level,paper,JTU340000000000000HIL
BLS JOLTS,jolts_hires_level,printing,JTU340000000000000HIL
BLS JOLTS,jolts_hires_level,petroleum_coal,JTU340000000000000HIL
BLS JOLTS,jolts_hires_level,chemicals,JTU340000000000000HIL
BLS JOLTS,jolts_hires_level,plastics_rubber,JTU340000000000000HIL
BLS JOLTS,jolts_hires_level,wholesale,JTU420000000000000HIL
BLS JOLTS,jolts_hires_level,retail,JTU440000000000000HIL
BLS JOLTS,jolts_hires_level,air_transport,JTU480099000000000HIL
BLS JOLTS,jolts_hires_level,rail_transport,JTU480099000000000HIL
BLS JOLTS,jolts_hires_level,water_transport,JTU480099000000000HIL
BLS JOLTS,jolts_hires_level,truck_transport,JTU480099000000000HIL
BLS JOLTS,jolts_hires_level,transit_ground,JTU480099000000000HIL
BLS JOLTS,jolts_hires_level,pipeline,JTU480099000000000HIL
BLS JOLTS,jolts_hires_level,other_transport_support,JTU480099000000000HIL
BLS JOLTS,jolts_hires_level,warehousing,JTU480099000000000HIL
BLS JOLTS,jolts_hires_level,information,JTU510000000000000HIL
BLS JOLTS,jolts_hires_level,credit_intermediation,JTU520000000000000HIL
BLS JOLTS,jolts_hires_level,securities,JTU520000000000000HIL
BLS JOLTS,jolts_hires_level,insurance,JTU520000000000000HIL
BLS JOLTS,jolts_hires_level,funds_trusts,JTU520000000000000HIL
BLS JOLTS,jolts_hires_level,real_estate,JTU530000000000000HIL
BLS JOLTS,jolts_hires_level,rental_leasing,JTU530000000000000HIL
BLS JOLTS,jolts_hires_level,legal,JTU540099000000000HIL
BLS JOLTS,jolts_hires_level,computer_systems,JTU540099000000000HIL
BLS JOLTS,jolts_hires_level,misc_professional,JTU540099000000000HIL
BLS JOLTS,jolts_hires_level,management_companies,JTU540099000000000HIL
BLS JOLTS,jolts_hires_level,admin_support,JTU540099000000000HIL
BLS JOLTS,jolts_hires_level,waste_remediation,JTU540099000000000HIL
BLS JOLTS,jolts_hires_level,education,JTU610000000000000HIL
BLS JOLTS,jolts_hires_level,ambulatory_health,JTU620000000000000HIL
BLS JOLTS,jolts_hires_level,hospitals_nursing,JTU620000000000000HIL
BLS JOLTS,jolts_hires_level,social_assistance,JTU620000000000000HIL
BLS JOLTS,jolts_hires_level,performing_arts_museums,JTU710000000000000HIL
BLS JOLTS,jolts_hires_level,amusement_recreation,JTU710000000000000HIL
BLS JOLTS,jolts_hires_level,accommodation,JTU720000000000000HIL
BLS JOLTS,jolts_hires_level,food_services,JTU720000000000000HIL
BLS JOLTS,jolts_hires_level,other_services,JTU810000000000000HIL
BLS JOLTS,jolts_quits_rate,oil_gas_extraction,JTU110099000000000QUR
BLS JOLTS,jolts_quits_rate,mining_except_oil_gas,JTU110099000000000QUR
BLS JOLTS,jolts_quits_rate,support_mining,JTU110099000000000QUR
BLS JOLTS,jolts_quits_rate,utilities,JTU480099000000000QUR
BLS JOLTS,jolts_quits_rate,construction,JTU230000000000000QUR
BLS JOLTS,jolts_quits_rate,wood_products,JTU320000000000000QUR
BLS JOLTS,jolts_quits_rate,nonmetallic_mineral,JTU320000000000000QUR
BLS JOLTS,jolts_quits_rate,primary_metals,JTU320000000000000QUR
BLS JOLTS,jolts_quits_rate,fabricated_metal,JTU320000000000000QUR
BLS JOLTS,jolts_quits_rate,machinery,JTU320000000000000QUR
BLS JOLTS,jolts_quits_rate,computer_electronic,JTU320000000000000QUR
BLS JOLTS,jolts_quits_rate,electrical_equipment,JTU320000000000000QUR
BLS JOLTS,jolts_quits_rate,motor_vehicles,JTU320000000000000QUR
BLS JOLTS,jolts_quits_rate,other_transport_equipment,JTU320000000000000QUR
BLS JOLTS,jolts_quits_rate,furniture,JTU320000000000000QUR
BLS JOLTS,jolts_quits_rate,misc_manufacturing,JTU320000000000000QUR
BLS JOLTS,jolts_quits_rate,food_beverage_tobacco,JTU340000000000000QUR
BLS JOLTS,jolts_quits_rate,textiles,JTU340000000000000QUR
BLS JOLTS,jolts_quits_rate,apparel_leather,JTU340000000000000QUR
BLS JOLTS,jolts_quits_rate,paper,JTU340000000000000QUR
BLS JOLTS,jolts_quits_rate,printing,JTU340000000000000QUR
BLS JOLTS,jolts_quits_rate,petroleum_coal,JTU340000000000000QUR
BLS JOLTS,jolts_quits_rate,chemicals,JTU340000000000000QUR
BLS JOLTS,jolts_quits_rate,plastics_rubber,JTU340000000000000QUR
BLS JOLTS,jolts_quits_rate,wholesale,JTU420000000000000QUR
BLS JOLTS,jolts_quits_rate,retail,JTU440000000000000QUR
BLS JOLTS,jolts_quits_rate,air_transport,JTU480099000000000QUR
BLS JOLTS,jolts_quits_rate,rail_transport,JTU480099000000000QUR
BLS JOLTS,jolts_quits_rate,water_transport,JTU480099000000000QUR
BLS JOLTS,jolts_quits_rate,truck_transport,JTU480099000000000QUR
BLS JOLTS,jolts_quits_rate,transit_ground,JTU480099000000000QUR
BLS JOLTS,jolts_quits_rate,pipeline,JTU480099000000000QUR
BLS JOLTS,jolts_quits_rate,other_transport_support,JTU480099000000000QUR
BLS JOLTS,jolts_quits_rate,warehousing,JTU480099000000000QUR
BLS JOLTS,jolts_quits_rate,information,JTU510000000000000QUR
BLS JOLTS,jolts_quits_rate,credit_intermediation,JTU520000000000000QUR
BLS JOLTS,jolts_quits_rate,securities,JTU520000000000000QUR
BLS JOLTS,jolts_quits_rate,insurance,JTU520000000000000QUR
BLS JOLTS,jolts_quits_rate,funds_trusts,JTU520000000000000QUR
BLS JOLTS,jolts_quits_rate,real_estate,JTU530000000000000QUR
BLS JOLTS,jolts_quits_rate,rental_leasing,JTU530000000000000QUR
BLS JOLTS,jolts_quits_rate,legal,JTU540099000000000QUR
BLS JOLTS,jolts_quits_rate,computer_systems,JTU540099000000000QUR
BLS JOLTS,jolts_quits_rate,misc_professional,JTU540099000000000QUR
BLS JOLTS,jolts_quits_rate,management_companies,JTU540099000000000QUR
BLS JOLTS,jolts_quits_rate,admin_support,JTU540099000000000QUR
BLS JOLTS,jolts_quits_rate,waste_remediation,JTU540099000000000QUR
BLS JOLTS,jolts_quits_rate,education,JTU610000000000000QUR
BLS JOLTS,jolts_quits_rate,ambulatory_health,JTU620000000000000QUR
BLS JOLTS,jolts_quits_rate,hospitals_nursing,JTU620000000000000QUR
BLS JOLTS,jolts_quits_rate,social_assistance,JTU620000000000000QUR
BLS JOLTS,jolts_quits_rate,performing_arts_museums,JTU710000000000000QUR
BLS JOLTS,jolts_quits_rate,amusement_recreation,JTU710000000000000QUR
BLS JOLTS,jolts_quits_rate,accommodation,JTU720000000000000QUR
BLS JOLTS,jolts_quits_rate,food_services,JTU720000000000000QUR
BLS JOLTS,jolts_quits_rate,other_services,JTU810000000000000QUR
BLS JOLTS,jolts_quits_level,oil_gas_extraction,JTU110099000000000QUL
BLS JOLTS,jolts_quits_level,mining_except_oil_gas,JTU110099000000000QUL
BLS JOLTS,jolts_quits_level,support_mining,JTU110099000000000QUL
BLS JOLTS,jolts_quits_level,utilities,JTU480099000000000QUL
BLS JOLTS,jolts_quits_level,construction,JTU230000000000000QUL
BLS JOLTS,jolts_quits_level,wood_products,JTU320000000000000QUL
BLS JOLTS,jolts_quits_level,nonmetallic_mineral,JTU320000000000000QUL
BLS JOLTS,jolts_quits_level,primary_metals,JTU320000000000000QUL
BLS JOLTS,jolts_quits_level,fabricated_metal,JTU320000000000000QUL
BLS JOLTS,jolts_quits_level,machinery,JTU320000000000000QUL
BLS JOLTS,jolts_quits_level,computer_electronic,JTU320000000000000QUL
BLS JOLTS,jolts_quits_level,electrical_equipment,JTU320000000000000QUL
BLS JOLTS,jolts_quits_level,motor_vehicles,JTU320000000000000QUL
BLS JOLTS,jolts_quits_level,other_transport_equipment,JTU320000000000000QUL
BLS JOLTS,jolts_quits_level,furniture,JTU320000000000000QUL
BLS JOLTS,jolts_quits_level,misc_manufacturing,JTU320000000000000QUL
BLS JOLTS,jolts_quits_level,food_beverage_tobacco,JTU340000000000000QUL
BLS JOLTS,jolts_quits_level,textiles,JTU340000000000000QUL
BLS JOLTS,jolts_quits_level,apparel_leather,JTU340000000000000QUL
BLS JOLTS,jolts_quits_level,paper,JTU340000000000000QUL
BLS JOLTS,jolts_quits_level,printing,JTU340000000000000QUL
BLS JOLTS,jolts_quits_level,petroleum_coal,JTU340000000000000QUL
BLS JOLTS,jolts_quits_level,chemicals,JTU340000000000000QUL
BLS JOLTS,jolts_quits_level,plastics_rubber,JTU340000000000000QUL
BLS JOLTS,jolts_quits_level,wholesale,JTU420000000000000QUL
BLS JOLTS,jolts_quits_level,retail,JTU440000000000000QUL
BLS JOLTS,jolts_quits_level,air_transport,JTU480099000000000QUL
BLS JOLTS,jolts_quits_level,rail_transport,JTU480099000000000QUL
BLS JOLTS,jolts_quits_level,water_transport,JTU480099000000000QUL
BLS JOLTS,jolts_quits_level,truck_transport,JTU480099000000000QUL
BLS JOLTS,jolts_quits_level,transit_ground,JTU480099000000000QUL
BLS JOLTS,jolts_quits_level,pipeline,JTU480099000000000QUL
BLS JOLTS,jolts_quits_level,other_transport_support,JTU480099000000000QUL
BLS JOLTS,jolts_quits_level,warehousing,JTU480099000000000QUL
BLS JOLTS,jolts_quits_level,information,JTU510000000000000QUL
BLS JOLTS,jolts_quits_level,credit_intermediation,JTU520000000000000QUL
BLS JOLTS,jolts_quits_level,securities,JTU520000000000000QUL
BLS JOLTS,jolts_quits_level,insurance,JTU520000000000000QUL
BLS JOLTS,jolts_quits_level,funds_trusts,JTU520000000000000QUL
BLS JOLTS,jolts_quits_level,real_estate,JTU530000000000000QUL
BLS JOLTS,jolts_quits_level,rental_leasing,JTU530000000000000QUL
BLS JOLTS,jolts_quits_level,legal,JTU540099000000000QUL
BLS JOLTS,jolts_quits_level,computer_systems,JTU540099000000000QUL
BLS JOLTS,jolts_quits_level,misc_professional,JTU540099000000000QUL
BLS JOLTS,jolts_quits_level,management_companies,JTU540099000000000QUL
BLS JOLTS,jolts_quits_level,admin_support,JTU540099000000000QUL
BLS JOLTS,jolts_quits_level,waste_remediation,JTU540099000000000QUL
BLS JOLTS,jolts_quits_level,education,JTU610000000000000QUL
BLS JOLTS,jolts_quits_level,ambulatory_health,JTU620000000000000QUL
BLS JOLTS,jolts_quits_level,hospitals_nursing,JTU620000000000000QUL
BLS JOLTS,jolts_quits_level,social_assistance,JTU620000000000000QUL
BLS JOLTS,jolts_quits_level,performing_arts_museums,JTU710000000000000QUL
BLS JOLTS,jolts_quits_level,amusement_recreation,JTU710000000000000QUL
BLS JOLTS,jolts_quits_level,accommodation,JTU720000000000000QUL
BLS JOLTS,jolts_quits_level,food_services,JTU720000000000000QUL
BLS JOLTS,jolts_quits_level,other_services,JTU810000000000000QUL
BLS JOLTS,jolts_layoffs_discharges_rate,oil_gas_extraction,JTU110099000000000LDR
BLS JOLTS,jolts_layoffs_discharges_rate,mining_except_oil_gas,JTU110099000000000LDR
BLS JOLTS,jolts_layoffs_discharges_rate,support_mining,JTU110099000000000LDR
BLS JOLTS,jolts_layoffs_discharges_rate,utilities,JTU480099000000000LDR
BLS JOLTS,jolts_layoffs_discharges_rate,construction,JTU230000000000000LDR
BLS JOLTS,jolts_layoffs_discharges_rate,wood_products,JTU320000000000000LDR
BLS JOLTS,jolts_layoffs_discharges_rate,nonmetallic_mineral,JTU320000000000000LDR
BLS JOLTS,jolts_layoffs_discharges_rate,primary_metals,JTU320000000000000LDR
BLS JOLTS,jolts_layoffs_discharges_rate,fabricated_metal,JTU320000000000000LDR
BLS JOLTS,jolts_layoffs_discharges_rate,machinery,JTU320000000000000LDR
BLS JOLTS,jolts_layoffs_discharges_rate,computer_electronic,JTU320000000000000LDR
BLS JOLTS,jolts_layoffs_discharges_rate,electrical_equipment,JTU320000000000000LDR
BLS JOLTS,jolts_layoffs_discharges_rate,motor_vehicles,JTU320000000000000LDR
BLS JOLTS,jolts_layoffs_discharges_rate,other_transport_equipment,JTU320000000000000LDR
BLS JOLTS,jolts_layoffs_discharges_rate,furniture,JTU320000000000000LDR
BLS JOLTS,jolts_layoffs_discharges_rate,misc_manufacturing,JTU320000000000000LDR
BLS JOLTS,jolts_layoffs_discharges_rate,food_beverage_tobacco,JTU340000000000000LDR
BLS JOLTS,jolts_layoffs_discharges_rate,textiles,JTU340000000000000LDR
BLS JOLTS,jolts_layoffs_discharges_rate,apparel_leather,JTU340000000000000LDR
BLS JOLTS,jolts_layoffs_discharges_rate,paper,JTU340000000000000LDR
BLS JOLTS,jolts_layoffs_discharges_rate,printing,JTU340000000000000LDR
BLS JOLTS,jolts_layoffs_discharges_rate,petroleum_coal,JTU340000000000000LDR
BLS JOLTS,jolts_layoffs_discharges_rate,chemicals,JTU340000000000000LDR
BLS JOLTS,jolts_layoffs_discharges_rate,plastics_rubber,JTU340000000000000LDR
BLS JOLTS,jolts_layoffs_discharges_rate,wholesale,JTU420000000000000LDR
BLS JOLTS,jolts_layoffs_discharges_rate,retail,JTU440000000000000LDR
BLS JOLTS,jolts_layoffs_discharges_rate,air_transport,JTU480099000000000LDR
BLS JOLTS,jolts_layoffs_discharges_rate,rail_transport,JTU480099000000000LDR
BLS JOLTS,jolts_layoffs_discharges_rate,water_transport,JTU480099000000000LDR
BLS JOLTS,jolts_layoffs_discharges_rate,truck_transport,JTU480099000000000LDR
BLS JOLTS,jolts_layoffs_discharges_rate,transit_ground,JTU480099000000000LDR
BLS JOLTS,jolts_layoffs_discharges_rate,pipeline,JTU480099000000000LDR
BLS JOLTS,jolts_layoffs_discharges_rate,other_transport_support,JTU480099000000000LDR
BLS JOLTS,jolts_layoffs_discharges_rate,warehousing,JTU480099000000000LDR
BLS JOLTS,jolts_layoffs_discharges_rate,information,JTU510000000000000LDR
BLS JOLTS,jolts_layoffs_discharges_rate,credit_intermediation,JTU520000000000000LDR
BLS JOLTS,jolts_layoffs_discharges_rate,securities,JTU520000000000000LDR
BLS JOLTS,jolts_layoffs_discharges_rate,insurance,JTU520000000000000LDR
BLS JOLTS,jolts_layoffs_discharges_rate,funds_trusts,JTU520000000000000LDR
BLS JOLTS,jolts_layoffs_discharges_rate,real_estate,JTU530000000000000LDR
BLS JOLTS,jolts_layoffs_discharges_rate,rental_leasing,JTU530000000000000LDR
BLS JOLTS,jolts_layoffs_discharges_rate,legal,JTU540099000000000LDR
BLS JOLTS,jolts_layoffs_discharges_rate,computer_systems,JTU540099000000000LDR
BLS JOLTS,jolts_layoffs_discharges_rate,misc_professional,JTU540099000000000LDR
BLS JOLTS,jolts_layoffs_discharges_rate,management_companies,JTU540099000000000LDR
BLS JOLTS,jolts_layoffs_discharges_rate,admin_support,JTU540099000000000LDR
BLS JOLTS,jolts_layoffs_discharges_rate,waste_remediation,JTU540099000000000LDR
BLS JOLTS,jolts_layoffs_discharges_rate,education,JTU610000000000000LDR
BLS JOLTS,jolts_layoffs_discharges_rate,ambulatory_health,JTU620000000000000LDR
BLS JOLTS,jolts_layoffs_discharges_rate,hospitals_nursing,JTU620000000000000LDR
BLS JOLTS,jolts_layoffs_discharges_rate,social_assistance,JTU620000000000000LDR
BLS JOLTS,jolts_layoffs_discharges_rate,performing_arts_museums,JTU710000000000000LDR
BLS JOLTS,jolts_layoffs_discharges_rate,amusement_recreation,JTU710000000000000LDR
BLS JOLTS,jolts_layoffs_discharges_rate,accommodation,JTU720000000000000LDR
BLS JOLTS,jolts_layoffs_discharges_rate,food_services,JTU720000000000000LDR
BLS JOLTS,jolts_layoffs_discharges_rate,other_services,JTU810000000000000LDR
BLS JOLTS,jolts_layoffs_discharges_level,oil_gas_extraction,JTU110099000000000LDL
BLS JOLTS,jolts_layoffs_discharges_level,mining_except_oil_gas,JTU110099000000000LDL
BLS JOLTS,jolts_layoffs_discharges_level,support_mining,JTU110099000000000LDL
BLS JOLTS,jolts_layoffs_discharges_level,utilities,JTU480099000000000LDL
BLS JOLTS,jolts_layoffs_discharges_level,construction,JTU230000000000000LDL
BLS JOLTS,jolts_layoffs_discharges_level,wood_products,JTU320000000000000LDL
BLS JOLTS,jolts_layoffs_discharges_level,nonmetallic_mineral,JTU320000000000000LDL
BLS JOLTS,jolts_layoffs_discharges_level,primary_metals,JTU320000000000000LDL
BLS JOLTS,jolts_layoffs_discharges_level,fabricated_metal,JTU320000000000000LDL
BLS JOLTS,jolts_layoffs_discharges_level,machinery,JTU320000000000000LDL
BLS JOLTS,jolts_layoffs_discharges_level,computer_electronic,JTU320000000000000LDL
BLS JOLTS,jolts_layoffs_discharges_level,electrical_equipment,JTU320000000000000LDL
BLS JOLTS,jolts_layoffs_discharges_level,motor_vehicles,JTU320000000000000LDL
BLS JOLTS,jolts_layoffs_discharges_level,other_transport_equipment,JTU320000000000000LDL
BLS JOLTS,jolts_layoffs_discharges_level,furniture,JTU320000000000000LDL
BLS JOLTS,jolts_layoffs_discharges_level,misc_manufacturing,JTU320000000000000LDL
BLS JOLTS,jolts_layoffs_discharges_level,food_beverage_tobacco,JTU340000000000000LDL
BLS JOLTS,jolts_layoffs_discharges_level,textiles,JTU340000000000000LDL
BLS JOLTS,jolts_layoffs_discharges_level,apparel_leather,JTU340000000000000LDL
BLS JOLTS,jolts_layoffs_discharges_level,paper,JTU340000000000000LDL
BLS JOLTS,jolts_layoffs_discharges_level,printing,JTU340000000000000LDL
BLS JOLTS,jolts_layoffs_discharges_level,petroleum_coal,JTU340000000000000LDL
BLS JOLTS,jolts_layoffs_discharges_level,chemicals,JTU340000000000000LDL
BLS JOLTS,jolts_layoffs_discharges_level,plastics_rubber,JTU340000000000000LDL
BLS JOLTS,jolts_layoffs_discharges_level,wholesale,JTU420000000000000LDL
BLS JOLTS,jolts_layoffs_discharges_level,retail,JTU440000000000000LDL
BLS JOLTS,jolts_layoffs_discharges_level,air_transport,JTU480099000000000LDL
BLS JOLTS,jolts_layoffs_discharges_level,rail_transport,JTU480099000000000LDL
BLS JOLTS,jolts_layoffs_discharges_level,water_transport,JTU480099000000000LDL
BLS JOLTS,jolts_layoffs_discharges_level,truck_transport,JTU480099000000000LDL
BLS JOLTS,jolts_layoffs_discharges_level,transit_ground,JTU480099000000000LDL
BLS JOLTS,jolts_layoffs_discharges_level,pipeline,JTU480099000000000LDL
BLS JOLTS,jolts_layoffs_discharges_level,other_transport_support,JTU480099000000000LDL
BLS JOLTS,jolts_layoffs_discharges_level,warehousing,JTU480099000000000LDL
BLS JOLTS,jolts_layoffs_discharges_level,information,JTU510000000000000LDL
BLS JOLTS,jolts_layoffs_discharges_level,credit_intermediation,JTU520000000000000LDL
BLS JOLTS,jolts_layoffs_discharges_level,securities,JTU520000000000000LDL
BLS JOLTS,jolts_layoffs_discharges_level,insurance,JTU520000000000000LDL
BLS JOLTS,jolts_layoffs_discharges_level,funds_trusts,JTU520000000000000LDL
BLS JOLTS,jolts_layoffs_discharges_level,real_estate,JTU530000000000000LDL
BLS JOLTS,jolts_layoffs_discharges_level,rental_leasing,JTU530000000000000LDL
BLS JOLTS,jolts_layoffs_discharges_level,legal,JTU540099000000000LDL
BLS JOLTS,jolts_layoffs_discharges_level,computer_systems,JTU540099000000000LDL
BLS JOLTS,jolts_layoffs_discharges_level,misc_professional,JTU540099000000000LDL
BLS JOLTS,jolts_layoffs_discharges_level,management_companies,JTU540099000000000LDL
BLS JOLTS,jolts_layoffs_discharges_level,admin_support,JTU540099000000000LDL
BLS JOLTS,jolts_layoffs_discharges_level,waste_remediation,JTU540099000000000LDL
BLS JOLTS,jolts_layoffs_discharges_level,education,JTU610000000000000LDL
BLS JOLTS,jolts_layoffs_discharges_level,ambulatory_health,JTU620000000000000LDL
BLS JOLTS,jolts_layoffs_discharges_level,hospitals_nursing,JTU620000000000000LDL
BLS JOLTS,jolts_layoffs_discharges_level,social_assistance,JTU620000000000000LDL
BLS JOLTS,jolts_layoffs_discharges_level,performing_arts_museums,JTU710000000000000LDL
BLS JOLTS,jolts_layoffs_discharges_level,amusement_recreation,JTU710000000000000LDL
BLS JOLTS,jolts_layoffs_discharges_level,accommodation,JTU720000000000000LDL
BLS JOLTS,jolts_layoffs_discharges_level,food_services,JTU720000000000000LDL
BLS JOLTS,jolts_layoffs_discharges_level,other_services,JTU810000000000000LDL
BLS JOLTS,jolts_total_separations_rate,oil_gas_extraction,JTU110099000000000TSR
BLS JOLTS,jolts_total_separations_rate,mining_except_oil_gas,JTU110099000000000TSR
BLS JOLTS,jolts_total_separations_rate,support_mining,JTU110099000000000TSR
BLS JOLTS,jolts_total_separations_rate,utilities,JTU480099000000000TSR
BLS JOLTS,jolts_total_separations_rate,construction,JTU230000000000000TSR
BLS JOLTS,jolts_total_separations_rate,wood_products,JTU320000000000000TSR
BLS JOLTS,jolts_total_separations_rate,nonmetallic_mineral,JTU320000000000000TSR
BLS JOLTS,jolts_total_separations_rate,primary_metals,JTU320000000000000TSR
BLS JOLTS,jolts_total_separations_rate,fabricated_metal,JTU320000000000000TSR
BLS JOLTS,jolts_total_separations_rate,machinery,JTU320000000000000TSR
BLS JOLTS,jolts_total_separations_rate,computer_electronic,JTU320000000000000TSR
BLS JOLTS,jolts_total_separations_rate,electrical_equipment,JTU320000000000000TSR
BLS JOLTS,jolts_total_separations_rate,motor_vehicles,JTU320000000000000TSR
BLS JOLTS,jolts_total_separations_rate,other_transport_equipment,JTU320000000000000TSR
BLS JOLTS,jolts_total_separations_rate,furniture,JTU320000000000000TSR
BLS JOLTS,jolts_total_separations_rate,misc_manufacturing,JTU320000000000000TSR
BLS JOLTS,jolts_total_separations_rate,food_beverage_tobacco,JTU340000000000000TSR
BLS JOLTS,jolts_total_separations_rate,textiles,JTU340000000000000TSR
BLS JOLTS,jolts_total_separations_rate,apparel_leather,JTU340000000000000TSR
BLS JOLTS,jolts_total_separations_rate,paper,JTU340000000000000TSR
BLS JOLTS,jolts_total_separations_rate,printing,JTU340000000000000TSR
BLS JOLTS,jolts_total_separations_rate,petroleum_coal,JTU340000000000000TSR
BLS JOLTS,jolts_total_separations_rate,chemicals,JTU340000000000000TSR
BLS JOLTS,jolts_total_separations_rate,plastics_rubber,JTU340000000000000TSR
BLS JOLTS,jolts_total_separations_rate,wholesale,JTU420000000000000TSR
BLS JOLTS,jolts_total_separations_rate,retail,JTU440000000000000TSR
BLS JOLTS,jolts_total_separations_rate,air_transport,JTU480099000000000TSR
BLS JOLTS,jolts_total_separations_rate,rail_transport,JTU480099000000000TSR
BLS JOLTS,jolts_total_separations_rate,water_transport,JTU480099000000000TSR
BLS JOLTS,jolts_total_separations_rate,truck_transport,JTU480099000000000TSR
BLS JOLTS,jolts_total_separations_rate,transit_ground,JTU480099000000000TSR
BLS JOLTS,jolts_total_separations_rate,pipeline,JTU480099000000000TSR
BLS JOLTS,jolts_total_separations_rate,other_transport_support,JTU480099000000000TSR
BLS JOLTS,jolts_total_separations_rate,warehousing,JTU480099000000000TSR
BLS JOLTS,jolts_total_separations_rate,information,JTU510000000000000TSR
BLS JOLTS,jolts_total_separations_rate,credit_intermediation,JTU520000000000000TSR
BLS JOLTS,jolts_total_separations_rate,securities,JTU520000000000000TSR
BLS JOLTS,jolts_total_separations_rate,insurance,JTU520000000000000TSR
BLS JOLTS,jolts_total_separations_rate,funds_trusts,JTU520000000000000TSR
BLS JOLTS,jolts_total_separations_rate,real_estate,JTU530000000000000TSR
BLS JOLTS,jolts_total_separations_rate,rental_leasing,JTU530000000000000TSR
BLS JOLTS,jolts_total_separations_rate,legal,JTU540099000000000TSR
BLS JOLTS,jolts_total_separations_rate,computer_systems,JTU540099000000000TSR
BLS JOLTS,jolts_total_separations_rate,misc_professional,JTU540099000000000TSR
BLS JOLTS,jolts_total_separations_rate,management_companies,JTU540099000000000TSR
BLS JOLTS,jolts_total_separations_rate,admin_support,JTU540099000000000TSR
BLS JOLTS,jolts_total_separations_rate,waste_remediation,JTU540099000000000TSR
BLS JOLTS,jolts_total_separations_rate,education,JTU610000000000000TSR
BLS JOLTS,jolts_total_separations_rate,ambulatory_health,JTU620000000000000TSR
BLS JOLTS,jolts_total_separations_rate,hospitals_nursing,JTU620000000000000TSR
BLS JOLTS,jolts_total_separations_rate,social_assistance,JTU620000000000000TSR
BLS JOLTS,jolts_total_separations_rate,performing_arts_museums,JTU710000000000000TSR
BLS JOLTS,jolts_total_separations_rate,amusement_recreation,JTU710000000000000TSR
BLS JOLTS,jolts_total_separations_rate,accommodation,JTU720000000000000TSR
BLS JOLTS,jolts_total_separations_rate,food_services,JTU720000000000000TSR
BLS JOLTS,jolts_total_separations_rate,other_services,JTU810000000000000TSR
BLS JOLTS,jolts_total_separations_level,oil_gas_extraction,JTU110099000000000TSL
BLS JOLTS,jolts_total_separations_level,mining_except_oil_gas,JTU110099000000000TSL
BLS JOLTS,jolts_total_separations_level,support_mining,JTU110099000000000TSL
BLS JOLTS,jolts_total_separations_level,utilities,JTU480099000000000TSL
BLS JOLTS,jolts_total_separations_level,construction,JTU230000000000000TSL
BLS JOLTS,jolts_total_separations_level,wood_products,JTU320000000000000TSL
BLS JOLTS,jolts_total_separations_level,nonmetallic_mineral,JTU320000000000000TSL
BLS JOLTS,jolts_total_separations_level,primary_metals,JTU320000000000000TSL
BLS JOLTS,jolts_total_separations_level,fabricated_metal,JTU320000000000000TSL
BLS JOLTS,jolts_total_separations_level,machinery,JTU320000000000000TSL
BLS JOLTS,jolts_total_separations_level,computer_electronic,JTU320000000000000TSL
BLS JOLTS,jolts_total_separations_level,electrical_equipment,JTU320000000000000TSL
BLS JOLTS,jolts_total_separations_level,motor_vehicles,JTU320000000000000TSL
BLS JOLTS,jolts_total_separations_level,other_transport_equipment,JTU320000000000000TSL
BLS JOLTS,jolts_total_separations_level,furniture,JTU320000000000000TSL
BLS JOLTS,jolts_total_separations_level,misc_manufacturing,JTU320000000000000TSL
BLS JOLTS,jolts_total_separations_level,food_beverage_tobacco,JTU340000000000000TSL
BLS JOLTS,jolts_total_separations_level,textiles,JTU340000000000000TSL
BLS JOLTS,jolts_total_separations_level,apparel_leather,JTU340000000000000TSL
BLS JOLTS,jolts_total_separations_level,paper,JTU340000000000000TSL
BLS JOLTS,jolts_total_separations_level,printing,JTU340000000000000TSL
BLS JOLTS,jolts_total_separations_level,petroleum_coal,JTU340000000000000TSL
BLS JOLTS,jolts_total_separations_level,chemicals,JTU340000000000000TSL
BLS JOLTS,jolts_total_separations_level,plastics_rubber,JTU340000000000000TSL
BLS JOLTS,jolts_total_separations_level,wholesale,JTU420000000000000TSL
BLS JOLTS,jolts_total_separations_level,retail,JTU440000000000000TSL
BLS JOLTS,jolts_total_separations_level,air_transport,JTU480099000000000TSL
BLS JOLTS,jolts_total_separations_level,rail_transport,JTU480099000000000TSL
BLS JOLTS,jolts_total_separations_level,water_transport,JTU480099000000000TSL
BLS JOLTS,jolts_total_separations_level,truck_transport,JTU480099000000000TSL
BLS JOLTS,jolts_total_separations_level,transit_ground,JTU480099000000000TSL
BLS JOLTS,jolts_total_separations_level,pipeline,JTU480099000000000TSL
BLS JOLTS,jolts_total_separations_level,other_transport_support,JTU480099000000000TSL
BLS JOLTS,jolts_total_separations_level,warehousing,JTU480099000000000TSL
BLS JOLTS,jolts_total_separations_level,information,JTU510000000000000TSL
BLS JOLTS,jolts_total_separations_level,credit_intermediation,JTU520000000000000TSL
BLS JOLTS,jolts_total_separations_level,securities,JTU520000000000000TSL
BLS JOLTS,jolts_total_separations_level,insurance,JTU520000000000000TSL
BLS JOLTS,jolts_total_separations_level,funds_trusts,JTU520000000000000TSL
BLS JOLTS,jolts_total_separations_level,real_estate,JTU530000000000000TSL
BLS JOLTS,jolts_total_separations_level,rental_leasing,JTU530000000000000TSL
BLS JOLTS,jolts_total_separations_level,legal,JTU540099000000000TSL
BLS JOLTS,jolts_total_separations_level,computer_systems,JTU540099000000000TSL
BLS JOLTS,jolts_total_separations_level,misc_professional,JTU540099000000000TSL
BLS JOLTS,jolts_total_separations_level,management_companies,JTU540099000000000TSL
BLS JOLTS,jolts_total_separations_level,admin_support,JTU540099000000000TSL
BLS JOLTS,jolts_total_separations_level,waste_remediation,JTU540099000000000TSL
BLS JOLTS,jolts_total_separations_level,education,JTU610000000000000TSL
BLS JOLTS,jolts_total_separations_level,ambulatory_health,JTU620000000000000TSL
BLS JOLTS,jolts_total_separations_level,hospitals_nursing,JTU620000000000000TSL
BLS JOLTS,jolts_total_separations_level,social_assistance,JTU620000000000000TSL
BLS JOLTS,jolts_total_separations_level,performing_arts_museums,JTU710000000000000TSL
BLS JOLTS,jolts_total_separations_level,amusement_recreation,JTU710000000000000TSL
BLS JOLTS,jolts_total_separations_level,accommodation,JTU720000000000000TSL
BLS JOLTS,jolts_total_separations_level,food_services,JTU720000000000000TSL
BLS JOLTS,jolts_total_separations_level,other_services,JTU810000000000000TSL
BLS JOLTS,jolts_other_separations_rate,oil_gas_extraction,JTU110099000000000OSR
BLS JOLTS,jolts_other_separations_rate,mining_except_oil_gas,JTU110099000000000OSR
BLS JOLTS,jolts_other_separations_rate,support_mining,JTU110099000000000OSR
BLS JOLTS,jolts_other_separations_rate,utilities,JTU480099000000000OSR
BLS JOLTS,jolts_other_separations_rate,construction,JTU230000000000000OSR
BLS JOLTS,jolts_other_separations_rate,wood_products,JTU320000000000000OSR
BLS JOLTS,jolts_other_separations_rate,nonmetallic_mineral,JTU320000000000000OSR
BLS JOLTS,jolts_other_separations_rate,primary_metals,JTU320000000000000OSR
BLS JOLTS,jolts_other_separations_rate,fabricated_metal,JTU320000000000000OSR
BLS JOLTS,jolts_other_separations_rate,machinery,JTU320000000000000OSR
BLS JOLTS,jolts_other_separations_rate,computer_electronic,JTU320000000000000OSR
BLS JOLTS,jolts_other_separations_rate,electrical_equipment,JTU320000000000000OSR
BLS JOLTS,jolts_other_separations_rate,motor_vehicles,JTU320000000000000OSR
BLS JOLTS,jolts_other_separations_rate,other_transport_equipment,JTU320000000000000OSR
BLS JOLTS,jolts_other_separations_rate,furniture,JTU320000000000000OSR
BLS JOLTS,jolts_other_separations_rate,misc_manufacturing,JTU320000000000000OSR
BLS JOLTS,jolts_other_separations_rate,food_beverage_tobacco,JTU340000000000000OSR
BLS JOLTS,jolts_other_separations_rate,textiles,JTU340000000000000OSR
BLS JOLTS,jolts_other_separations_rate,apparel_leather,JTU340000000000000OSR
BLS JOLTS,jolts_other_separations_rate,paper,JTU340000000000000OSR
BLS JOLTS,jolts_other_separations_rate,printing,JTU340000000000000OSR
BLS JOLTS,jolts_other_separations_rate,petroleum_coal,JTU340000000000000OSR
BLS JOLTS,jolts_other_separations_rate,chemicals,JTU340000000000000OSR
BLS JOLTS,jolts_other_separations_rate,plastics_rubber,JTU340000000000000OSR
BLS JOLTS,jolts_other_separations_rate,wholesale,JTU420000000000000OSR
BLS JOLTS,jolts_other_separations_rate,retail,JTU440000000000000OSR
BLS JOLTS,jolts_other_separations_rate,air_transport,JTU480099000000000OSR
BLS JOLTS,jolts_other_separations_rate,rail_transport,JTU480099000000000OSR
BLS JOLTS,jolts_other_separations_rate,water_transport,JTU480099000000000OSR
BLS JOLTS,jolts_other_separations_rate,truck_transport,JTU480099000000000OSR
BLS JOLTS,jolts_other_separations_rate,transit_ground,JTU480099000000000OSR
BLS JOLTS,jolts_other_separations_rate,pipeline,JTU480099000000000OSR
BLS JOLTS,jolts_other_separations_rate,other_transport_support,JTU480099000000000OSR
BLS JOLTS,jolts_other_separations_rate,warehousing,JTU480099000000000OSR
BLS JOLTS,jolts_other_separations_rate,information,JTU510000000000000OSR
BLS JOLTS,jolts_other_separations_rate,credit_intermediation,JTU520000000000000OSR
BLS JOLTS,jolts_other_separations_rate,securities,JTU520000000000000OSR
BLS JOLTS,jolts_other_separations_rate,insurance,JTU520000000000000OSR
BLS JOLTS,jolts_other_separations_rate,funds_trusts,JTU520000000000000OSR
BLS JOLTS,jolts_other_separations_rate,real_estate,JTU530000000000000OSR
BLS JOLTS,jolts_other_separations_rate,rental_leasing,JTU530000000000000OSR
BLS JOLTS,jolts_other_separations_rate,legal,JTU540099000000000OSR
BLS JOLTS,jolts_other_separations_rate,computer_systems,JTU540099000000000OSR
BLS JOLTS,jolts_other_separations_rate,misc_professional,JTU540099000000000OSR
BLS JOLTS,jolts_other_separations_rate,management_companies,JTU540099000000000OSR
BLS JOLTS,jolts_other_separations_rate,admin_support,JTU540099000000000OSR
BLS JOLTS,jolts_other_separations_rate,waste_remediation,JTU540099000000000OSR
BLS JOLTS,jolts_other_separations_rate,education,JTU610000000000000OSR
BLS JOLTS,jolts_other_separations_rate,ambulatory_health,JTU620000000000000OSR
BLS JOLTS,jolts_other_separations_rate,hospitals_nursing,JTU620000000000000OSR
BLS JOLTS,jolts_other_separations_rate,social_assistance,JTU620000000000000OSR
BLS JOLTS,jolts_other_separations_rate,performing_arts_museums,JTU710000000000000OSR
BLS JOLTS,jolts_other_separations_rate,amusement_recreation,JTU710000000000000OSR
BLS JOLTS,jolts_other_separations_rate,accommodation,JTU720000000000000OSR
BLS JOLTS,jolts_other_separations_rate,food_services,JTU720000000000000OSR
BLS JOLTS,jolts_other_separations_rate,other_services,JTU810000000000000OSR
BLS JOLTS,jolts_other_separations_level,oil_gas_extraction,JTU110099000000000OSL
BLS JOLTS,jolts_other_separations_level,mining_except_oil_gas,JTU110099000000000OSL
BLS JOLTS,jolts_other_separations_level,support_mining,JTU110099000000000OSL
BLS JOLTS,jolts_other_separations_level,utilities,JTU480099000000000OSL
BLS JOLTS,jolts_other_separations_level,construction,JTU230000000000000OSL
BLS JOLTS,jolts_other_separations_level,wood_products,JTU320000000000000OSL
BLS JOLTS,jolts_other_separations_level,nonmetallic_mineral,JTU320000000000000OSL
BLS JOLTS,jolts_other_separations_level,primary_metals,JTU320000000000000OSL
BLS JOLTS,jolts_other_separations_level,fabricated_metal,JTU320000000000000OSL
BLS JOLTS,jolts_other_separations_level,machinery,JTU320000000000000OSL
BLS JOLTS,jolts_other_separations_level,computer_electronic,JTU320000000000000OSL
BLS JOLTS,jolts_other_separations_level,electrical_equipment,JTU320000000000000OSL
BLS JOLTS,jolts_other_separations_level,motor_vehicles,JTU320000000000000OSL
BLS JOLTS,jolts_other_separations_level,other_transport_equipment,JTU320000000000000OSL
BLS JOLTS,jolts_other_separations_level,furniture,JTU320000000000000OSL
BLS JOLTS,jolts_other_separations_level,misc_manufacturing,JTU320000000000000OSL
BLS JOLTS,jolts_other_separations_level,food_beverage_tobacco,JTU340000000000000OSL
BLS JOLTS,jolts_other_separations_level,textiles,JTU340000000000000OSL
BLS JOLTS,jolts_other_separations_level,apparel_leather,JTU340000000000000OSL
BLS JOLTS,jolts_other_separations_level,paper,JTU340000000000000OSL
BLS JOLTS,jolts_other_separations_level,printing,JTU340000000000000OSL
BLS JOLTS,jolts_other_separations_level,petroleum_coal,JTU340000000000000OSL
BLS JOLTS,jolts_other_separations_level,chemicals,JTU340000000000000OSL
BLS JOLTS,jolts_other_separations_level,plastics_rubber,JTU340000000000000OSL
BLS JOLTS,jolts_other_separations_level,wholesale,JTU420000000000000OSL
BLS JOLTS,jolts_other_separations_level,retail,JTU440000000000000OSL
BLS JOLTS,jolts_other_separations_level,air_transport,JTU480099000000000OSL
BLS JOLTS,jolts_other_separations_level,rail_transport,JTU480099000000000OSL
BLS JOLTS,jolts_other_separations_level,water_transport,JTU480099000000000OSL
BLS JOLTS,jolts_other_separations_level,truck_transport,JTU480099000000000OSL
BLS JOLTS,jolts_other_separations_level,transit_ground,JTU480099000000000OSL
BLS JOLTS,jolts_other_separations_level,pipeline,JTU480099000000000OSL
BLS JOLTS,jolts_other_separations_level,other_transport_support,JTU480099000000000OSL
BLS JOLTS,jolts_other_separations_level,warehousing,JTU480099000000000OSL
BLS JOLTS,jolts_other_separations_level,information,JTU510000000000000OSL
BLS JOLTS,jolts_other_separations_level,credit_intermediation,JTU520000000000000OSL
BLS JOLTS,jolts_other_separations_level,securities,JTU520000000000000OSL
BLS JOLTS,jolts_other_separations_level,insurance,JTU520000000000000OSL
BLS JOLTS,jolts_other_separations_level,funds_trusts,JTU520000000000000OSL
BLS JOLTS,jolts_other_separations_level,real_estate,JTU530000000000000OSL
BLS JOLTS,jolts_other_separations_level,rental_leasing,JTU530000000000000OSL
BLS JOLTS,jolts_other_separations_level,legal,JTU540099000000000OSL
BLS JOLTS,jolts_other_separations_level,computer_systems,JTU540099000000000OSL
BLS JOLTS,jolts_other_separations_level,misc_professional,JTU540099000000000OSL
BLS JOLTS,jolts_other_separations_level,management_companies,JTU540099000000000OSL
BLS JOLTS,jolts_other_separations_level,admin_support,JTU540099000000000OSL
BLS JOLTS,jolts_other_separations_level,waste_remediation,JTU540099000000000OSL
BLS JOLTS,jolts_other_separations_level,education,JTU610000000000000OSL
BLS JOLTS,jolts_other_separations_level,ambulatory_health,JTU620000000000000OSL
BLS JOLTS,jolts_other_separations_level,hospitals_nursing,JTU620000000000000OSL
BLS JOLTS,jolts_other_separations_level,social_assistance,JTU620000000000000OSL
BLS JOLTS,jolts_other_separations_level,performing_arts_museums,JTU710000000000000OSL
BLS JOLTS,jolts_other_separations_level,amusement_recreation,JTU710000000000000OSL
BLS JOLTS,jolts_other_separations_level,accommodation,JTU720000000000000OSL
BLS JOLTS,jolts_other_separations_level,food_services,JTU720000000000000OSL
BLS JOLTS,jolts_other_separations_level,other_services,JTU810000000000000OSL
