quarter,qcew_employment,ces_proxy_employment,ces_to_qcew_ratio
2005Q1,87346.3333333,829333.333333,9.4947698625
2005Q2,87860.6666667,828033.333333,9.42439165042
2005Q3,88895.3333333,834800,9.39081916561
2005Q4,90732.6666667,844766.666667,9.31050191405
2006Q1,90816.3333333,853600,9.39919030718
2006Q2,91551.6666667,862666.666667,9.42273033442
2006Q3,92437,873933.333333,9.45436711851
2006Q4,93123.6666667,885300,9.50671329522
2007Q1,86887,888133.333333,10.221705587
2007Q2,89084.3333333,894766.666667,10.0440406656
2007Q3,89310,905300,10.136602844
2007Q4,90556.3333333,910100,10.0500977292
2008Q1,89095.3333333,914433.333333,10.2635379332
2008Q2,90172,921766.666667,10.2223158704
2008Q3,90540.6666667,919566.666667,10.156393812
2008Q4,91047.6666667,909133.333333,9.98524582362
2009Q1,87672.3333333,883866.666667,10.0814776231
2009Q2,86714.6666667,860966.666667,9.92873177932
2009Q3,85937.6666667,851733.333333,9.91105956643
2009Q4,86588.6666667,851866.666667,9.83808504577
2010Q1,86045,846400,9.83671334767
2010Q2,86371.6666667,850500,9.84697914054
2010Q3,86536.3333333,853433.333333,9.86213883186
2010Q4,86644,851333.333333,9.8256467076
2011Q1,85966.3333333,853733.333333,9.93101950764
2011Q2,86625.3333333,858433.333333,9.9097261771
2011Q3,86461,865066.666667,10.0052817648
2011Q4,87622.6666667,863200,9.85133222758
2012Q1,86298,860000,9.9654684929
2012Q2,88439.3333333,859666.666667,9.72041097852
2012Q3,87789.6666667,859966.666667,9.79576183985
2012Q4,87677.6666667,857500,9.78014165523
2013Q1,3097,857300,276.816273813
2013Q2,3602.33333333,863533.333333,239.714999537
2013Q3,3490.66666667,869000,248.949579832
2013Q4,4098.66666667,870166.666667,212.304814574
2014Q1,5414.66666667,871933.333333,161.031765575
2014Q2,5567.33333333,877666.666667,157.645790923
2014Q3,5733,889366.666667,155.131112274
2014Q4,5832.33333333,892600,153.043378865
2015Q1,6447.33333333,895400,138.879123152
2015Q2,6862,901500,131.375692218
2015Q3,7059.33333333,914066.666667,129.483426197
2015Q4,7567.66666667,920400,121.622693036
2016Q1,9452.33333333,917933.333333,97.1118242409
2016Q2,9802.33333333,924600,94.3244805659
2016Q3,10030.3333333,935533.333333,93.2704130803
2016Q4,10833.3333333,930233.333333,85.8676923077
2017Q1,12001,927733.333333,77.3046690554
2017Q2,12347,934200,75.6621041549
2017Q3,12631,947833.333333,75.0402449001
2017Q4,13510,943333.333333,69.8248211202
2018Q1,14176.3333333,945233.333333,66.6768557925
2018Q2,14474.3333333,949600,65.6057849527
2018Q3,14681.6666667,959766.666667,65.3717788625
2018Q4,15425.3333333,959633.333333,62.2115135275
2019Q1,16159,953033.333333,58.9784846422
2019Q2,16358.6666667,959400,58.6478115576
2019Q3,16585.3333333,970866.666667,58.5376637993
2019Q4,17226,965833.333333,56.0683462982
2020Q1,17821,959900,53.8634195612
2020Q2,17822.3333333,959133.333333,53.8163727159
2020Q3,18495,969633.333333,52.4267820132
2020Q4,19542.3333333,971000,49.6870042813
2021Q1,19997,970033.333333,48.5089430081
2021Q2,20631.3333333,983433.333333,47.6669790287
2021Q3,21630.6666667,1004400,46.4340750786
2021Q4,24079.6666667,1023466.66667,42.5033569125
2022Q1,25330.3333333,1019166.66667,40.2350278322
2022Q2,26469.6666667,1041666.66667,39.353221927
2022Q3,27188.6666667,1070633.33333,39.3779270775
2022Q4,28152.3333333,1081433.33333,38.4136306049
2023Q1,29067,1081200,37.1968211374
2023Q2,29708,1096066.66667,36.8946636147
2023Q3,30450.3333333,1111166.66667,36.4911166818
2023Q4,30422.3333333,1114900,36.647419111
2024Q1,30959.6666667,1100366.66667,35.541941666
2024Q2,30924.6666667,1107900,35.8257701511
2024Q3,31579,1124300,35.6027739954
2024Q4,32635.3333333,1125966.66667,34.5014605846
2025Q1,32958.3333333,1119533.33333,33.9681415929
2025Q2,33341.3333333,1132433.33333,33.9648484364
2025Q3,33603.3333333,1153666.66667,34.3319115167
2025Q4,34481.3333333,1160000,33.6413905108
