key,name,naics_codes
oil_gas_extraction,Oil and gas extraction,211
mining_except_oil_gas,"Mining, except oil and gas",212
support_mining,Support activities for mining,213
utilities,Utilities,22
construction,Construction,23
wood_products,Wood products,321
nonmetallic_mineral,Nonmetallic mineral products,327
primary_metals,Primary metals,331
fabricated_metal,Fabricated metal products,332
machinery,Machinery,333
computer_electronic,Computer and electronic products,334
electrical_equipment,"Electrical equipment, appliances, and components",335
motor_vehicles,"Motor vehicles, bodies and trailers, and parts","3361,3362,3363"
other_transport_equipment,Other transportation equipment,"3364,3365,3366,3369"
furniture,Furniture and related products,337
misc_manufacturing,Miscellaneous manufacturing,339
food_beverage_tobacco,Food and beverage and tobacco products,"311,312"
textiles,Textile mills and textile product mills,"313,314"
apparel_leather,Apparel and leather and allied products,"315,316"
paper,Paper products,322
printing,Printing and related support activities,323
petroleum_coal,Petroleum and coal products,324
chemicals,Chemical products,325
plastics_rubber,Plastics and rubber products,326
wholesale,Wholesale trade,42
retail,Retail trade,44-45
air_transport,Air transportation,481
rail_transport,Rail transportation,482
water_transport,Water transportation,483
truck_transport,Truck transportation,484
transit_ground,Transit and ground passenger transportation,485
pipeline,Pipeline transportation,486
other_transport_support,Other transportation and support activities,"487,488"
warehousing,Warehousing and storage,493
information,Information,51
credit_intermediation,"Federal Reserve banks, credit intermediation, and related activities","521,522"
securities,"Securities, commodity contracts, and investments",523
insurance,Insurance carriers and related activities,524
funds_trusts,"Funds, trusts, and other financial vehicles",525
real_estate,Real estate,531
rental_leasing,Rental and leasing services and lessors of intangible assets,"532,533"
legal,Legal services,5411
computer_systems,Computer systems design and related services,5415
misc_professional,"Miscellaneous professional, scientific, and technical services","5412,5413,5414,5416,5417,5418,5419"
management_companies,Management of companies and enterprises,55
admin_support,Administrative and support services,561
waste_remediation,Waste management and remediation services,562
education,Educational services,61
ambulatory_health,Ambulatory health care services,621
hospitals_nursing,"Hospitals, nursing and residential care facilities","622,623"
social_assistance,Social assistance,624
performing_arts_museums,"Performing arts, spectator sports, museums, and related activities","711,712"
amusement_recreation,"Amusements, gambling, and recreation industries",713
accommodation,Accommodation,721
food_services,Food services and drinking places,722
other_services,"Other services, except government",81
