quarter,qcew_employment,ces_rail_employment,ces_to_qcew_ratio
2005Q1,547,191433.333333,349.969530774
2005Q2,566.333333333,193700,342.024720424
2005Q3,556.333333333,193266.666667,347.393648892
2005Q4,476.666666667,192133.333333,403.076923077
2006Q1,426.666666667,189100,443.203125
2006Q2,418,192166.666667,459.728867624
2006Q3,492.666666667,193300,392.354533153
2006Q4,510,194966.666667,382.287581699
2007Q1,483,197100,408.074534161
2007Q2,576,198500,344.618055556
2007Q3,597.333333333,198500,332.310267857
2007Q4,579,196300,339.032815199
2008Q1,531,194366.666667,366.038920276
2008Q2,600,195733.333333,326.222222222
2008Q3,597,195766.666667,327.917364601
2008Q4,525,195600,372.571428571
2009Q1,616.666666667,191900,311.189189189
2009Q2,612,185133.333333,302.505446623
2009Q3,559,182066.666667,325.700655933
2009Q4,573,179200,312.739965096
2010Q1,547,177600,324.680073126
2010Q2,598.666666667,180900,302.171492205
2010Q3,601.666666667,185566.666667,308.421052632
2010Q4,588.666666667,188066.666667,319.479048698
2011Q1,656,188966.666667,288.058943089
2011Q2,660,193033.333333,292.474747475
2011Q3,663.333333333,194866.666667,293.768844221
2011Q4,712,194766.666667,273.548689139
2012Q1,599.333333333,193766.666667,323.303670745
2012Q2,591.333333333,196200,331.792559188
2012Q3,749,194966.666667,260.302625723
2012Q4,761,195266.666667,256.592203241
2013Q1,623.666666667,195266.666667,313.094601817
2013Q2,656.333333333,196666.666667,299.644489589
2013Q3,670.666666667,195200,291.053677932
2013Q4,699,195066.666667,279.065331426
2014Q1,616.666666667,194466.666667,315.351351351
2014Q2,626,198233.333333,316.666666667
2014Q3,788.666666667,201633.333333,255.663567202
2014Q4,912.333333333,204566.666667,224.223602484
2015Q1,711.666666667,207833.333333,292.037470726
2015Q2,733,208633.333333,284.62937699
2015Q3,773.666666667,203033.333333,262.429987075
2015Q4,760.666666667,195433.333333,256.923751096
2016Q1,560.666666667,184066.666667,328.299643282
2016Q2,597.333333333,182533.333333,305.580357143
2016Q3,577,184000,318.890814558
2016Q4,648.666666667,183933.333333,283.556012333
2017Q1,576.666666667,182866.666667,317.10982659
2017Q2,503.333333333,183466.666667,364.503311258
2017Q3,501.666666667,181400,361.594684385
2017Q4,503.333333333,179833.333333,357.284768212
2018Q1,499,178433.333333,357.581830327
2018Q2,499.666666667,181200,362.641761174
2018Q3,503,183033.333333,363.883366468
2018Q4,508,184100,362.401574803
2019Q1,436.666666667,181333.333333,415.267175573
2019Q2,396.333333333,177766.666667,448.528174937
2019Q3,391.666666667,172833.333333,441.276595745
2019Q4,414.666666667,165366.666667,398.794212219
2020Q1,411.666666667,158733.333333,385.587044534
2020Q2,390.666666667,149166.666667,381.825938567
2020Q3,417,146833.333333,352.118305356
2020Q4,416.333333333,146733.333333,352.441953563
2021Q1,403.333333333,145600,360.991735537
2021Q2,407,147133.333333,361.506961507
2021Q3,403.666666667,146333.333333,362.510322048
2021Q4,406.666666667,145733.333333,358.360655738
2022Q1,443.666666667,144800,326.371149512
2022Q2,463.666666667,146866.666667,316.75053918
2022Q3,460,147833.333333,321.376811594
2022Q4,514,150000,291.828793774
2023Q1,578.333333333,151566.666667,262.074927954
2023Q2,606.666666667,153833.333333,253.571428571
2023Q3,622,155033.333333,249.249732047
2023Q4,648.666666667,156100,240.647482014
2024Q1,586.666666667,157966.666667,269.261363636
2024Q2,594,157933.333333,265.881032548
2024Q3,612.333333333,156300,255.253130103
2024Q4,639.666666667,156200,244.189682126
2025Q1,653,155833.333333,238.64216437
2025Q2,670.333333333,155766.666667,232.371954252
2025Q3,692.666666667,154033.333333,222.377285852
2025Q4,690,152433.333333,220.917874396
